2026-06-01 15:52:55 [INFO] [장기점] 로그인 시도, 기관기호=14157000438, 타입=롱텀
2026-06-01 15:53:01 [INFO] 롱텀 공단 로그인 절차를 완료했습니다.
2026-06-01 15:57:53 [INFO] [양천점] 로그인 시도, 기관기호=11147000548, 타입=롱텀
2026-06-01 15:58:01 [INFO] 롱텀 공단 로그인 절차를 완료했습니다.
2026-06-01 15:58:10 [INFO] [양천점] 로그인 시도, 기관기호=11147000548, 타입=케어포
2026-06-01 15:58:15 [INFO] 케어포 로그인 필드 입력 및 버튼 클릭을 완료했습니다.
2026-06-01 16:08:15 [INFO] [분당3관] 로그인 시도, 기관기호=14161000224, 타입=케어포
2026-06-01 16:08:21 [INFO] 케어포 로그인 필드 입력 및 버튼 클릭을 완료했습니다.
2026-06-01 16:31:59 [INFO] [일산본점] 로그인 시도, 기관기호=14128001633, 타입=케어포
2026-06-01 16:32:04 [INFO] 케어포 로그인 필드 입력 및 버튼 클릭을 완료했습니다.
2026-06-01 17:41:31 [INFO] [양천점] 로그인 시도, 기관기호=11147000548, 타입=케어포
2026-06-01 17:41:36 [INFO] 케어포 로그인 필드 입력 및 버튼 클릭을 완료했습니다.
2026-06-01 17:41:40 [INFO] [양천점] 로그인 시도, 기관기호=11147000548, 타입=롱텀
2026-06-01 17:41:48 [INFO] 롱텀 공단 로그인 절차를 완료했습니다.
2026-06-01 17:42:11 [INFO] [양천점] 로그인 시도, 기관기호=11147000548, 타입=케어포
2026-06-01 17:42:16 [INFO] 케어포 로그인 필드 입력 및 버튼 클릭을 완료했습니다.
2026-06-01 17:42:42 [INFO] [양천점] 로그인 시도, 기관기호=11147000548, 타입=롱텀
2026-06-01 17:42:50 [INFO] 롱텀 공단 로그인 절차를 완료했습니다.
2026-06-01 17:43:11 [INFO] [일산본점] 로그인 시도, 기관기호=14128001633, 타입=케어포
2026-06-01 17:43:16 [INFO] 케어포 로그인 필드 입력 및 버튼 클릭을 완료했습니다.
2026-06-01 17:43:19 [INFO] [일산본점] 로그인 시도, 기관기호=14128001633, 타입=롱텀
2026-06-01 17:43:26 [INFO] 롱텀 공단 로그인 절차를 완료했습니다.
2026-06-02 08:54:10 [INFO] [탄현점] 로그인 시도, 기관기호=14128000972, 타입=케어포
2026-06-02 08:54:15 [INFO] 케어포 로그인 필드 입력 및 버튼 클릭을 완료했습니다.
2026-06-02 08:54:19 [INFO] [수원점] 로그인 시도, 기관기호=14111000765, 타입=케어포
2026-06-02 08:54:24 [INFO] 케어포 로그인 필드 입력 및 버튼 클릭을 완료했습니다.
2026-06-02 08:58:10 [INFO] [분당점] 로그인 시도, 기관기호=14161000183, 타입=케어포
2026-06-02 08:58:15 [INFO] 케어포 로그인 필드 입력 및 버튼 클릭을 완료했습니다.
2026-06-02 08:58:16 [INFO] [탄현점] 로그인 시도, 기관기호=14128000972, 타입=케어포
2026-06-02 08:58:31 [INFO] [탄현점] 로그인 시도, 기관기호=14128000972, 타입=케어포
2026-06-02 08:58:33 [INFO] [분당점] 로그인 시도, 기관기호=14161000183, 타입=케어포
2026-06-02 08:58:34 [INFO] 케어포 로그인 필드 입력 및 버튼 클릭을 완료했습니다.
2026-06-02 08:59:53 [INFO] [분당점] 로그인 시도, 기관기호=14161000183, 타입=케어포
2026-06-02 08:59:56 [INFO] 케어포 로그인 필드 입력 및 버튼 클릭을 완료했습니다.
2026-06-02 08:59:57 [INFO] [탄현점] 로그인 시도, 기관기호=14128000972, 타입=케어포
2026-06-02 09:00:00 [INFO] 케어포 로그인 필드 입력 및 버튼 클릭을 완료했습니다.
2026-06-02 09:01:17 [INFO] [분당점] 로그인 시도, 기관기호=14161000183, 타입=롱텀
2026-06-02 09:01:24 [INFO] 롱텀 공단 로그인 절차를 완료했습니다.
2026-06-02 09:01:27 [INFO] [분당점] 로그인 시도, 기관기호=14161000183, 타입=케어포
2026-06-02 09:01:31 [INFO] 케어포 로그인 필드 입력 및 버튼 클릭을 완료했습니다.
2026-06-02 09:22:53 [INFO] [DocumentTool] 문서 열기 시도: test.docx
2026-06-02 09:22:55 [INFO] [DocumentTool] 문서 생성 시도: test.docx
2026-06-02 09:23:00 [INFO] [DocumentTool] PDF 생성 완료: C:\workspace\MyTool\document\maked\test_filled.pdf
2026-06-02 09:23:02 [INFO] [DocumentTool] 문서 열기 완료: test.docx
2026-06-02 09:23:49 [INFO] [LoginTool] [분당점] 로그인 시도, 기관기호=14161000183, 타입=케어포
2026-06-02 09:23:52 [INFO] [LoginTool] 케어포 로그인 필드 입력 및 버튼 클릭을 완료했습니다.
2026-06-02 11:49:06 [INFO] [LoginTool] [분당점] 로그인 시도, 기관기호=14161000183, 타입=케어포
2026-06-02 11:49:09 [INFO] [LoginTool] 케어포 로그인 필드 입력 및 버튼 클릭을 완료했습니다.
2026-06-02 14:41:15 [INFO] [LoginTool] [화성점] 로그인 시도, 기관기호=14159000792, 타입=케어포
2026-06-02 14:41:19 [INFO] [LoginTool] 케어포 로그인 필드 입력 및 버튼 클릭을 완료했습니다.
2026-06-02 14:53:17 [INFO] [LoginTool] [양천점] 로그인 시도, 기관기호=11147000548, 타입=케어포
2026-06-02 14:53:20 [INFO] [LoginTool] 케어포 로그인 필드 입력 및 버튼 클릭을 완료했습니다.
2026-06-02 17:03:43 [INFO] [LoginTool] [양천점] 로그인 시도, 기관기호=11147000548, 타입=케어포
2026-06-02 17:03:46 [INFO] [LoginTool] 케어포 로그인 필드 입력 및 버튼 클릭을 완료했습니다.
2026-06-02 17:03:56 [INFO] [LoginTool] [일산본점] 로그인 시도, 기관기호=14128001633, 타입=케어포
2026-06-02 17:03:59 [INFO] [LoginTool] 케어포 로그인 필드 입력 및 버튼 클릭을 완료했습니다.
2026-06-02 17:49:08 [INFO] [DocumentTool] 문서 열기 시도: 표준근로계약서.docx
2026-06-02 17:50:15 [INFO] [DocumentTool] 문서 열기 완료: 표준근로계약서.docx
2026-06-02 17:50:17 [INFO] [DocumentTool] 문서 열기 시도: 표준근로계약서.docx
2026-06-02 17:52:48 [INFO] [DocumentTool] 문서 열기 완료: 표준근로계약서.docx
2026-06-02 17:54:00 [INFO] [DocumentTool] 문서 열기 시도: 표준근로계약서.docx
2026-06-02 17:54:17 [INFO] [DocumentTool] 문서 열기 완료: 표준근로계약서.docx
2026-06-04 08:59:01 [INFO] [LoginTool] [분당3관] 로그인 시도, 기관기호=14161000224, 타입=케어포
2026-06-04 08:59:06 [INFO] [LoginTool] 케어포 로그인 필드 입력 및 버튼 클릭을 완료했습니다.
2026-06-04 08:59:48 [INFO] [LoginTool] [분당3관] 로그인 시도, 기관기호=14161000224, 타입=케어포
2026-06-04 08:59:51 [INFO] [LoginTool] 케어포 로그인 필드 입력 및 버튼 클릭을 완료했습니다.
2026-06-04 09:00:48 [INFO] [LoginTool] [성남점] 로그인 시도, 기관기호=14113000834, 타입=케어포
2026-06-04 09:00:50 [INFO] [LoginTool] 케어포 로그인 필드 입력 및 버튼 클릭을 완료했습니다.
2026-06-04 09:01:56 [INFO] [LoginTool] [분당점] 로그인 시도, 기관기호=14161000183, 타입=케어포
2026-06-04 09:01:59 [INFO] [LoginTool] 케어포 로그인 필드 입력 및 버튼 클릭을 완료했습니다.
2026-06-04 09:04:29 [INFO] [LoginTool] [화성점] 로그인 시도, 기관기호=14159000792, 타입=케어포
2026-06-04 09:04:31 [INFO] [LoginTool] 케어포 로그인 필드 입력 및 버튼 클릭을 완료했습니다.
2026-06-04 09:06:06 [INFO] [LoginTool] [수원점] 로그인 시도, 기관기호=14111000765, 타입=케어포
2026-06-04 09:06:08 [INFO] [LoginTool] 케어포 로그인 필드 입력 및 버튼 클릭을 완료했습니다.
2026-06-04 09:09:19 [INFO] [LoginTool] [탄현점] 로그인 시도, 기관기호=14128000972, 타입=케어포
2026-06-04 09:09:22 [INFO] [LoginTool] 케어포 로그인 필드 입력 및 버튼 클릭을 완료했습니다.
2026-06-04 09:10:28 [INFO] [LoginTool] [양평점] 로그인 시도, 기관기호=14183000182, 타입=케어포
2026-06-04 09:10:30 [INFO] [LoginTool] 케어포 로그인 필드 입력 및 버튼 클릭을 완료했습니다.
2026-06-04 09:12:07 [INFO] [LoginTool] [아산점] 로그인 시도, 기관기호=14420000352, 타입=케어포
2026-06-04 09:12:10 [INFO] [LoginTool] 케어포 로그인 필드 입력 및 버튼 클릭을 완료했습니다.
2026-06-04 13:47:47 [INFO] [LoginTool] [일산본점] 로그인 시도, 기관기호=14128001633, 타입=케어포
2026-06-04 13:47:49 [INFO] [LoginTool] 케어포 로그인 필드 입력 및 버튼 클릭을 완료했습니다.
2026-06-04 14:05:39 [INFO] [LoginTool] [양천점] 로그인 시도, 기관기호=11147000548, 타입=케어포
2026-06-04 14:05:42 [INFO] [LoginTool] 케어포 로그인 필드 입력 및 버튼 클릭을 완료했습니다.
2026-06-04 14:06:09 [INFO] [LoginTool] [청운점] 로그인 시도, 기관기호=14183000214, 타입=케어포
2026-06-04 14:06:11 [INFO] [LoginTool] 케어포 로그인 필드 입력 및 버튼 클릭을 완료했습니다.
2026-06-04 14:11:42 [INFO] [LoginTool] [양평점] 로그인 시도, 기관기호=14183000182, 타입=케어포
2026-06-04 14:11:44 [INFO] [LoginTool] 케어포 로그인 필드 입력 및 버튼 클릭을 완료했습니다.
2026-06-04 14:12:37 [INFO] [LoginTool] [청운점] 로그인 시도, 기관기호=14183000214, 타입=케어포
2026-06-04 14:12:39 [INFO] [LoginTool] 케어포 로그인 필드 입력 및 버튼 클릭을 완료했습니다.
2026-06-04 15:22:51 [INFO] [LoginTool] [수원점] 로그인 시도, 기관기호=14111000765, 타입=케어포
2026-06-04 15:22:54 [INFO] [LoginTool] 케어포 로그인 필드 입력 및 버튼 클릭을 완료했습니다.
2026-06-04 16:22:10 [INFO] [LoginTool] [일산본점] 로그인 시도, 기관기호=14128001633, 타입=케어포
2026-06-04 16:22:12 [INFO] [LoginTool] 케어포 로그인 필드 입력 및 버튼 클릭을 완료했습니다.
2026-06-04 16:26:38 [INFO] [LoginTool] [수원점] 로그인 시도, 기관기호=14111000765, 타입=케어포
2026-06-04 16:26:40 [INFO] [LoginTool] 케어포 로그인 필드 입력 및 버튼 클릭을 완료했습니다.
2026-06-04 16:27:24 [INFO] [LoginTool] [분당점] 로그인 시도, 기관기호=14161000183, 타입=케어포
2026-06-04 16:27:28 [INFO] [LoginTool] 케어포 로그인 필드 입력 및 버튼 클릭을 완료했습니다.
2026-06-04 16:29:35 [INFO] [LoginTool] [양평점] 로그인 시도, 기관기호=14183000182, 타입=케어포
2026-06-04 16:29:38 [INFO] [LoginTool] 케어포 로그인 필드 입력 및 버튼 클릭을 완료했습니다.
2026-06-04 16:44:07 [INFO] [LoginTool] [분당3관] 로그인 시도, 기관기호=14161000224, 타입=케어포
2026-06-04 16:44:09 [INFO] [LoginTool] 케어포 로그인 필드 입력 및 버튼 클릭을 완료했습니다.
2026-06-04 16:51:36 [INFO] [LoginTool] [아산점] 로그인 시도, 기관기호=14420000352, 타입=케어포
2026-06-04 16:51:39 [INFO] [LoginTool] 케어포 로그인 필드 입력 및 버튼 클릭을 완료했습니다.
2026-06-04 17:01:59 [INFO] [LoginTool] [양평점] 로그인 시도, 기관기호=14183000182, 타입=케어포
2026-06-04 17:02:02 [INFO] [LoginTool] 케어포 로그인 필드 입력 및 버튼 클릭을 완료했습니다.
2026-06-04 17:04:06 [INFO] [LoginTool] [장기점] 로그인 시도, 기관기호=14157000438, 타입=케어포
2026-06-04 17:04:08 [INFO] [LoginTool] 케어포 로그인 필드 입력 및 버튼 클릭을 완료했습니다.
2026-06-05 06:05:17 [INFO] [LoginTool] [장기점] 로그인 시도, 기관기호=14157000438, 타입=케어포
2026-06-05 06:05:22 [INFO] [LoginTool] 케어포 로그인 필드 입력 및 버튼 클릭을 완료했습니다.
2026-06-05 06:07:39 [INFO] [LoginTool] [탄현점] 로그인 시도, 기관기호=14128000972, 타입=케어포
2026-06-05 06:07:42 [INFO] [LoginTool] 케어포 로그인 필드 입력 및 버튼 클릭을 완료했습니다.
2026-06-05 06:12:27 [INFO] [LoginTool] [청운점] 로그인 시도, 기관기호=14183000214, 타입=케어포
2026-06-05 06:12:30 [INFO] [LoginTool] 케어포 로그인 필드 입력 및 버튼 클릭을 완료했습니다.
2026-06-05 06:13:06 [INFO] [LoginTool] [천안점] 로그인 시도, 기관기호=14413000646, 타입=케어포
2026-06-05 06:13:08 [INFO] [LoginTool] 케어포 로그인 필드 입력 및 버튼 클릭을 완료했습니다.
2026-06-05 06:15:43 [INFO] [LoginTool] [성남점] 로그인 시도, 기관기호=14113000834, 타입=케어포
2026-06-05 06:15:46 [INFO] [LoginTool] 케어포 로그인 필드 입력 및 버튼 클릭을 완료했습니다.
2026-06-05 06:18:32 [INFO] [LoginTool] [양천점] 로그인 시도, 기관기호=11147000548, 타입=케어포
2026-06-05 06:18:35 [INFO] [LoginTool] 케어포 로그인 필드 입력 및 버튼 클릭을 완료했습니다.
2026-06-05 06:20:44 [INFO] [LoginTool] [화성점] 로그인 시도, 기관기호=14159000792, 타입=케어포
2026-06-05 06:20:46 [INFO] [LoginTool] 케어포 로그인 필드 입력 및 버튼 클릭을 완료했습니다.
2026-06-05 06:22:08 [INFO] [LoginTool] [운양점] 로그인 시도, 기관기호=14157000521, 타입=케어포
2026-06-05 06:22:10 [INFO] [LoginTool] 케어포 로그인 필드 입력 및 버튼 클릭을 완료했습니다.
2026-06-05 07:30:07 [INFO] [LoginTool] [장기점] 로그인 시도, 기관기호=14157000438, 타입=케어포
2026-06-05 07:30:10 [INFO] [LoginTool] 케어포 로그인 필드 입력 및 버튼 클릭을 완료했습니다.
2026-06-05 07:30:12 [INFO] [LoginTool] [장기점] 로그인 시도, 기관기호=14157000438, 타입=롱텀
2026-06-05 07:30:19 [INFO] [LoginTool] 롱텀 공단 로그인 절차를 완료했습니다.
2026-06-05 07:53:02 [INFO] [LoginTool] [수원점] 로그인 시도, 기관기호=14111000765, 타입=롱텀
2026-06-05 07:53:05 [ERROR] [LoginTool] Chrome 자동화 실패: Message: session not created: Chrome failed to start: crashed.
  (session not created: DevToolsActivePort file doesn't exist)
  (The process started from chrome location C:\Program Files\Google\Chrome\Application\chrome.exe is no longer running, so ChromeDriver is assuming that Chrome has crashed.); For documentation on this error, please visit: https://www.selenium.dev/documentation/webdriver/troubleshooting/errors#sessionnotcreatedexception
Stacktrace:
	chromedriver!GetHandleVerifier [0x7ff76f197de5+14895]
	chromedriver!GetHandleVerifier [0x7ff76f197e50+14900]
	chromedriver!(No symbol) [0x7ff76eefd5ad]
	chromedriver!(No symbol) [0x7ff76ef3f08b]
	chromedriver!(No symbol) [0x7ff76ef3a349]
	chromedriver!(No symbol) [0x7ff76ef8dd21]
	chromedriver!(No symbol) [0x7ff76ef8d586]
	chromedriver!(No symbol) [0x7ff76ef49df8]
	chromedriver!(No symbol) [0x7ff76ef4ace3]
	chromedriver!GetHandleVerifier [0x7ff76f4acc49+3296f9]
	chromedriver!GetHandleVerifier [0x7ff76f4a7375+323e25]
	chromedriver!GetHandleVerifier [0x7ff76f4cbc82+348732]
	chromedriver!GetHandleVerifier [0x7ff76f1b6045+32af5]
	chromedriver!GetHandleVerifier [0x7ff76f1becec+3b79c]
	chromedriver!GetHandleVerifier [0x7ff76f1a1bc4+1e674]
	chromedriver!GetHandleVerifier [0x7ff76f1a1d54+1e804]
	chromedriver!GetHandleVerifier [0x7ff76f1860e7+2b97]
	KERNEL32!BaseThreadInitThunk [0x7ff95d6de957+17]
	ntdll!RtlUserThreadStart [0x7ff95ede427c+2c]

2026-06-05 07:53:23 [INFO] [LoginTool] [수원점] 로그인 시도, 기관기호=14111000765, 타입=케어포
2026-06-05 07:53:26 [INFO] [LoginTool] 케어포 로그인 필드 입력 및 버튼 클릭을 완료했습니다.
2026-06-05 08:16:16 [INFO] [LoginTool] [일산본점] 로그인 시도, 기관기호=14128001633, 타입=케어포
2026-06-05 08:16:18 [INFO] [LoginTool] 케어포 로그인 필드 입력 및 버튼 클릭을 완료했습니다.
2026-06-05 08:18:28 [INFO] [LoginTool] [일산본점] 로그인 시도, 기관기호=14128001633, 타입=롱텀
2026-06-05 08:18:33 [INFO] [LoginTool] 롱텀 공단 로그인 절차를 완료했습니다.
2026-06-05 08:45:04 [INFO] [DocumentTool] 문서 열기 시도: 표준근로계약서.docx
2026-06-05 08:46:07 [INFO] [DocumentTool] 문서 열기 완료: 표준근로계약서.docx
2026-06-05 08:46:22 [INFO] [LoginTool] [일산본점] 로그인 시도, 기관기호=14128001633, 타입=롱텀
2026-06-05 08:46:28 [INFO] [LoginTool] 롱텀 공단 로그인 절차를 완료했습니다.
2026-06-05 10:28:38 [INFO] [LoginTool] [일산본점] 로그인 시도, 기관기호=14128001633, 타입=케어포
2026-06-05 10:28:42 [INFO] [LoginTool] 케어포 로그인 필드 입력 및 버튼 클릭을 완료했습니다.
2026-06-05 10:32:57 [INFO] [LoginTool] [청운점] 로그인 시도, 기관기호=14183000214, 타입=케어포
2026-06-05 10:32:59 [INFO] [LoginTool] 케어포 로그인 필드 입력 및 버튼 클릭을 완료했습니다.
2026-06-05 10:33:59 [INFO] [LoginTool] [일산본점] 로그인 시도, 기관기호=14128001633, 타입=케어포
2026-06-05 10:34:01 [INFO] [LoginTool] 케어포 로그인 필드 입력 및 버튼 클릭을 완료했습니다.
2026-06-05 10:36:06 [INFO] [LoginTool] [일산본점] 로그인 시도, 기관기호=14128001633, 타입=롱텀
2026-06-05 10:36:11 [INFO] [LoginTool] 롱텀 공단 로그인 절차를 완료했습니다.
2026-06-05 10:44:26 [INFO] [LoginTool] [분당점] 로그인 시도, 기관기호=14161000183, 타입=롱텀
2026-06-05 10:44:30 [ERROR] [LoginTool] Chrome 자동화 실패: Message: session not created: Chrome failed to start: crashed.
  (session not created: DevToolsActivePort file doesn't exist)
  (The process started from chrome location C:\Program Files\Google\Chrome\Application\chrome.exe is no longer running, so ChromeDriver is assuming that Chrome has crashed.); For documentation on this error, please visit: https://www.selenium.dev/documentation/webdriver/troubleshooting/errors#sessionnotcreatedexception
Stacktrace:
	chromedriver!GetHandleVerifier [0x7ff76f197de5+14895]
	chromedriver!GetHandleVerifier [0x7ff76f197e50+14900]
	chromedriver!(No symbol) [0x7ff76eefd5ad]
	chromedriver!(No symbol) [0x7ff76ef3f08b]
	chromedriver!(No symbol) [0x7ff76ef3a349]
	chromedriver!(No symbol) [0x7ff76ef8dd21]
	chromedriver!(No symbol) [0x7ff76ef8d586]
	chromedriver!(No symbol) [0x7ff76ef49df8]
	chromedriver!(No symbol) [0x7ff76ef4ace3]
	chromedriver!GetHandleVerifier [0x7ff76f4acc49+3296f9]
	chromedriver!GetHandleVerifier [0x7ff76f4a7375+323e25]
	chromedriver!GetHandleVerifier [0x7ff76f4cbc82+348732]
	chromedriver!GetHandleVerifier [0x7ff76f1b6045+32af5]
	chromedriver!GetHandleVerifier [0x7ff76f1becec+3b79c]
	chromedriver!GetHandleVerifier [0x7ff76f1a1bc4+1e674]
	chromedriver!GetHandleVerifier [0x7ff76f1a1d54+1e804]
	chromedriver!GetHandleVerifier [0x7ff76f1860e7+2b97]
	KERNEL32!BaseThreadInitThunk [0x7ff95d6de957+17]
	ntdll!RtlUserThreadStart [0x7ff95ede427c+2c]

2026-06-05 10:44:36 [INFO] [LoginTool] [분당점] 로그인 시도, 기관기호=14161000183, 타입=롱텀
2026-06-05 10:44:42 [INFO] [LoginTool] 롱텀 공단 로그인 절차를 완료했습니다.
2026-06-05 11:02:07 [INFO] [LoginTool] [탄현점] 로그인 시도, 기관기호=14128000972, 타입=롱텀
2026-06-05 11:02:14 [INFO] [LoginTool] 롱텀 공단 로그인 절차를 완료했습니다.
2026-06-05 11:05:28 [INFO] [LoginTool] [분당3관] 로그인 시도, 기관기호=14161000224, 타입=롱텀
2026-06-05 11:05:33 [INFO] [LoginTool] 롱텀 공단 로그인 절차를 완료했습니다.
2026-06-05 11:16:21 [INFO] [LoginTool] [성남점] 로그인 시도, 기관기호=14113000834, 타입=롱텀
2026-06-05 11:16:27 [INFO] [LoginTool] 롱텀 공단 로그인 절차를 완료했습니다.
2026-06-05 11:24:28 [INFO] [LoginTool] [성남점] 로그인 시도, 기관기호=14113000834, 타입=케어포
2026-06-05 11:24:31 [INFO] [LoginTool] 케어포 로그인 필드 입력 및 버튼 클릭을 완료했습니다.
2026-06-05 11:34:56 [INFO] [LoginTool] [운양점] 로그인 시도, 기관기호=14157000521, 타입=케어포
2026-06-05 11:34:59 [INFO] [LoginTool] 케어포 로그인 필드 입력 및 버튼 클릭을 완료했습니다.
2026-06-05 11:53:19 [INFO] [LoginTool] [장기점] 로그인 시도, 기관기호=14157000438, 타입=케어포
2026-06-05 11:53:22 [INFO] [LoginTool] 케어포 로그인 필드 입력 및 버튼 클릭을 완료했습니다.
2026-06-05 11:53:27 [INFO] [LoginTool] [장기점] 로그인 시도, 기관기호=14157000438, 타입=롱텀
2026-06-05 11:53:34 [INFO] [LoginTool] 롱텀 공단 로그인 절차를 완료했습니다.
2026-06-05 13:26:01 [INFO] [LoginTool] [양평점] 로그인 시도, 기관기호=14183000182, 타입=롱텀
2026-06-05 13:26:06 [INFO] [LoginTool] 롱텀 공단 로그인 절차를 완료했습니다.
2026-06-05 13:36:04 [INFO] [LoginTool] [수원점] 로그인 시도, 기관기호=14111000765, 타입=롱텀
2026-06-05 13:36:09 [INFO] [LoginTool] 롱텀 공단 로그인 절차를 완료했습니다.
2026-06-05 13:39:11 [INFO] [LoginTool] [청운점] 로그인 시도, 기관기호=14183000214, 타입=롱텀
2026-06-05 13:39:45 [ERROR] [LoginTool] 페이지 로딩 또는 입력 필드 활성화에 실패했습니다.
2026-06-05 13:45:15 [INFO] [LoginTool] [청운점] 로그인 시도, 기관기호=14183000214, 타입=롱텀
2026-06-05 13:45:36 [ERROR] [LoginTool] Chrome 자동화 실패: Message: invalid session id: session deleted as the browser has closed the connection
from disconnected: not connected to DevTools
  (Session info: chrome=148.0.7778.217); For documentation on this error, please visit: https://www.selenium.dev/documentation/webdriver/troubleshooting/errors#invalidsessionidexception
Stacktrace:
	chromedriver!GetHandleVerifier [0x7ff76f197de5+14895]
	chromedriver!GetHandleVerifier [0x7ff76f197e50+14900]
	chromedriver!(No symbol) [0x7ff76eefd5ad]
	chromedriver!(No symbol) [0x7ff76eee8a92]
	chromedriver!(No symbol) [0x7ff76ef0ee6c]
	chromedriver!(No symbol) [0x7ff76ef871b0]
	chromedriver!(No symbol) [0x7ff76efa4172]
	chromedriver!(No symbol) [0x7ff76ef49df8]
	chromedriver!(No symbol) [0x7ff76ef4ace3]
	chromedriver!GetHandleVerifier [0x7ff76f4acc49+3296f9]
	chromedriver!GetHandleVerifier [0x7ff76f4a7375+323e25]
	chromedriver!GetHandleVerifier [0x7ff76f4cbc82+348732]
	chromedriver!GetHandleVerifier [0x7ff76f1b6045+32af5]
	chromedriver!GetHandleVerifier [0x7ff76f1becec+3b79c]
	chromedriver!GetHandleVerifier [0x7ff76f1a1bc4+1e674]
	chromedriver!GetHandleVerifier [0x7ff76f1a1d54+1e804]
	chromedriver!GetHandleVerifier [0x7ff76f1860e7+2b97]
	KERNEL32!BaseThreadInitThunk [0x7ff95d6de957+17]
	ntdll!RtlUserThreadStart [0x7ff95ede427c+2c]

2026-06-05 13:55:57 [INFO] [LoginTool] [청운점] 로그인 시도, 기관기호=14183000214, 타입=롱텀
2026-06-05 13:56:02 [INFO] [LoginTool] 롱텀 공단 로그인 절차를 완료했습니다.
2026-06-05 13:58:14 [INFO] [LoginTool] [청운점] 로그인 시도, 기관기호=14183000214, 타입=케어포
2026-06-05 13:58:17 [INFO] [LoginTool] 케어포 로그인 필드 입력 및 버튼 클릭을 완료했습니다.
2026-06-05 14:05:18 [INFO] [LoginTool] [일산본점] 로그인 시도, 기관기호=14128001633, 타입=케어포
2026-06-05 14:05:20 [INFO] [LoginTool] 케어포 로그인 필드 입력 및 버튼 클릭을 완료했습니다.
2026-06-05 14:07:27 [INFO] [LoginTool] [천안점] 로그인 시도, 기관기호=14413000646, 타입=케어포
2026-06-05 14:07:30 [INFO] [LoginTool] 케어포 로그인 필드 입력 및 버튼 클릭을 완료했습니다.
2026-06-05 14:08:00 [INFO] [LoginTool] [천안점] 로그인 시도, 기관기호=14413000646, 타입=롱텀
2026-06-05 14:08:05 [INFO] [LoginTool] 롱텀 공단 로그인 절차를 완료했습니다.
2026-06-05 14:22:23 [INFO] [LoginTool] [아산점] 로그인 시도, 기관기호=14420000352, 타입=롱텀
2026-06-05 14:22:28 [INFO] [LoginTool] 롱텀 공단 로그인 절차를 완료했습니다.
2026-06-05 14:24:42 [INFO] [LoginTool] [아산점] 로그인 시도, 기관기호=14420000352, 타입=케어포
2026-06-05 14:24:44 [INFO] [LoginTool] 케어포 로그인 필드 입력 및 버튼 클릭을 완료했습니다.
2026-06-05 14:33:18 [INFO] [LoginTool] [탄현점] 로그인 시도, 기관기호=14128000972, 타입=케어포
2026-06-05 14:33:21 [INFO] [LoginTool] 케어포 로그인 필드 입력 및 버튼 클릭을 완료했습니다.
2026-06-05 16:00:27 [INFO] [LoginTool] [분당3관] 로그인 시도, 기관기호=14161000224, 타입=롱텀
2026-06-05 16:00:33 [INFO] [LoginTool] 롱텀 공단 로그인 절차를 완료했습니다.
2026-06-05 16:13:36 [INFO] [LoginTool] [양평점] 로그인 시도, 기관기호=14183000182, 타입=롱텀
2026-06-05 16:13:41 [INFO] [LoginTool] 롱텀 공단 로그인 절차를 완료했습니다.
2026-06-05 16:19:11 [INFO] [LoginTool] [양천점] 로그인 시도, 기관기호=11147000548, 타입=롱텀
2026-06-05 16:19:16 [INFO] [LoginTool] 롱텀 공단 로그인 절차를 완료했습니다.
2026-06-05 16:20:02 [INFO] [LoginTool] [양천점] 로그인 시도, 기관기호=11147000548, 타입=케어포
2026-06-05 16:20:05 [INFO] [LoginTool] 케어포 로그인 필드 입력 및 버튼 클릭을 완료했습니다.
2026-06-05 16:56:17 [INFO] [LoginTool] [장기점] 로그인 시도, 기관기호=14157000438, 타입=롱텀
2026-06-05 16:56:22 [INFO] [LoginTool] 롱텀 공단 로그인 절차를 완료했습니다.
2026-06-05 17:01:16 [INFO] [LoginTool] [장기점] 로그인 시도, 기관기호=14157000438, 타입=롱텀
2026-06-05 17:01:21 [INFO] [LoginTool] 롱텀 공단 로그인 절차를 완료했습니다.
2026-06-05 17:01:33 [INFO] [LoginTool] [양천점] 로그인 시도, 기관기호=11147000548, 타입=롱텀
2026-06-05 17:01:38 [INFO] [LoginTool] 롱텀 공단 로그인 절차를 완료했습니다.
2026-06-05 17:02:09 [INFO] [LoginTool] [양천점] 로그인 시도, 기관기호=11147000548, 타입=케어포
2026-06-05 17:02:12 [INFO] [LoginTool] 케어포 로그인 필드 입력 및 버튼 클릭을 완료했습니다.
2026-06-05 17:14:14 [INFO] [LoginTool] [양천점] 로그인 시도, 기관기호=11147000548, 타입=케어포
2026-06-05 17:14:17 [INFO] [LoginTool] 케어포 로그인 필드 입력 및 버튼 클릭을 완료했습니다.
2026-06-05 17:15:33 [INFO] [LoginTool] [운양점] 로그인 시도, 기관기호=14157000521, 타입=롱텀
2026-06-05 17:15:38 [INFO] [LoginTool] 롱텀 공단 로그인 절차를 완료했습니다.
2026-06-05 17:17:01 [INFO] [LoginTool] [운양점] 로그인 시도, 기관기호=14157000521, 타입=케어포
2026-06-05 17:17:04 [INFO] [LoginTool] 케어포 로그인 필드 입력 및 버튼 클릭을 완료했습니다.
2026-06-05 17:33:40 [INFO] [LoginTool] [장기점] 로그인 시도, 기관기호=14157000438, 타입=롱텀
2026-06-05 17:33:45 [INFO] [LoginTool] 롱텀 공단 로그인 절차를 완료했습니다.
2026-06-05 17:34:42 [INFO] [LoginTool] [장기점] 로그인 시도, 기관기호=14157000438, 타입=케어포
2026-06-05 17:34:45 [INFO] [LoginTool] 케어포 로그인 필드 입력 및 버튼 클릭을 완료했습니다.
2026-06-05 17:52:39 [INFO] [LoginTool] [화성점] 로그인 시도, 기관기호=14159000792, 타입=케어포
2026-06-05 17:52:41 [INFO] [LoginTool] 케어포 로그인 필드 입력 및 버튼 클릭을 완료했습니다.
2026-06-05 17:52:44 [INFO] [LoginTool] [화성점] 로그인 시도, 기관기호=14159000792, 타입=롱텀
2026-06-05 17:52:50 [INFO] [LoginTool] 롱텀 공단 로그인 절차를 완료했습니다.
2026-06-05 17:58:39 [INFO] [LoginTool] [일산본점] 로그인 시도, 기관기호=14128001633, 타입=케어포
2026-06-05 17:58:42 [INFO] [LoginTool] 케어포 로그인 필드 입력 및 버튼 클릭을 완료했습니다.
2026-06-05 17:59:38 [INFO] [LoginTool] [장기점] 로그인 시도, 기관기호=14157000438, 타입=케어포
2026-06-05 17:59:41 [INFO] [LoginTool] 케어포 로그인 필드 입력 및 버튼 클릭을 완료했습니다.
2026-06-08 08:19:24 [INFO] [LoginTool] [수원점] 로그인 시도, 기관기호=14111000765, 타입=롱텀
2026-06-08 08:19:45 [INFO] [LoginTool] 롱텀 공단 로그인 절차를 완료했습니다.
2026-06-08 08:21:33 [INFO] [LoginTool] [수원점] 로그인 시도, 기관기호=14111000765, 타입=케어포
2026-06-08 08:21:42 [INFO] [LoginTool] 케어포 로그인 필드 입력 및 버튼 클릭을 완료했습니다.
2026-06-08 08:31:50 [INFO] [LoginTool] [일산본점] 로그인 시도, 기관기호=14128001633, 타입=롱텀
2026-06-08 08:31:56 [INFO] [LoginTool] 롱텀 공단 로그인 절차를 완료했습니다.
2026-06-08 08:35:32 [INFO] [LoginTool] [일산본점] 로그인 시도, 기관기호=14128001633, 타입=케어포
2026-06-08 08:35:36 [INFO] [LoginTool] 케어포 로그인 필드 입력 및 버튼 클릭을 완료했습니다.
2026-06-08 09:05:52 [INFO] [LoginTool] [분당점] 로그인 시도, 기관기호=14161000183, 타입=롱텀
2026-06-08 09:05:58 [INFO] [LoginTool] 롱텀 공단 로그인 절차를 완료했습니다.
2026-06-08 09:31:24 [INFO] [LoginTool] [아산점] 로그인 시도, 기관기호=14420000352, 타입=케어포
2026-06-08 09:31:28 [INFO] [LoginTool] 케어포 로그인 필드 입력 및 버튼 클릭을 완료했습니다.
2026-06-08 09:35:42 [INFO] [LoginTool] [일산본점] 로그인 시도, 기관기호=14128001633, 타입=롱텀
2026-06-08 09:35:48 [INFO] [LoginTool] 롱텀 공단 로그인 절차를 완료했습니다.
2026-06-08 09:36:25 [INFO] [LoginTool] [일산본점] 로그인 시도, 기관기호=14128001633, 타입=케어포
2026-06-08 09:36:29 [INFO] [LoginTool] 케어포 로그인 필드 입력 및 버튼 클릭을 완료했습니다.
2026-06-08 10:27:23 [INFO] [LoginTool] [운양점] 로그인 시도, 기관기호=14157000521, 타입=케어포
2026-06-08 10:27:26 [INFO] [LoginTool] 케어포 로그인 필드 입력 및 버튼 클릭을 완료했습니다.
2026-06-08 10:27:31 [INFO] [LoginTool] [운양점] 로그인 시도, 기관기호=14157000521, 타입=롱텀
2026-06-08 10:27:37 [INFO] [LoginTool] 롱텀 공단 로그인 절차를 완료했습니다.
2026-06-08 10:33:45 [INFO] [LoginTool] [화성점] 로그인 시도, 기관기호=14159000792, 타입=롱텀
2026-06-08 10:33:51 [INFO] [LoginTool] 롱텀 공단 로그인 절차를 완료했습니다.
2026-06-08 10:34:21 [INFO] [LoginTool] [분당3관] 로그인 시도, 기관기호=14161000224, 타입=롱텀
2026-06-08 10:34:27 [INFO] [LoginTool] 롱텀 공단 로그인 절차를 완료했습니다.
2026-06-08 10:35:10 [INFO] [LoginTool] [양평점] 로그인 시도, 기관기호=14183000182, 타입=롱텀
2026-06-08 10:35:16 [INFO] [LoginTool] 롱텀 공단 로그인 절차를 완료했습니다.
2026-06-08 10:39:06 [INFO] [LoginTool] [청운점] 로그인 시도, 기관기호=14183000214, 타입=롱텀
2026-06-08 10:39:12 [INFO] [LoginTool] 롱텀 공단 로그인 절차를 완료했습니다.
2026-06-08 10:43:49 [INFO] [LoginTool] [장기점] 로그인 시도, 기관기호=14157000438, 타입=롱텀
2026-06-08 10:43:55 [INFO] [LoginTool] 롱텀 공단 로그인 절차를 완료했습니다.
2026-06-08 10:47:22 [INFO] [LoginTool] [장기점] 로그인 시도, 기관기호=14157000438, 타입=케어포
2026-06-08 10:47:25 [INFO] [LoginTool] 케어포 로그인 필드 입력 및 버튼 클릭을 완료했습니다.
2026-06-08 10:50:27 [INFO] [LoginTool] [천안점] 로그인 시도, 기관기호=14413000646, 타입=케어포
2026-06-08 10:50:29 [INFO] [LoginTool] 케어포 로그인 필드 입력 및 버튼 클릭을 완료했습니다.
2026-06-08 10:50:32 [INFO] [LoginTool] [천안점] 로그인 시도, 기관기호=14413000646, 타입=롱텀
2026-06-08 10:50:38 [INFO] [LoginTool] 롱텀 공단 로그인 절차를 완료했습니다.
2026-06-08 10:51:29 [INFO] [LoginTool] [아산점] 로그인 시도, 기관기호=14420000352, 타입=롱텀
2026-06-08 10:51:34 [INFO] [LoginTool] 롱텀 공단 로그인 절차를 완료했습니다.
2026-06-08 10:52:43 [INFO] [LoginTool] [성남점] 로그인 시도, 기관기호=14113000834, 타입=롱텀
2026-06-08 10:52:48 [INFO] [LoginTool] 롱텀 공단 로그인 절차를 완료했습니다.
2026-06-08 10:55:38 [INFO] [LoginTool] [양천점] 로그인 시도, 기관기호=11147000548, 타입=롱텀
2026-06-08 10:55:43 [INFO] [LoginTool] 롱텀 공단 로그인 절차를 완료했습니다.
2026-06-08 10:56:54 [INFO] [LoginTool] [수원점] 로그인 시도, 기관기호=14111000765, 타입=롱텀
2026-06-08 10:56:59 [INFO] [LoginTool] 롱텀 공단 로그인 절차를 완료했습니다.
2026-06-08 10:59:28 [INFO] [LoginTool] [수원점] 로그인 시도, 기관기호=14111000765, 타입=케어포
2026-06-08 10:59:30 [INFO] [LoginTool] 케어포 로그인 필드 입력 및 버튼 클릭을 완료했습니다.
2026-06-08 11:01:27 [INFO] [LoginTool] [운양점] 로그인 시도, 기관기호=14157000521, 타입=롱텀
2026-06-08 11:01:32 [INFO] [LoginTool] 롱텀 공단 로그인 절차를 완료했습니다.
2026-06-08 11:02:01 [INFO] [LoginTool] [분당점] 로그인 시도, 기관기호=14161000183, 타입=롱텀
2026-06-08 11:02:07 [INFO] [LoginTool] 롱텀 공단 로그인 절차를 완료했습니다.
2026-06-08 11:03:51 [INFO] [FederationTool] [천안점] 공단툴 지점 버튼 클릭, 롱텀 로그인 시작
2026-06-08 11:03:56 [INFO] [FederationTool] 롱텀 공단 로그인 절차를 완료했습니다.
2026-06-08 11:06:56 [INFO] [FederationTool] [운양점] 공단툴 지점 버튼 클릭, 롱텀 로그인 시작
2026-06-08 11:07:02 [INFO] [FederationTool] 롱텀 공단 로그인 절차를 완료했습니다.
2026-06-08 11:07:21 [INFO] [FederationTool] [화성점] 공단툴 지점 버튼 클릭, 롱텀 로그인 시작
2026-06-08 11:07:27 [INFO] [FederationTool] 롱텀 공단 로그인 절차를 완료했습니다.
2026-06-08 11:07:45 [INFO] [FederationTool] [아산점] 공단툴 지점 버튼 클릭, 롱텀 로그인 시작
2026-06-08 11:07:50 [INFO] [FederationTool] 롱텀 공단 로그인 절차를 완료했습니다.
2026-06-08 11:36:52 [INFO] [FederationTool] [화성점] 공단툴 지점 버튼 클릭, 롱텀 로그인 시작
2026-06-08 11:38:54 [INFO] [FederationTool] [화성점] 공단툴 지점 버튼 클릭, 롱텀 로그인 시작
2026-06-08 11:43:10 [INFO] [FederationTool] [화성점] 공단툴 지점 버튼 클릭, 롱텀 로그인 시작
2026-06-08 11:45:09 [INFO] [FederationTool] [화성점] 공단툴 지점 버튼 클릭, 롱텀 로그인 시작
2026-06-08 11:47:49 [INFO] [LoginTool] [장기점] 로그인 시도, 기관기호=14157000438, 타입=롱텀
2026-06-08 11:47:52 [ERROR] [LoginTool] Chrome 자동화 실패: Message: no such window: target window already closed
from unknown error: web view not found
  (Session info: chrome=148.0.7778.217)
Stacktrace:
	chromedriver!GetHandleVerifier [0xadb593+105d3]
	chromedriver!GetHandleVerifier [0xadb6c4+10704]
	chromedriver!(No symbol) [0x8e1ea0]
	chromedriver!(No symbol) [0x8c0933]
	chromedriver!(No symbol) [0x953aeb]
	chromedriver!(No symbol) [0x903d7e]
	chromedriver!(No symbol) [0x94d516]
	chromedriver!(No symbol) [0x9208e9]
	chromedriver!(No symbol) [0x9216a4]
	chromedriver!GetHandleVerifier [0xd63014+298054]
	chromedriver!GetHandleVerifier [0xd5e603+293643]
	chromedriver!GetHandleVerifier [0xd7ea05+2b3a45]
	chromedriver!GetHandleVerifier [0xaf54e8+2a528]
	chromedriver!GetHandleVerifier [0xafcd1d+31d5d]
	chromedriver!GetHandleVerifier [0xae3e68+18ea8]
	chromedriver!GetHandleVerifier [0xae4015+19055]
	chromedriver!GetHandleVerifier [0xacd65f+269f]
	KERNEL32!BaseThreadInitThunk [0x75445d49+19]
	ntdll!RtlInitializeExceptionChain [0x7775d83b+6b]
	ntdll!RtlGetAppContainerNamedObjectPath [0x7775d7c1+231]

2026-06-08 11:47:54 [INFO] [LoginTool] [장기점] 로그인 시도, 기관기호=14157000438, 타입=케어포
2026-06-08 11:47:56 [INFO] [LoginTool] 케어포 로그인 필드 입력 및 버튼 클릭을 완료했습니다.
2026-06-08 11:48:35 [INFO] [FederationTool] [화성점] 공단툴 지점 버튼 클릭, 롱텀 로그인 시작
2026-06-08 11:51:52 [INFO] [FederationTool] [화성점] 공단툴 지점 버튼 클릭, 롱텀 로그인 시작
2026-06-08 11:53:35 [INFO] [FederationTool] [화성점] 공단툴 지점 버튼 클릭, 롱텀 로그인 시작
2026-06-08 11:54:42 [INFO] [FederationTool] [화성점] 공단툴 지점 버튼 클릭, 롱텀 로그인 시작
2026-06-08 11:55:08 [INFO] [LoginTool] [일산본점] 로그인 시도, 기관기호=14128001633, 타입=롱텀
2026-06-08 11:55:14 [INFO] [LoginTool] 롱텀 공단 로그인 절차를 완료했습니다.
2026-06-08 11:59:40 [INFO] [LoginTool] [청운점] 로그인 시도, 기관기호=14183000214, 타입=롱텀
2026-06-08 11:59:46 [INFO] [LoginTool] 롱텀 공단 로그인 절차를 완료했습니다.
2026-06-08 12:59:16 [INFO] [LoginTool] [수원점] 로그인 시도, 기관기호=14111000765, 타입=롱텀
2026-06-08 12:59:21 [INFO] [LoginTool] 롱텀 공단 로그인 절차를 완료했습니다.
2026-06-08 13:30:27 [INFO] [LoginTool] [운양점] 로그인 시도, 기관기호=14157000521, 타입=롱텀
2026-06-08 13:30:32 [INFO] [LoginTool] 롱텀 공단 로그인 절차를 완료했습니다.
2026-06-08 14:09:36 [INFO] [LoginTool] [양천점] 로그인 시도, 기관기호=11147000548, 타입=롱텀
2026-06-08 14:09:41 [INFO] [LoginTool] 롱텀 공단 로그인 절차를 완료했습니다.
2026-06-08 14:21:29 [INFO] [LoginTool] [성남점] 로그인 시도, 기관기호=14113000834, 타입=롱텀
2026-06-08 14:21:34 [INFO] [LoginTool] 롱텀 공단 로그인 절차를 완료했습니다.
2026-06-08 14:39:05 [INFO] [LoginTool] [아산점] 로그인 시도, 기관기호=14420000352, 타입=롱텀
2026-06-08 14:39:11 [INFO] [LoginTool] 롱텀 공단 로그인 절차를 완료했습니다.
2026-06-08 14:56:57 [INFO] [LoginTool] [성남점] 로그인 시도, 기관기호=14113000834, 타입=롱텀
2026-06-08 14:57:02 [INFO] [LoginTool] 롱텀 공단 로그인 절차를 완료했습니다.
2026-06-08 15:09:52 [INFO] [LoginTool] [아산점] 로그인 시도, 기관기호=14420000352, 타입=롱텀
2026-06-08 15:09:57 [INFO] [LoginTool] 롱텀 공단 로그인 절차를 완료했습니다.
2026-06-08 15:14:26 [INFO] [LoginTool] [성남점] 로그인 시도, 기관기호=14113000834, 타입=롱텀
2026-06-08 15:14:31 [INFO] [LoginTool] 롱텀 공단 로그인 절차를 완료했습니다.
2026-06-08 15:51:26 [INFO] [LoginTool] [일산본점] 로그인 시도, 기관기호=14128001633, 타입=케어포
2026-06-08 15:51:28 [INFO] [LoginTool] 케어포 로그인 필드 입력 및 버튼 클릭을 완료했습니다.
2026-06-08 16:02:45 [INFO] [LoginTool] [천안점] 로그인 시도, 기관기호=14413000646, 타입=롱텀
2026-06-08 16:02:51 [INFO] [LoginTool] 롱텀 공단 로그인 절차를 완료했습니다.
2026-06-08 16:11:13 [INFO] [LoginTool] [청운점] 로그인 시도, 기관기호=14183000214, 타입=케어포
2026-06-08 16:11:16 [INFO] [LoginTool] 케어포 로그인 필드 입력 및 버튼 클릭을 완료했습니다.
2026-06-08 16:23:59 [INFO] [LoginTool] [청운점] 로그인 시도, 기관기호=14183000214, 타입=롱텀
2026-06-08 16:24:05 [INFO] [LoginTool] 롱텀 공단 로그인 절차를 완료했습니다.
2026-06-08 16:31:36 [INFO] [LoginTool] [분당점] 로그인 시도, 기관기호=14161000183, 타입=롱텀
2026-06-08 16:31:42 [INFO] [LoginTool] 롱텀 공단 로그인 절차를 완료했습니다.
2026-06-08 16:38:18 [INFO] [LoginTool] [장기점] 로그인 시도, 기관기호=14157000438, 타입=롱텀
2026-06-08 16:38:23 [INFO] [LoginTool] 롱텀 공단 로그인 절차를 완료했습니다.
2026-06-08 17:25:00 [INFO] [LoginTool] [청운점] 로그인 시도, 기관기호=14183000214, 타입=롱텀
2026-06-08 17:25:06 [INFO] [LoginTool] 롱텀 공단 로그인 절차를 완료했습니다.
2026-06-08 18:00:23 [INFO] [FederationTool] [화성점] 공단툴 지점 버튼 클릭, 롱텀 로그인 시작
2026-06-08 18:00:45 [INFO] [FederationTool] [화성점] 공단툴 지점 버튼 클릭, 롱텀 로그인 시작
2026-06-08 18:00:52 [INFO] [FederationTool] 롱텀 공단 로그인 절차를 완료했습니다.
2026-06-08 18:00:52 [INFO] [FederationTool] 윈도우 전환 준비: handles=['B60E1924B454FED9A530836C8F27D682'], current_url=https://www.longtermcare.or.kr/npbs/auth/login/loginForm.web?menuId=npe0000002840&rtnUrl=&zoomSize=
2026-06-08 18:00:52 [INFO] [FederationTool] 로그인 후 공단 청구 자동화 초기화 중...
2026-06-08 18:00:53 [INFO] [FederationTool] 열려있는 알림/모달/팝업 닫기 시도
2026-06-08 18:01:04 [INFO] [FederationTool] 상단 메뉴 '급여비용청구' 마우스 오버 후 드롭다운 메뉴 클릭
2026-06-08 18:01:13 [ERROR] [FederationTool] 청구 명세서 자동화 중 오류: Message: invalid session id: session deleted as the browser has closed the connection
from disconnected: not connected to DevTools
  (Session info: chrome=148.0.7778.217)
Stacktrace:
	chromedriver!GetHandleVerifier [0xadb593+105d3]
	chromedriver!GetHandleVerifier [0xadb6c4+10704]
	chromedriver!(No symbol) [0x8e1ea0]
	chromedriver!(No symbol) [0x8d0dbe]
	chromedriver!(No symbol) [0x8ef98e]
	chromedriver!(No symbol) [0x953cdc]
	chromedriver!(No symbol) [0x96a2a9]
	chromedriver!(No symbol) [0x94d516]
	chromedriver!(No symbol) [0x9208e9]
	chromedriver!(No symbol) [0x9216a4]
	chromedriver!GetHandleVerifier [0xd63014+298054]
	chromedriver!GetHandleVerifier [0xd5e603+293643]
	chromedriver!GetHandleVerifier [0xd7ea05+2b3a45]
	chromedriver!GetHandleVerifier [0xaf54e8+2a528]
	chromedriver!GetHandleVerifier [0xafcd1d+31d5d]
	chromedriver!GetHandleVerifier [0xae3e68+18ea8]
	chromedriver!GetHandleVerifier [0xae4015+19055]
	chromedriver!GetHandleVerifier [0xacd65f+269f]
	KERNEL32!BaseThreadInitThunk [0x75445d49+19]
	ntdll!RtlInitializeExceptionChain [0x7775d83b+6b]
	ntdll!RtlGetAppContainerNamedObjectPath [0x7775d7c1+231]

2026-06-09 08:12:00 [INFO] [LoginTool] [수원점] 로그인 시도, 기관기호=14111000765, 타입=케어포
2026-06-09 08:12:04 [INFO] [LoginTool] 케어포 로그인 필드 입력 및 버튼 클릭을 완료했습니다.
2026-06-09 08:12:09 [INFO] [LoginTool] [수원점] 로그인 시도, 기관기호=14111000765, 타입=롱텀
2026-06-09 08:12:15 [INFO] [LoginTool] 롱텀 공단 로그인 절차를 완료했습니다.
2026-06-09 08:29:18 [INFO] [LoginTool] [탄현점] 로그인 시도, 기관기호=14128000972, 타입=롱텀
2026-06-09 08:29:24 [INFO] [LoginTool] 롱텀 공단 로그인 절차를 완료했습니다.
2026-06-09 08:33:52 [INFO] [LoginTool] [분당3관] 로그인 시도, 기관기호=14161000224, 타입=롱텀
2026-06-09 08:33:57 [INFO] [LoginTool] 롱텀 공단 로그인 절차를 완료했습니다.
2026-06-09 08:42:32 [INFO] [LoginTool] [분당점] 로그인 시도, 기관기호=14161000183, 타입=롱텀
2026-06-09 08:42:37 [INFO] [LoginTool] 롱텀 공단 로그인 절차를 완료했습니다.
2026-06-09 08:43:29 [INFO] [LoginTool] [양평점] 로그인 시도, 기관기호=14183000182, 타입=롱텀
2026-06-09 08:43:34 [INFO] [LoginTool] 롱텀 공단 로그인 절차를 완료했습니다.
2026-06-09 09:04:18 [INFO] [LoginTool] [장기점] 로그인 시도, 기관기호=14157000438, 타입=롱텀
2026-06-09 09:04:23 [INFO] [LoginTool] 롱텀 공단 로그인 절차를 완료했습니다.
2026-06-09 09:40:02 [INFO] [LoginTool] [일산본점] 로그인 시도, 기관기호=14128001633, 타입=롱텀
2026-06-09 09:40:09 [INFO] [LoginTool] 롱텀 공단 로그인 절차를 완료했습니다.
2026-06-09 09:41:20 [INFO] [LoginTool] [수원점] 로그인 시도, 기관기호=14111000765, 타입=케어포
2026-06-09 09:41:23 [INFO] [LoginTool] 케어포 로그인 필드 입력 및 버튼 클릭을 완료했습니다.
2026-06-09 09:45:24 [INFO] [LoginTool] [일산본점] 로그인 시도, 기관기호=14128001633, 타입=케어포
2026-06-09 09:45:27 [INFO] [LoginTool] 케어포 로그인 필드 입력 및 버튼 클릭을 완료했습니다.
2026-06-09 09:52:59 [INFO] [LoginTool] [성남점] 로그인 시도, 기관기호=14113000834, 타입=롱텀
2026-06-09 09:53:04 [INFO] [LoginTool] 롱텀 공단 로그인 절차를 완료했습니다.
2026-06-09 10:15:17 [INFO] [LoginTool] [운양점] 로그인 시도, 기관기호=14157000521, 타입=롱텀
2026-06-09 10:15:22 [INFO] [LoginTool] 롱텀 공단 로그인 절차를 완료했습니다.
2026-06-09 10:20:56 [INFO] [LoginTool] [탄현점] 로그인 시도, 기관기호=14128000972, 타입=롱텀
2026-06-09 10:21:02 [INFO] [LoginTool] 롱텀 공단 로그인 절차를 완료했습니다.
2026-06-09 10:26:21 [INFO] [LoginTool] [탄현점] 로그인 시도, 기관기호=14128000972, 타입=롱텀
2026-06-09 10:26:26 [INFO] [LoginTool] 롱텀 공단 로그인 절차를 완료했습니다.
2026-06-09 10:28:30 [INFO] [LoginTool] [수원점] 로그인 시도, 기관기호=14111000765, 타입=롱텀
2026-06-09 10:28:36 [INFO] [LoginTool] 롱텀 공단 로그인 절차를 완료했습니다.
2026-06-09 10:31:11 [INFO] [LoginTool] [탄현점] 로그인 시도, 기관기호=14128000972, 타입=롱텀
2026-06-09 10:31:17 [INFO] [LoginTool] 롱텀 공단 로그인 절차를 완료했습니다.
2026-06-09 10:31:43 [INFO] [LoginTool] [양평점] 로그인 시도, 기관기호=14183000182, 타입=롱텀
2026-06-09 10:31:49 [INFO] [LoginTool] 롱텀 공단 로그인 절차를 완료했습니다.
2026-06-09 10:34:11 [INFO] [LoginTool] [아산점] 로그인 시도, 기관기호=14420000352, 타입=롱텀
2026-06-09 10:34:16 [INFO] [LoginTool] 롱텀 공단 로그인 절차를 완료했습니다.
2026-06-09 10:36:27 [INFO] [LoginTool] [장기점] 로그인 시도, 기관기호=14157000438, 타입=롱텀
2026-06-09 10:36:32 [INFO] [LoginTool] 롱텀 공단 로그인 절차를 완료했습니다.
2026-06-09 10:42:47 [INFO] [LoginTool] [청운점] 로그인 시도, 기관기호=14183000214, 타입=롱텀
2026-06-09 10:42:52 [INFO] [LoginTool] 롱텀 공단 로그인 절차를 완료했습니다.
2026-06-09 10:44:51 [INFO] [LoginTool] [천안점] 로그인 시도, 기관기호=14413000646, 타입=롱텀
2026-06-09 10:44:56 [INFO] [LoginTool] 롱텀 공단 로그인 절차를 완료했습니다.
2026-06-09 10:47:23 [INFO] [LoginTool] [성남점] 로그인 시도, 기관기호=14113000834, 타입=롱텀
2026-06-09 10:47:28 [INFO] [LoginTool] 롱텀 공단 로그인 절차를 완료했습니다.
2026-06-09 10:50:09 [INFO] [LoginTool] [양천점] 로그인 시도, 기관기호=11147000548, 타입=롱텀
2026-06-09 10:50:14 [INFO] [LoginTool] 롱텀 공단 로그인 절차를 완료했습니다.
2026-06-09 10:52:19 [INFO] [LoginTool] [화성점] 로그인 시도, 기관기호=14159000792, 타입=롱텀
2026-06-09 10:52:24 [INFO] [LoginTool] 롱텀 공단 로그인 절차를 완료했습니다.
2026-06-09 10:56:58 [INFO] [LoginTool] [운양점] 로그인 시도, 기관기호=14157000521, 타입=롱텀
2026-06-09 10:57:03 [INFO] [LoginTool] 롱텀 공단 로그인 절차를 완료했습니다.
2026-06-09 10:58:42 [INFO] [LoginTool] [분당점] 로그인 시도, 기관기호=14161000183, 타입=롱텀
2026-06-09 10:58:47 [INFO] [LoginTool] 롱텀 공단 로그인 절차를 완료했습니다.
2026-06-09 11:00:35 [INFO] [LoginTool] [분당3관] 로그인 시도, 기관기호=14161000224, 타입=롱텀
2026-06-09 11:00:41 [INFO] [LoginTool] 롱텀 공단 로그인 절차를 완료했습니다.
2026-06-09 11:03:03 [INFO] [LoginTool] [일산본점] 로그인 시도, 기관기호=14128001633, 타입=롱텀
2026-06-09 11:03:09 [INFO] [LoginTool] 롱텀 공단 로그인 절차를 완료했습니다.
2026-06-09 11:07:47 [INFO] [LoginTool] [장기점] 로그인 시도, 기관기호=14157000438, 타입=롱텀
2026-06-09 11:07:52 [INFO] [LoginTool] 롱텀 공단 로그인 절차를 완료했습니다.
2026-06-09 11:22:25 [INFO] [LoginTool] [일산본점] 로그인 시도, 기관기호=14128001633, 타입=롱텀
2026-06-09 11:22:31 [INFO] [LoginTool] 롱텀 공단 로그인 절차를 완료했습니다.
2026-06-09 11:23:29 [INFO] [LoginTool] [장기점] 로그인 시도, 기관기호=14157000438, 타입=롱텀
2026-06-09 11:23:35 [INFO] [LoginTool] 롱텀 공단 로그인 절차를 완료했습니다.
2026-06-09 11:47:57 [INFO] [LoginTool] [일산본점] 로그인 시도, 기관기호=14128001633, 타입=롱텀
2026-06-09 11:48:02 [INFO] [LoginTool] 롱텀 공단 로그인 절차를 완료했습니다.
2026-06-09 13:11:03 [INFO] [LoginTool] [일산본점] 로그인 시도, 기관기호=14128001633, 타입=케어포
2026-06-09 13:11:05 [INFO] [LoginTool] 케어포 로그인 필드 입력 및 버튼 클릭을 완료했습니다.
2026-06-09 16:43:59 [INFO] [LoginTool] [분당3관] 로그인 시도, 기관기호=14161000224, 타입=롱텀
2026-06-09 16:44:05 [INFO] [LoginTool] 롱텀 공단 로그인 절차를 완료했습니다.
2026-06-09 16:45:38 [INFO] [LoginTool] [장기점] 로그인 시도, 기관기호=14157000438, 타입=케어포
2026-06-09 16:45:40 [INFO] [LoginTool] 케어포 로그인 필드 입력 및 버튼 클릭을 완료했습니다.
2026-06-09 17:04:13 [INFO] [LoginTool] [탄현점] 로그인 시도, 기관기호=14128000972, 타입=케어포
2026-06-09 17:04:16 [INFO] [LoginTool] 케어포 로그인 필드 입력 및 버튼 클릭을 완료했습니다.
2026-06-09 17:05:06 [INFO] [LoginTool] [탄현점] 로그인 시도, 기관기호=14128000972, 타입=롱텀
2026-06-09 17:05:12 [INFO] [LoginTool] 롱텀 공단 로그인 절차를 완료했습니다.
2026-06-09 17:18:33 [INFO] [LoginTool] [일산본점] 로그인 시도, 기관기호=14128001633, 타입=케어포
2026-06-09 17:18:36 [INFO] [LoginTool] 케어포 로그인 필드 입력 및 버튼 클릭을 완료했습니다.
2026-06-09 17:27:14 [INFO] [LoginTool] [수원점] 로그인 시도, 기관기호=14111000765, 타입=케어포
2026-06-09 17:27:16 [INFO] [LoginTool] 케어포 로그인 필드 입력 및 버튼 클릭을 완료했습니다.
2026-06-09 17:31:12 [INFO] [LoginTool] [화성점] 로그인 시도, 기관기호=14159000792, 타입=케어포
2026-06-09 17:31:14 [INFO] [LoginTool] 케어포 로그인 필드 입력 및 버튼 클릭을 완료했습니다.
2026-06-09 17:32:07 [INFO] [LoginTool] [양천점] 로그인 시도, 기관기호=11147000548, 타입=케어포
2026-06-09 17:32:10 [INFO] [LoginTool] 케어포 로그인 필드 입력 및 버튼 클릭을 완료했습니다.
2026-06-09 17:33:04 [INFO] [LoginTool] [천안점] 로그인 시도, 기관기호=14413000646, 타입=케어포
2026-06-09 17:33:11 [INFO] [LoginTool] 케어포 로그인 필드 입력 및 버튼 클릭을 완료했습니다.
2026-06-09 17:42:19 [INFO] [LoginTool] [운양점] 로그인 시도, 기관기호=14157000521, 타입=케어포
2026-06-09 17:42:22 [INFO] [LoginTool] 케어포 로그인 필드 입력 및 버튼 클릭을 완료했습니다.
2026-06-10 07:56:47 [INFO] [LoginTool] [분당점] 로그인 시도, 기관기호=14161000183, 타입=롱텀
2026-06-10 07:56:57 [INFO] [LoginTool] 롱텀 공단 로그인 절차를 완료했습니다.
2026-06-10 07:58:01 [INFO] [LoginTool] [탄현점] 로그인 시도, 기관기호=14128000972, 타입=롱텀
2026-06-10 07:58:06 [INFO] [LoginTool] 롱텀 공단 로그인 절차를 완료했습니다.
2026-06-10 07:58:44 [INFO] [LoginTool] [수원점] 로그인 시도, 기관기호=14111000765, 타입=롱텀
2026-06-10 07:58:49 [INFO] [LoginTool] 롱텀 공단 로그인 절차를 완료했습니다.
2026-06-10 08:00:45 [INFO] [LoginTool] [수원점] 로그인 시도, 기관기호=14111000765, 타입=롱텀
2026-06-10 08:00:49 [INFO] [LoginTool] 롱텀 공단 로그인 절차를 완료했습니다.
2026-06-10 08:01:07 [INFO] [LoginTool] [양평점] 로그인 시도, 기관기호=14183000182, 타입=롱텀
2026-06-10 08:01:11 [INFO] [LoginTool] 롱텀 공단 로그인 절차를 완료했습니다.
2026-06-10 08:01:39 [INFO] [LoginTool] [분당3관] 로그인 시도, 기관기호=14161000224, 타입=롱텀
2026-06-10 08:01:44 [INFO] [LoginTool] 롱텀 공단 로그인 절차를 완료했습니다.
2026-06-10 08:03:48 [INFO] [LoginTool] [장기점] 로그인 시도, 기관기호=14157000438, 타입=롱텀
2026-06-10 08:03:53 [INFO] [LoginTool] 롱텀 공단 로그인 절차를 완료했습니다.
2026-06-10 08:04:34 [INFO] [LoginTool] [청운점] 로그인 시도, 기관기호=14183000214, 타입=롱텀
2026-06-10 08:04:38 [INFO] [LoginTool] 롱텀 공단 로그인 절차를 완료했습니다.
2026-06-10 08:04:43 [INFO] [LoginTool] [일산본점] 로그인 시도, 기관기호=14128001633, 타입=롱텀
2026-06-10 08:04:49 [INFO] [LoginTool] 롱텀 공단 로그인 절차를 완료했습니다.
2026-06-10 08:10:23 [INFO] [LoginTool] [천안점] 로그인 시도, 기관기호=14413000646, 타입=롱텀
2026-06-10 08:10:28 [INFO] [LoginTool] 롱텀 공단 로그인 절차를 완료했습니다.
2026-06-10 08:10:53 [INFO] [LoginTool] [아산점] 로그인 시도, 기관기호=14420000352, 타입=롱텀
2026-06-10 08:10:59 [INFO] [LoginTool] 롱텀 공단 로그인 절차를 완료했습니다.
2026-06-10 08:11:25 [INFO] [LoginTool] [성남점] 로그인 시도, 기관기호=14113000834, 타입=롱텀
2026-06-10 08:11:31 [INFO] [LoginTool] 롱텀 공단 로그인 절차를 완료했습니다.
2026-06-10 08:12:07 [INFO] [LoginTool] [양천점] 로그인 시도, 기관기호=11147000548, 타입=롱텀
2026-06-10 08:12:13 [INFO] [LoginTool] 롱텀 공단 로그인 절차를 완료했습니다.
2026-06-10 08:12:48 [INFO] [LoginTool] [화성점] 로그인 시도, 기관기호=14159000792, 타입=롱텀
2026-06-10 08:12:53 [INFO] [LoginTool] 롱텀 공단 로그인 절차를 완료했습니다.
2026-06-10 08:13:20 [INFO] [LoginTool] [운양점] 로그인 시도, 기관기호=14157000521, 타입=롱텀
2026-06-10 08:13:25 [INFO] [LoginTool] 롱텀 공단 로그인 절차를 완료했습니다.
2026-06-10 08:13:51 [INFO] [LoginTool] [청운점] 로그인 시도, 기관기호=14183000214, 타입=롱텀
2026-06-10 08:13:57 [INFO] [LoginTool] 롱텀 공단 로그인 절차를 완료했습니다.
2026-06-10 08:25:36 [INFO] [LoginTool] [청운점] 로그인 시도, 기관기호=14183000214, 타입=롱텀
2026-06-10 08:25:43 [INFO] [LoginTool] 롱텀 공단 로그인 절차를 완료했습니다.
2026-06-10 08:35:20 [INFO] [LoginTool] [장기점] 로그인 시도, 기관기호=14157000438, 타입=롱텀
2026-06-10 08:35:27 [INFO] [LoginTool] 롱텀 공단 로그인 절차를 완료했습니다.
2026-06-10 08:44:08 [INFO] [LoginTool] [성남점] 로그인 시도, 기관기호=14113000834, 타입=롱텀
2026-06-10 08:44:14 [INFO] [LoginTool] 롱텀 공단 로그인 절차를 완료했습니다.
2026-06-10 08:47:36 [INFO] [LoginTool] [탄현점] 로그인 시도, 기관기호=14128000972, 타입=롱텀
2026-06-10 08:47:41 [INFO] [LoginTool] 롱텀 공단 로그인 절차를 완료했습니다.
2026-06-10 08:55:45 [INFO] [LoginTool] [천안점] 로그인 시도, 기관기호=14413000646, 타입=롱텀
2026-06-10 08:55:51 [INFO] [LoginTool] 롱텀 공단 로그인 절차를 완료했습니다.
2026-06-10 09:27:55 [INFO] [FederationTool] [청운점] 공단툴 지점 버튼 클릭, 롱텀 로그인 시작
2026-06-10 09:27:58 [ERROR] [FederationTool] Chrome 자동화 실패: Message: session not created: Chrome failed to start: crashed.
  (session not created: DevToolsActivePort file doesn't exist)
  (The process started from chrome location C:\Program Files\Google\Chrome\Application\chrome.exe is no longer running, so ChromeDriver is assuming that Chrome has crashed.); For documentation on this error, please visit: https://www.selenium.dev/documentation/webdriver/troubleshooting/errors#sessionnotcreatedexception
Stacktrace:
	chromedriver!GetHandleVerifier [0x7ff7f7573435+14875]
	chromedriver!GetHandleVerifier [0x7ff7f7573490+148d0]
	chromedriver!(No symbol) [0x7ff7f70c778d]
	chromedriver!(No symbol) [0x7ff7f710908b]
	chromedriver!(No symbol) [0x7ff7f7104359]
	chromedriver!(No symbol) [0x7ff7f7157f11]
	chromedriver!(No symbol) [0x7ff7f7157776]
	chromedriver!(No symbol) [0x7ff7f7113eb0]
	chromedriver!(No symbol) [0x7ff7f7114e23]
	chromedriver!GetHandleVerifier [0x7ff7f7b56c91+5f80d1]
	chromedriver!GetHandleVerifier [0x7ff7f7b5101b+5f245b]
	chromedriver!GetHandleVerifier [0x7ff7f7b76305+617745]
	chromedriver!GetHandleVerifier [0x7ff7f75903ee+3182e]
	chromedriver!GetHandleVerifier [0x7ff7f7598b0c+39f4c]
	chromedriver!GetHandleVerifier [0x7ff7f757cb04+1df44]
	chromedriver!GetHandleVerifier [0x7ff7f757cc94+1e0d4]
	chromedriver!GetHandleVerifier [0x7ff7f7560997+1dd7]
	KERNEL32!BaseThreadInitThunk [0x7ff95d6de957+17]
	ntdll!RtlUserThreadStart [0x7ff95ede427c+2c]

2026-06-10 09:28:06 [INFO] [FederationTool] [청운점] 공단툴 지점 버튼 클릭, 롱텀 로그인 시작
2026-06-10 09:28:11 [INFO] [FederationTool] 롱텀 공단 로그인 절차를 완료했습니다.
2026-06-10 09:28:11 [INFO] [FederationTool] 윈도우 전환 준비: handles=['D1BE5F954100223B9C0AF20D0CAD63C5'], current_url=https://www.longtermcare.or.kr/npbs/auth/login/loginForm.web?menuId=npe0000002840&rtnUrl=&zoomSize=
2026-06-10 09:28:11 [INFO] [FederationTool] 로그인 후 공단 청구 자동화 초기화 중...
2026-06-10 09:28:13 [INFO] [FederationTool] 브라우저 윈도우/탭 2번째로 전환합니다.
2026-06-10 09:28:13 [INFO] [FederationTool] 열려있는 알림/모달/팝업 닫기 시도
2026-06-10 09:28:17 [INFO] [FederationTool] 상단 메뉴 '급여비용청구' 마우스 오버 후 드롭다운 메뉴 클릭
2026-06-10 09:28:23 [ERROR] [FederationTool] 청구 명세서 자동화 중 오류: Message: invalid session id: session deleted as the browser has closed the connection
from disconnected: not connected to DevTools
  (Session info: chrome=149.0.7827.54); For documentation on this error, please visit: https://www.selenium.dev/documentation/webdriver/troubleshooting/errors#invalidsessionidexception
Stacktrace:
	chromedriver!GetHandleVerifier [0x7ff7f7573435+14875]
	chromedriver!GetHandleVerifier [0x7ff7f7573490+148d0]
	chromedriver!(No symbol) [0x7ff7f70c778d]
	chromedriver!(No symbol) [0x7ff7f70b2c02]
	chromedriver!(No symbol) [0x7ff7f70d8f0c]
	chromedriver!(No symbol) [0x7ff7f71513c0]
	chromedriver!(No symbol) [0x7ff7f716e2ed]
	chromedriver!(No symbol) [0x7ff7f7113eb0]
	chromedriver!(No symbol) [0x7ff7f7114e23]
	chromedriver!GetHandleVerifier [0x7ff7f7b56c91+5f80d1]
	chromedriver!GetHandleVerifier [0x7ff7f7b5101b+5f245b]
	chromedriver!GetHandleVerifier [0x7ff7f7b76305+617745]
	chromedriver!GetHandleVerifier [0x7ff7f75903ee+3182e]
	chromedriver!GetHandleVerifier [0x7ff7f7598b0c+39f4c]
	chromedriver!GetHandleVerifier [0x7ff7f757cb04+1df44]
	chromedriver!GetHandleVerifier [0x7ff7f757cc94+1e0d4]
	chromedriver!GetHandleVerifier [0x7ff7f7560997+1dd7]
	KERNEL32!BaseThreadInitThunk [0x7ff95d6de957+17]
	ntdll!RtlUserThreadStart [0x7ff95ede427c+2c]

2026-06-10 09:28:33 [INFO] [FederationTool] [청운점] 공단툴 지점 버튼 클릭, 롱텀 로그인 시작
2026-06-10 09:28:38 [INFO] [FederationTool] 롱텀 공단 로그인 절차를 완료했습니다.
2026-06-10 09:28:38 [INFO] [FederationTool] 윈도우 전환 준비: handles=['92F3261DF889B1268C6A2F0403646F5F'], current_url=https://www.longtermcare.or.kr/npbs/auth/login/loginForm.web?menuId=npe0000002840&rtnUrl=&zoomSize=
2026-06-10 09:28:38 [INFO] [FederationTool] 로그인 후 공단 청구 자동화 초기화 중...
2026-06-10 09:28:39 [INFO] [FederationTool] 브라우저 윈도우/탭 2번째로 전환합니다.
2026-06-10 09:28:39 [INFO] [FederationTool] 열려있는 알림/모달/팝업 닫기 시도
2026-06-10 09:28:44 [INFO] [FederationTool] 상단 메뉴 '급여비용청구' 마우스 오버 후 드롭다운 메뉴 클릭
2026-06-10 09:28:47 [ERROR] [FederationTool] 청구 명세서 자동화 중 오류: Message: invalid session id: session deleted as the browser has closed the connection
from disconnected: not connected to DevTools
  (Session info: chrome=149.0.7827.54); For documentation on this error, please visit: https://www.selenium.dev/documentation/webdriver/troubleshooting/errors#invalidsessionidexception
Stacktrace:
	chromedriver!GetHandleVerifier [0x7ff7f7573435+14875]
	chromedriver!GetHandleVerifier [0x7ff7f7573490+148d0]
	chromedriver!(No symbol) [0x7ff7f70c778d]
	chromedriver!(No symbol) [0x7ff7f70b2c02]
	chromedriver!(No symbol) [0x7ff7f70d8f0c]
	chromedriver!(No symbol) [0x7ff7f71513c0]
	chromedriver!(No symbol) [0x7ff7f716e2ed]
	chromedriver!(No symbol) [0x7ff7f7113eb0]
	chromedriver!(No symbol) [0x7ff7f7114e23]
	chromedriver!GetHandleVerifier [0x7ff7f7b56c91+5f80d1]
	chromedriver!GetHandleVerifier [0x7ff7f7b5101b+5f245b]
	chromedriver!GetHandleVerifier [0x7ff7f7b76305+617745]
	chromedriver!GetHandleVerifier [0x7ff7f75903ee+3182e]
	chromedriver!GetHandleVerifier [0x7ff7f7598b0c+39f4c]
	chromedriver!GetHandleVerifier [0x7ff7f757cb04+1df44]
	chromedriver!GetHandleVerifier [0x7ff7f757cc94+1e0d4]
	chromedriver!GetHandleVerifier [0x7ff7f7560997+1dd7]
	KERNEL32!BaseThreadInitThunk [0x7ff95d6de957+17]
	ntdll!RtlUserThreadStart [0x7ff95ede427c+2c]

2026-06-10 09:28:51 [INFO] [LoginTool] [청운점] 로그인 시도, 기관기호=14183000214, 타입=롱텀
2026-06-10 09:28:56 [INFO] [LoginTool] 롱텀 공단 로그인 절차를 완료했습니다.
2026-06-10 09:30:20 [INFO] [LoginTool] [청운점] 로그인 시도, 기관기호=14183000214, 타입=롱텀
2026-06-10 09:30:25 [INFO] [LoginTool] 롱텀 공단 로그인 절차를 완료했습니다.
2026-06-10 09:34:03 [INFO] [FederationTool] [청운점] 공단툴 지점 버튼 클릭, 롱텀 로그인 시작
2026-06-10 09:34:08 [INFO] [FederationTool] 롱텀 공단 로그인 절차를 완료했습니다.
2026-06-10 09:34:08 [INFO] [FederationTool] 윈도우 전환 준비: handles=['829D0E78161A014F4C052B71987533D1'], current_url=https://www.longtermcare.or.kr/npbs/auth/login/loginForm.web?menuId=npe0000002840&rtnUrl=&zoomSize=
2026-06-10 09:34:08 [INFO] [FederationTool] 로그인 후 공단 청구 자동화 초기화 중...
2026-06-10 09:34:09 [INFO] [FederationTool] 브라우저 윈도우/탭 2번째로 전환합니다.
2026-06-10 09:34:09 [INFO] [FederationTool] 열려있는 알림/모달/팝업 닫기 시도
2026-06-10 09:34:13 [INFO] [FederationTool] 상단 메뉴 '급여비용청구' 마우스 오버 후 드롭다운 메뉴 클릭
2026-06-10 09:34:22 [ERROR] [FederationTool] 청구 명세서 자동화 중 오류: Message: invalid session id: session deleted as the browser has closed the connection
from disconnected: not connected to DevTools
  (Session info: chrome=149.0.7827.54); For documentation on this error, please visit: https://www.selenium.dev/documentation/webdriver/troubleshooting/errors#invalidsessionidexception
Stacktrace:
	chromedriver!GetHandleVerifier [0x7ff7f7573435+14875]
	chromedriver!GetHandleVerifier [0x7ff7f7573490+148d0]
	chromedriver!(No symbol) [0x7ff7f70c778d]
	chromedriver!(No symbol) [0x7ff7f70b2c02]
	chromedriver!(No symbol) [0x7ff7f70d8f0c]
	chromedriver!(No symbol) [0x7ff7f71513c0]
	chromedriver!(No symbol) [0x7ff7f716e2ed]
	chromedriver!(No symbol) [0x7ff7f7113eb0]
	chromedriver!(No symbol) [0x7ff7f7114e23]
	chromedriver!GetHandleVerifier [0x7ff7f7b56c91+5f80d1]
	chromedriver!GetHandleVerifier [0x7ff7f7b5101b+5f245b]
	chromedriver!GetHandleVerifier [0x7ff7f7b76305+617745]
	chromedriver!GetHandleVerifier [0x7ff7f75903ee+3182e]
	chromedriver!GetHandleVerifier [0x7ff7f7598b0c+39f4c]
	chromedriver!GetHandleVerifier [0x7ff7f757cb04+1df44]
	chromedriver!GetHandleVerifier [0x7ff7f757cc94+1e0d4]
	chromedriver!GetHandleVerifier [0x7ff7f7560997+1dd7]
	KERNEL32!BaseThreadInitThunk [0x7ff95d6de957+17]
	ntdll!RtlUserThreadStart [0x7ff95ede427c+2c]

2026-06-10 09:34:41 [INFO] [FederationTool] [청운점] 공단툴 지점 버튼 클릭, 롱텀 로그인 시작
2026-06-10 09:34:45 [INFO] [FederationTool] 롱텀 공단 로그인 절차를 완료했습니다.
2026-06-10 09:34:45 [INFO] [FederationTool] 윈도우 전환 준비: handles=['340C64FE60AC42519B192493868B7E0A'], current_url=https://www.longtermcare.or.kr/npbs/auth/login/loginForm.web?menuId=npe0000002840&rtnUrl=&zoomSize=
2026-06-10 09:34:45 [INFO] [FederationTool] 로그인 후 공단 청구 자동화 초기화 중...
2026-06-10 09:34:47 [INFO] [FederationTool] 브라우저 윈도우/탭 2번째로 전환합니다.
2026-06-10 09:34:47 [INFO] [FederationTool] 열려있는 알림/모달/팝업 닫기 시도
2026-06-10 09:34:51 [INFO] [FederationTool] 상단 메뉴 '급여비용청구' 마우스 오버 후 드롭다운 메뉴 클릭
2026-06-10 09:35:00 [ERROR] [FederationTool] 청구 명세서 자동화 중 오류: Message: invalid session id: session deleted as the browser has closed the connection
from disconnected: not connected to DevTools
  (Session info: chrome=149.0.7827.54); For documentation on this error, please visit: https://www.selenium.dev/documentation/webdriver/troubleshooting/errors#invalidsessionidexception
Stacktrace:
	chromedriver!GetHandleVerifier [0x7ff7f7573435+14875]
	chromedriver!GetHandleVerifier [0x7ff7f7573490+148d0]
	chromedriver!(No symbol) [0x7ff7f70c778d]
	chromedriver!(No symbol) [0x7ff7f70b2c02]
	chromedriver!(No symbol) [0x7ff7f70d8f0c]
	chromedriver!(No symbol) [0x7ff7f71513c0]
	chromedriver!(No symbol) [0x7ff7f716e2ed]
	chromedriver!(No symbol) [0x7ff7f7113eb0]
	chromedriver!(No symbol) [0x7ff7f7114e23]
	chromedriver!GetHandleVerifier [0x7ff7f7b56c91+5f80d1]
	chromedriver!GetHandleVerifier [0x7ff7f7b5101b+5f245b]
	chromedriver!GetHandleVerifier [0x7ff7f7b76305+617745]
	chromedriver!GetHandleVerifier [0x7ff7f75903ee+3182e]
	chromedriver!GetHandleVerifier [0x7ff7f7598b0c+39f4c]
	chromedriver!GetHandleVerifier [0x7ff7f757cb04+1df44]
	chromedriver!GetHandleVerifier [0x7ff7f757cc94+1e0d4]
	chromedriver!GetHandleVerifier [0x7ff7f7560997+1dd7]
	KERNEL32!BaseThreadInitThunk [0x7ff95d6de957+17]
	ntdll!RtlUserThreadStart [0x7ff95ede427c+2c]

2026-06-10 09:35:32 [INFO] [FederationTool] [청운점] 공단툴 지점 버튼 클릭, 롱텀 로그인 시작
2026-06-10 09:35:36 [INFO] [FederationTool] 롱텀 공단 로그인 절차를 완료했습니다.
2026-06-10 09:35:36 [INFO] [FederationTool] 윈도우 전환 준비: handles=['0D6124AE124E36D0741DC7DE1A06B91E'], current_url=https://www.longtermcare.or.kr/npbs/auth/login/loginForm.web?menuId=npe0000002840&rtnUrl=&zoomSize=
2026-06-10 09:35:36 [INFO] [FederationTool] 로그인 후 공단 청구 자동화 초기화 중...
2026-06-10 09:35:36 [INFO] [FederationTool] 브라우저 윈도우/탭 1번째로 전환합니다.
2026-06-10 09:35:36 [INFO] [FederationTool] 열려있는 알림/모달/팝업 닫기 시도
2026-06-10 09:35:41 [INFO] [FederationTool] 상단 메뉴 '급여비용청구' 마우스 오버 후 드롭다운 메뉴 클릭
2026-06-10 09:35:43 [ERROR] [FederationTool] 청구 명세서 자동화 중 오류: Message: invalid session id: session deleted as the browser has closed the connection
from disconnected: not connected to DevTools
  (Session info: chrome=149.0.7827.54); For documentation on this error, please visit: https://www.selenium.dev/documentation/webdriver/troubleshooting/errors#invalidsessionidexception
Stacktrace:
	chromedriver!GetHandleVerifier [0x7ff7f7573435+14875]
	chromedriver!GetHandleVerifier [0x7ff7f7573490+148d0]
	chromedriver!(No symbol) [0x7ff7f70c778d]
	chromedriver!(No symbol) [0x7ff7f70b2c02]
	chromedriver!(No symbol) [0x7ff7f70d8f0c]
	chromedriver!(No symbol) [0x7ff7f71513c0]
	chromedriver!(No symbol) [0x7ff7f716e2ed]
	chromedriver!(No symbol) [0x7ff7f7113eb0]
	chromedriver!(No symbol) [0x7ff7f7114e23]
	chromedriver!GetHandleVerifier [0x7ff7f7b56c91+5f80d1]
	chromedriver!GetHandleVerifier [0x7ff7f7b5101b+5f245b]
	chromedriver!GetHandleVerifier [0x7ff7f7b76305+617745]
	chromedriver!GetHandleVerifier [0x7ff7f75903ee+3182e]
	chromedriver!GetHandleVerifier [0x7ff7f7598b0c+39f4c]
	chromedriver!GetHandleVerifier [0x7ff7f757cb04+1df44]
	chromedriver!GetHandleVerifier [0x7ff7f757cc94+1e0d4]
	chromedriver!GetHandleVerifier [0x7ff7f7560997+1dd7]
	KERNEL32!BaseThreadInitThunk [0x7ff95d6de957+17]
	ntdll!RtlUserThreadStart [0x7ff95ede427c+2c]

2026-06-10 09:37:39 [INFO] [LoginTool] [분당점] 로그인 시도, 기관기호=14161000183, 타입=케어포
2026-06-10 09:37:41 [INFO] [LoginTool] 케어포 로그인 필드 입력 및 버튼 클릭을 완료했습니다.
2026-06-10 09:51:14 [INFO] [FederationTool] [화성점] 공단툴 지점 버튼 클릭, 롱텀 로그인 시작
2026-06-10 09:51:27 [INFO] [FederationTool] [화성점] 공단툴 지점 버튼 클릭, 롱텀 로그인 시작
2026-06-10 09:51:32 [INFO] [FederationTool] 롱텀 공단 로그인 절차를 완료했습니다.
2026-06-10 09:51:32 [INFO] [FederationTool] 윈도우 전환 준비: handles=['F98485AEC2FEBEA110982E30C343A509'], current_url=https://www.longtermcare.or.kr/npbs/auth/login/loginForm.web?menuId=npe0000002840&rtnUrl=&zoomSize=
2026-06-10 09:51:32 [INFO] [FederationTool] 로그인 후 공단 청구 자동화 초기화 중...
2026-06-10 09:51:32 [INFO] [FederationTool] 브라우저 윈도우/탭 1번째로 전환합니다.
2026-06-10 09:51:32 [INFO] [FederationTool] 열려있는 알림/모달/팝업 닫기 시도
2026-06-10 09:51:38 [INFO] [FederationTool] 상단 메뉴 '급여비용청구' 마우스 오버 후 드롭다운 메뉴 클릭
2026-06-10 09:51:51 [ERROR] [FederationTool] 청구 명세서 자동화 중 오류: Message: invalid session id: session deleted as the browser has closed the connection
from disconnected: not connected to DevTools
  (Session info: chrome=149.0.7827.54)
Stacktrace:
	chromedriver!GetHandleVerifier [0x7ff7f7573435+14875]
	chromedriver!GetHandleVerifier [0x7ff7f7573490+148d0]
	chromedriver!(No symbol) [0x7ff7f70c778d]
	chromedriver!(No symbol) [0x7ff7f70b2c02]
	chromedriver!(No symbol) [0x7ff7f70d8f0c]
	chromedriver!(No symbol) [0x7ff7f71513c0]
	chromedriver!(No symbol) [0x7ff7f716e2ed]
	chromedriver!(No symbol) [0x7ff7f7113eb0]
	chromedriver!(No symbol) [0x7ff7f7114e23]
	chromedriver!GetHandleVerifier [0x7ff7f7b56c91+5f80d1]
	chromedriver!GetHandleVerifier [0x7ff7f7b5101b+5f245b]
	chromedriver!GetHandleVerifier [0x7ff7f7b76305+617745]
	chromedriver!GetHandleVerifier [0x7ff7f75903ee+3182e]
	chromedriver!GetHandleVerifier [0x7ff7f7598b0c+39f4c]
	chromedriver!GetHandleVerifier [0x7ff7f757cb04+1df44]
	chromedriver!GetHandleVerifier [0x7ff7f757cc94+1e0d4]
	chromedriver!GetHandleVerifier [0x7ff7f7560997+1dd7]
	KERNEL32!BaseThreadInitThunk [0x7ff95d6de957+17]
	ntdll!RtlUserThreadStart [0x7ff95ede427c+2c]

2026-06-10 09:56:46 [INFO] [FederationTool] [청운점] 공단툴 지점 버튼 클릭, 롱텀 로그인 시작
2026-06-10 09:56:51 [INFO] [FederationTool] 롱텀 공단 로그인 절차를 완료했습니다.
2026-06-10 09:56:51 [INFO] [FederationTool] 윈도우 전환 준비: handles=['D5DED4A1EAFE7373B64D93F0CCE3B647'], current_url=https://www.longtermcare.or.kr/npbs/auth/login/loginForm.web?menuId=npe0000002840&rtnUrl=&zoomSize=
2026-06-10 09:56:51 [INFO] [FederationTool] 로그인 후 공단 청구 자동화 초기화 중...
2026-06-10 09:56:51 [INFO] [FederationTool] 브라우저 윈도우/탭 1번째로 전환합니다.
2026-06-10 09:56:51 [INFO] [FederationTool] 열려있는 알림/모달/팝업 닫기 시도
2026-06-10 09:56:56 [INFO] [FederationTool] 상단 메뉴 '급여비용청구' 마우스 오버 후 드롭다운 메뉴 클릭
2026-06-10 09:57:17 [ERROR] [FederationTool] 청구 명세서 자동화 중 오류: Message: 
Stacktrace:
	chromedriver!GetHandleVerifier [0x7ff7f7573435+14875]
	chromedriver!GetHandleVerifier [0x7ff7f7573490+148d0]
	chromedriver!(No symbol) [0x7ff7f70c778d]
	chromedriver!(No symbol) [0x7ff7f712195d]
	chromedriver!(No symbol) [0x7ff7f7121c5c]
	chromedriver!(No symbol) [0x7ff7f7171e37]
	chromedriver!(No symbol) [0x7ff7f716e9fc]
	chromedriver!(No symbol) [0x7ff7f7113eb0]
	chromedriver!(No symbol) [0x7ff7f7114e23]
	chromedriver!GetHandleVerifier [0x7ff7f7b56c91+5f80d1]
	chromedriver!GetHandleVerifier [0x7ff7f7b5101b+5f245b]
	chromedriver!GetHandleVerifier [0x7ff7f7b76305+617745]
	chromedriver!GetHandleVerifier [0x7ff7f75903ee+3182e]
	chromedriver!GetHandleVerifier [0x7ff7f7598b0c+39f4c]
	chromedriver!GetHandleVerifier [0x7ff7f757cb04+1df44]
	chromedriver!GetHandleVerifier [0x7ff7f757cc94+1e0d4]
	chromedriver!GetHandleVerifier [0x7ff7f7560997+1dd7]
	KERNEL32!BaseThreadInitThunk [0x7ff95d6de957+17]
	ntdll!RtlUserThreadStart [0x7ff95ede427c+2c]

2026-06-10 10:03:16 [INFO] [FederationTool] [청운점] 공단툴 지점 버튼 클릭, 롱텀 로그인 시작
2026-06-10 10:04:02 [ERROR] [FederationTool] Chrome 자동화 실패: Message: invalid session id: session deleted as the browser has closed the connection
from disconnected: not connected to DevTools
  (Session info: chrome=149.0.7827.54)
Stacktrace:
	chromedriver!GetHandleVerifier [0x7ff7f7573435+14875]
	chromedriver!GetHandleVerifier [0x7ff7f7573490+148d0]
	chromedriver!(No symbol) [0x7ff7f70c778d]
	chromedriver!(No symbol) [0x7ff7f70b2c02]
	chromedriver!(No symbol) [0x7ff7f70d8f0c]
	chromedriver!(No symbol) [0x7ff7f71513c0]
	chromedriver!(No symbol) [0x7ff7f716e2ed]
	chromedriver!(No symbol) [0x7ff7f7113eb0]
	chromedriver!(No symbol) [0x7ff7f7114e23]
	chromedriver!GetHandleVerifier [0x7ff7f7b56c91+5f80d1]
	chromedriver!GetHandleVerifier [0x7ff7f7b5101b+5f245b]
	chromedriver!GetHandleVerifier [0x7ff7f7b76305+617745]
	chromedriver!GetHandleVerifier [0x7ff7f75903ee+3182e]
	chromedriver!GetHandleVerifier [0x7ff7f7598b0c+39f4c]
	chromedriver!GetHandleVerifier [0x7ff7f757cb04+1df44]
	chromedriver!GetHandleVerifier [0x7ff7f757cc94+1e0d4]
	chromedriver!GetHandleVerifier [0x7ff7f7560997+1dd7]
	KERNEL32!BaseThreadInitThunk [0x7ff95d6de957+17]
	ntdll!RtlUserThreadStart [0x7ff95ede427c+2c]

2026-06-10 10:20:45 [INFO] [FederationTool] [청운점] 공단툴 지점 버튼 클릭, 롱텀 로그인 시작
2026-06-10 10:26:26 [INFO] [FederationTool] [청운점] 공단툴 지점 버튼 클릭, 롱텀 로그인 시작
2026-06-10 10:29:40 [INFO] [FederationTool] [청운점] 공단툴 지점 버튼 클릭, 롱텀 로그인 시작
2026-06-10 10:31:56 [INFO] [FederationTool] [청운점] 공단툴 지점 버튼 클릭, 롱텀 로그인 시작
2026-06-10 10:32:12 [WARNING] [LoginTool] 공단 메인 프레임 확인 대기 10초 초과 - 자동화 단계로 계속 진행합니다.
2026-06-10 10:32:12 [INFO] [FederationTool] 롱텀 공단 로그인 절차를 완료했습니다.
2026-06-10 10:32:12 [INFO] [FederationTool] 윈도우 전환 준비: handles=['05D4917A74EACB77EAB5F7CC5525B724', '8AA32D0485934914EB93B4536D01CFD9'], current_url=https://www.longtermcare.or.kr/npbs/r/a/104/selectMyBlog.web?menuId=npe0000002835&ltcAdminSym=14183000214
2026-06-10 10:32:12 [INFO] [FederationTool] 로그인 후 공단 청구 자동화 초기화 중...
2026-06-10 10:32:12 [INFO] [FederationTool] 브라우저 윈도우/탭 1번째로 전환합니다.
2026-06-10 10:32:12 [INFO] [FederationTool] [진단] 자동화 시작: handles=['05D4917A74EACB77EAB5F7CC5525B724', '8AA32D0485934914EB93B4536D01CFD9'], current=05D4917A74EACB77EAB5F7CC5525B724, title=국민건강보험공단 장기요양보험 > 마이블로그 > 마이블로그 > 마이블로그, url=https://www.longtermcare.or.kr/npbs/r/a/104/selectMyBlog.web?menuId=npe0000002835&ltcAdminSym=14183000214
2026-06-10 10:32:12 [INFO] [FederationTool] [단계] 초기 팝업 닫기
2026-06-10 10:32:12 [INFO] [FederationTool] 열려있는 알림/모달/팝업 닫기 시도
2026-06-10 10:32:12 [INFO] [FederationTool] [진단] 팝업 닫기 시작: handles=['05D4917A74EACB77EAB5F7CC5525B724', '8AA32D0485934914EB93B4536D01CFD9'], current=05D4917A74EACB77EAB5F7CC5525B724, title=국민건강보험공단 장기요양보험 > 마이블로그 > 마이블로그 > 마이블로그, url=https://www.longtermcare.or.kr/npbs/r/a/104/selectMyBlog.web?menuId=npe0000002835&ltcAdminSym=14183000214
2026-06-10 10:32:12 [INFO] [FederationTool] [팝업닫기] attempt=1
2026-06-10 10:32:14 [INFO] [FederationTool] [공통팝업검색] 공통 버튼 - 닫기 by=xpath value=//button[normalize-space(.)='닫기'] found=4
2026-06-10 10:32:14 [INFO] [FederationTool] [공통팝업검색] 공통 버튼 - 확인 by=xpath value=//button[normalize-space(.)='확인'] found=1
2026-06-10 10:32:14 [INFO] [FederationTool] [공통팝업검색] 공통 링크 - 닫기 by=xpath value=//a[normalize-space(.)='닫기'] found=0
2026-06-10 10:32:14 [INFO] [FederationTool] [공통팝업검색] 공통 링크 - 확인 by=xpath value=//a[normalize-space(.)='확인'] found=0
2026-06-10 10:32:14 [INFO] [FederationTool] [선택요소검색] first_modal_close (첫 모달 닫기) by=xpath value=/html/body/div[2]/div[3]/div/div[1]/div/div/div/div/div/div[3]/div/div[2] found=0 timeout=3
2026-06-10 10:32:17 [INFO] [FederationTool] [선택요소없음] first_modal_close: 3초 안에 클릭 가능한 요소 없음
2026-06-10 10:32:17 [INFO] [FederationTool] [선택요소검색] second_modal_close (두번째 모달을 닫기) by=xpath value=/html/body/div[2]/div[2]/div/div[1]/div/div/div/div/div/div[3]/div/div[2] found=0 timeout=3
2026-06-10 10:32:20 [INFO] [FederationTool] [선택요소없음] second_modal_close: 3초 안에 클릭 가능한 요소 없음
2026-06-10 10:32:20 [INFO] [FederationTool] [선택요소건너뜀] claim_page_warning_close: selector 값 없음
2026-06-10 10:32:20 [INFO] [FederationTool] [선택요소건너뜀] operation_guide_close: selector 값 없음
2026-06-10 10:32:20 [INFO] [FederationTool] [프레임검색] iframe found=1
2026-06-10 10:32:20 [INFO] [FederationTool] [프레임진입] iframe 1/1
2026-06-10 10:32:21 [INFO] [FederationTool] [공통팝업검색] 공통 버튼 - 닫기 by=xpath value=//button[normalize-space(.)='닫기'] found=0
2026-06-10 10:32:21 [INFO] [FederationTool] [공통팝업검색] 공통 버튼 - 확인 by=xpath value=//button[normalize-space(.)='확인'] found=0
2026-06-10 10:32:21 [INFO] [FederationTool] [공통팝업검색] 공통 링크 - 닫기 by=xpath value=//a[normalize-space(.)='닫기'] found=0
2026-06-10 10:32:21 [INFO] [FederationTool] [공통팝업검색] 공통 링크 - 확인 by=xpath value=//a[normalize-space(.)='확인'] found=0
2026-06-10 10:32:21 [INFO] [FederationTool] [선택요소검색] first_modal_close (첫 모달 닫기) by=xpath value=/html/body/div[2]/div[3]/div/div[1]/div/div/div/div/div/div[3]/div/div[2] found=0 timeout=3
2026-06-10 10:32:24 [INFO] [FederationTool] [선택요소없음] first_modal_close: 3초 안에 클릭 가능한 요소 없음
2026-06-10 10:32:24 [INFO] [FederationTool] [선택요소검색] second_modal_close (두번째 모달을 닫기) by=xpath value=/html/body/div[2]/div[2]/div/div[1]/div/div/div/div/div/div[3]/div/div[2] found=0 timeout=3
2026-06-10 10:32:27 [INFO] [FederationTool] [선택요소없음] second_modal_close: 3초 안에 클릭 가능한 요소 없음
2026-06-10 10:32:27 [INFO] [FederationTool] [팝업닫기] attempt=2
2026-06-10 10:32:28 [INFO] [FederationTool] [공통팝업검색] 공통 버튼 - 닫기 by=xpath value=//button[normalize-space(.)='닫기'] found=4
2026-06-10 10:32:28 [INFO] [FederationTool] [공통팝업검색] 공통 버튼 - 확인 by=xpath value=//button[normalize-space(.)='확인'] found=1
2026-06-10 10:32:28 [INFO] [FederationTool] [공통팝업검색] 공통 링크 - 닫기 by=xpath value=//a[normalize-space(.)='닫기'] found=0
2026-06-10 10:32:28 [INFO] [FederationTool] [공통팝업검색] 공통 링크 - 확인 by=xpath value=//a[normalize-space(.)='확인'] found=0
2026-06-10 10:32:28 [INFO] [FederationTool] [선택요소검색] first_modal_close (첫 모달 닫기) by=xpath value=/html/body/div[2]/div[3]/div/div[1]/div/div/div/div/div/div[3]/div/div[2] found=0 timeout=3
2026-06-10 10:32:31 [INFO] [FederationTool] [선택요소없음] first_modal_close: 3초 안에 클릭 가능한 요소 없음
2026-06-10 10:32:31 [INFO] [FederationTool] [선택요소검색] second_modal_close (두번째 모달을 닫기) by=xpath value=/html/body/div[2]/div[2]/div/div[1]/div/div/div/div/div/div[3]/div/div[2] found=0 timeout=3
2026-06-10 10:32:34 [INFO] [FederationTool] [선택요소없음] second_modal_close: 3초 안에 클릭 가능한 요소 없음
2026-06-10 10:32:34 [INFO] [FederationTool] [선택요소건너뜀] claim_page_warning_close: selector 값 없음
2026-06-10 10:32:34 [INFO] [FederationTool] [선택요소건너뜀] operation_guide_close: selector 값 없음
2026-06-10 10:32:35 [INFO] [FederationTool] [프레임검색] iframe found=1
2026-06-10 10:32:35 [INFO] [FederationTool] [프레임진입] iframe 1/1
2026-06-10 10:32:36 [INFO] [FederationTool] [공통팝업검색] 공통 버튼 - 닫기 by=xpath value=//button[normalize-space(.)='닫기'] found=0
2026-06-10 10:32:36 [INFO] [FederationTool] [공통팝업검색] 공통 버튼 - 확인 by=xpath value=//button[normalize-space(.)='확인'] found=0
2026-06-10 10:32:36 [INFO] [FederationTool] [공통팝업검색] 공통 링크 - 닫기 by=xpath value=//a[normalize-space(.)='닫기'] found=0
2026-06-10 10:32:36 [INFO] [FederationTool] [공통팝업검색] 공통 링크 - 확인 by=xpath value=//a[normalize-space(.)='확인'] found=0
2026-06-10 10:32:36 [INFO] [FederationTool] [선택요소검색] first_modal_close (첫 모달 닫기) by=xpath value=/html/body/div[2]/div[3]/div/div[1]/div/div/div/div/div/div[3]/div/div[2] found=0 timeout=3
2026-06-10 10:32:39 [INFO] [FederationTool] [선택요소없음] first_modal_close: 3초 안에 클릭 가능한 요소 없음
2026-06-10 10:32:39 [INFO] [FederationTool] [선택요소검색] second_modal_close (두번째 모달을 닫기) by=xpath value=/html/body/div[2]/div[2]/div/div[1]/div/div/div/div/div/div[3]/div/div[2] found=0 timeout=3
2026-06-10 10:32:42 [INFO] [FederationTool] [선택요소없음] second_modal_close: 3초 안에 클릭 가능한 요소 없음
2026-06-10 10:32:42 [INFO] [FederationTool] [진단] 팝업 닫기 종료: handles=['05D4917A74EACB77EAB5F7CC5525B724', '8AA32D0485934914EB93B4536D01CFD9'], current=05D4917A74EACB77EAB5F7CC5525B724, title=국민건강보험공단 장기요양보험 > 마이블로그 > 마이블로그 > 마이블로그, url=https://www.longtermcare.or.kr/npbs/r/a/104/selectMyBlog.web?menuId=npe0000002835&ltcAdminSym=14183000214
2026-06-10 10:32:42 [INFO] [FederationTool] [단계] 급여비용청구 메뉴 열기
2026-06-10 10:32:42 [INFO] [FederationTool] 상단 메뉴 '급여비용청구' 마우스 오버 후 드롭다운 메뉴 클릭
2026-06-10 10:42:25 [INFO] [FederationTool] [청운점] 공단툴 지점 버튼 클릭, 롱텀 로그인 시작
2026-06-10 10:42:43 [WARNING] [LoginTool] 공단 메인 프레임 확인 대기 10초 초과 - 자동화 단계로 계속 진행합니다.
2026-06-10 10:42:43 [INFO] [FederationTool] 롱텀 공단 로그인 절차를 완료했습니다.
2026-06-10 10:42:43 [INFO] [FederationTool] 윈도우 전환 준비: handles=['A17E9E449B81F33838FA3BFF4F9B52BF', '6A3BA1C03896A17B6CF210361C51690B'], current_url=https://www.longtermcare.or.kr/npbs/r/a/104/selectMyBlog.web?menuId=npe0000002835&ltcAdminSym=14183000214
2026-06-10 10:42:43 [INFO] [FederationTool] 로그인 후 공단 청구 자동화 초기화 중...
2026-06-10 10:42:43 [INFO] [FederationTool] 브라우저 윈도우/탭 1번째로 전환합니다.
2026-06-10 10:42:44 [INFO] [FederationTool] [진단] 자동화 시작: handles=['A17E9E449B81F33838FA3BFF4F9B52BF', '6A3BA1C03896A17B6CF210361C51690B'], current=A17E9E449B81F33838FA3BFF4F9B52BF, title=국민건강보험공단 장기요양보험 > 마이블로그 > 마이블로그 > 마이블로그, url=https://www.longtermcare.or.kr/npbs/r/a/104/selectMyBlog.web?menuId=npe0000002835&ltcAdminSym=14183000214
2026-06-10 10:42:44 [INFO] [FederationTool] [단계] 초기 팝업 닫기
2026-06-10 10:42:44 [INFO] [FederationTool] 열려있는 알림/모달/팝업 닫기 시도
2026-06-10 10:42:44 [INFO] [FederationTool] [진단] 팝업 닫기 시작: handles=['A17E9E449B81F33838FA3BFF4F9B52BF', '6A3BA1C03896A17B6CF210361C51690B'], current=A17E9E449B81F33838FA3BFF4F9B52BF, title=국민건강보험공단 장기요양보험 > 마이블로그 > 마이블로그 > 마이블로그, url=https://www.longtermcare.or.kr/npbs/r/a/104/selectMyBlog.web?menuId=npe0000002835&ltcAdminSym=14183000214
2026-06-10 10:42:44 [INFO] [FederationTool] [팝업닫기] attempt=1
2026-06-10 10:42:45 [INFO] [FederationTool] [공통팝업검색] 공통 버튼 - 닫기 by=xpath value=//button[normalize-space(.)='닫기'] found=4
2026-06-10 10:42:45 [INFO] [FederationTool] [공통팝업검색] 공통 버튼 - 확인 by=xpath value=//button[normalize-space(.)='확인'] found=1
2026-06-10 10:42:45 [INFO] [FederationTool] [공통팝업검색] 공통 링크 - 닫기 by=xpath value=//a[normalize-space(.)='닫기'] found=0
2026-06-10 10:42:45 [INFO] [FederationTool] [공통팝업검색] 공통 링크 - 확인 by=xpath value=//a[normalize-space(.)='확인'] found=0
2026-06-10 10:42:45 [INFO] [FederationTool] [선택요소검색] first_modal_close (첫 모달 닫기) by=xpath value=/html/body/div[2]/div[3]/div/div[1]/div/div/div/div/div/div[3]/div/div[2] found=0 timeout=3
2026-06-10 10:42:48 [INFO] [FederationTool] [선택요소없음] first_modal_close: 3초 안에 클릭 가능한 요소 없음
2026-06-10 10:42:48 [INFO] [FederationTool] [선택요소검색] second_modal_close (두번째 모달을 닫기) by=xpath value=/html/body/div[2]/div[2]/div/div[1]/div/div/div/div/div/div[3]/div/div[2] found=0 timeout=3
2026-06-10 10:42:51 [INFO] [FederationTool] [선택요소없음] second_modal_close: 3초 안에 클릭 가능한 요소 없음
2026-06-10 10:42:51 [INFO] [FederationTool] [선택요소건너뜀] claim_page_warning_close: selector 값 없음
2026-06-10 10:42:51 [INFO] [FederationTool] [선택요소건너뜀] operation_guide_close: selector 값 없음
2026-06-10 10:42:51 [INFO] [FederationTool] [프레임검색] iframe found=1
2026-06-10 10:42:51 [INFO] [FederationTool] [프레임진입] iframe 1/1
2026-06-10 10:42:52 [INFO] [FederationTool] [공통팝업검색] 공통 버튼 - 닫기 by=xpath value=//button[normalize-space(.)='닫기'] found=0
2026-06-10 10:42:52 [INFO] [FederationTool] [공통팝업검색] 공통 버튼 - 확인 by=xpath value=//button[normalize-space(.)='확인'] found=0
2026-06-10 10:42:52 [INFO] [FederationTool] [공통팝업검색] 공통 링크 - 닫기 by=xpath value=//a[normalize-space(.)='닫기'] found=0
2026-06-10 10:42:52 [INFO] [FederationTool] [공통팝업검색] 공통 링크 - 확인 by=xpath value=//a[normalize-space(.)='확인'] found=0
2026-06-10 10:42:52 [INFO] [FederationTool] [선택요소검색] first_modal_close (첫 모달 닫기) by=xpath value=/html/body/div[2]/div[3]/div/div[1]/div/div/div/div/div/div[3]/div/div[2] found=0 timeout=3
2026-06-10 10:42:55 [INFO] [FederationTool] [선택요소없음] first_modal_close: 3초 안에 클릭 가능한 요소 없음
2026-06-10 10:42:55 [INFO] [FederationTool] [선택요소검색] second_modal_close (두번째 모달을 닫기) by=xpath value=/html/body/div[2]/div[2]/div/div[1]/div/div/div/div/div/div[3]/div/div[2] found=0 timeout=3
2026-06-10 10:42:58 [INFO] [FederationTool] [선택요소없음] second_modal_close: 3초 안에 클릭 가능한 요소 없음
2026-06-10 10:42:59 [INFO] [FederationTool] [팝업닫기] attempt=2
2026-06-10 10:42:59 [INFO] [FederationTool] [공통팝업검색] 공통 버튼 - 닫기 by=xpath value=//button[normalize-space(.)='닫기'] found=4
2026-06-10 10:42:59 [INFO] [FederationTool] [공통팝업검색] 공통 버튼 - 확인 by=xpath value=//button[normalize-space(.)='확인'] found=1
2026-06-10 10:42:59 [INFO] [FederationTool] [공통팝업검색] 공통 링크 - 닫기 by=xpath value=//a[normalize-space(.)='닫기'] found=0
2026-06-10 10:42:59 [INFO] [FederationTool] [공통팝업검색] 공통 링크 - 확인 by=xpath value=//a[normalize-space(.)='확인'] found=0
2026-06-10 10:42:59 [INFO] [FederationTool] [선택요소검색] first_modal_close (첫 모달 닫기) by=xpath value=/html/body/div[2]/div[3]/div/div[1]/div/div/div/div/div/div[3]/div/div[2] found=0 timeout=3
2026-06-10 10:43:02 [INFO] [FederationTool] [선택요소없음] first_modal_close: 3초 안에 클릭 가능한 요소 없음
2026-06-10 10:43:02 [INFO] [FederationTool] [선택요소검색] second_modal_close (두번째 모달을 닫기) by=xpath value=/html/body/div[2]/div[2]/div/div[1]/div/div/div/div/div/div[3]/div/div[2] found=0 timeout=3
2026-06-10 10:43:05 [INFO] [FederationTool] [선택요소없음] second_modal_close: 3초 안에 클릭 가능한 요소 없음
2026-06-10 10:43:05 [INFO] [FederationTool] [선택요소건너뜀] claim_page_warning_close: selector 값 없음
2026-06-10 10:43:05 [INFO] [FederationTool] [선택요소건너뜀] operation_guide_close: selector 값 없음
2026-06-10 10:43:05 [INFO] [FederationTool] [프레임검색] iframe found=1
2026-06-10 10:43:05 [INFO] [FederationTool] [프레임진입] iframe 1/1
2026-06-10 10:43:06 [INFO] [FederationTool] [공통팝업검색] 공통 버튼 - 닫기 by=xpath value=//button[normalize-space(.)='닫기'] found=0
2026-06-10 10:43:07 [INFO] [FederationTool] [공통팝업검색] 공통 버튼 - 확인 by=xpath value=//button[normalize-space(.)='확인'] found=0
2026-06-10 10:43:07 [INFO] [FederationTool] [공통팝업검색] 공통 링크 - 닫기 by=xpath value=//a[normalize-space(.)='닫기'] found=0
2026-06-10 10:43:07 [INFO] [FederationTool] [공통팝업검색] 공통 링크 - 확인 by=xpath value=//a[normalize-space(.)='확인'] found=0
2026-06-10 10:43:07 [INFO] [FederationTool] [선택요소검색] first_modal_close (첫 모달 닫기) by=xpath value=/html/body/div[2]/div[3]/div/div[1]/div/div/div/div/div/div[3]/div/div[2] found=0 timeout=3
2026-06-10 10:43:10 [INFO] [FederationTool] [선택요소없음] first_modal_close: 3초 안에 클릭 가능한 요소 없음
2026-06-10 10:43:10 [INFO] [FederationTool] [선택요소검색] second_modal_close (두번째 모달을 닫기) by=xpath value=/html/body/div[2]/div[2]/div/div[1]/div/div/div/div/div/div[3]/div/div[2] found=0 timeout=3
2026-06-10 10:43:13 [INFO] [FederationTool] [선택요소없음] second_modal_close: 3초 안에 클릭 가능한 요소 없음
2026-06-10 10:43:13 [INFO] [FederationTool] [진단] 팝업 닫기 종료: handles=['A17E9E449B81F33838FA3BFF4F9B52BF', '6A3BA1C03896A17B6CF210361C51690B'], current=A17E9E449B81F33838FA3BFF4F9B52BF, title=국민건강보험공단 장기요양보험 > 마이블로그 > 마이블로그 > 마이블로그, url=https://www.longtermcare.or.kr/npbs/r/a/104/selectMyBlog.web?menuId=npe0000002835&ltcAdminSym=14183000214
2026-06-10 10:43:13 [INFO] [FederationTool] [단계] 급여비용청구 메뉴 열기
2026-06-10 10:43:13 [INFO] [FederationTool] 상단 메뉴 '급여비용청구' 마우스 오버 후 드롭다운 메뉴 클릭
2026-06-10 10:43:58 [INFO] [FederationTool] [청운점] 공단툴 지점 버튼 클릭, 롱텀 로그인 시작
2026-06-10 10:44:16 [WARNING] [LoginTool] 공단 메인 프레임 확인 대기 10초 초과 - 자동화 단계로 계속 진행합니다.
2026-06-10 10:44:16 [INFO] [FederationTool] 롱텀 공단 로그인 절차를 완료했습니다.
2026-06-10 10:44:16 [INFO] [FederationTool] 윈도우 전환 준비: handles=['449EF1A236BCBB368730860C2918390E', '3EC8F26DB40CC667706BB3F856ADED84'], current_url=https://www.longtermcare.or.kr/npbs/r/a/104/selectMyBlog.web?menuId=npe0000002835&ltcAdminSym=14183000214
2026-06-10 10:44:16 [INFO] [FederationTool] 로그인 후 공단 청구 자동화 초기화 중...
2026-06-10 10:44:16 [INFO] [FederationTool] 브라우저 윈도우/탭 2번째로 전환합니다.
2026-06-10 10:44:16 [INFO] [FederationTool] [진단] 자동화 시작: handles=['449EF1A236BCBB368730860C2918390E', '3EC8F26DB40CC667706BB3F856ADED84'], current=3EC8F26DB40CC667706BB3F856ADED84, title=장기요양정보시스템, url=https://www.longtermcare.or.kr/npbs/xui/manage.html?SESSIONCHECK!pkPeTzIexy69uGeM8kUQSzvWtCpUNkYFloZ9q1tjD7mPCepDTt44oTvSI8J2Kz1o.amV1c19kb21haW4vbnBic19vcHJfbmV3MjM=&gv_xgateUrl!www.longtermcare.or.kr&gv_isPMSQ!Y&gv_initMenuId!null
2026-06-10 10:44:16 [INFO] [FederationTool] [단계] 초기 팝업 닫기
2026-06-10 10:44:16 [INFO] [FederationTool] 열려있는 알림/모달/팝업 닫기 시도
2026-06-10 10:44:16 [INFO] [FederationTool] [진단] 팝업 닫기 시작: handles=['449EF1A236BCBB368730860C2918390E', '3EC8F26DB40CC667706BB3F856ADED84'], current=3EC8F26DB40CC667706BB3F856ADED84, title=장기요양정보시스템, url=https://www.longtermcare.or.kr/npbs/xui/manage.html?SESSIONCHECK!pkPeTzIexy69uGeM8kUQSzvWtCpUNkYFloZ9q1tjD7mPCepDTt44oTvSI8J2Kz1o.amV1c19kb21haW4vbnBic19vcHJfbmV3MjM=&gv_xgateUrl!www.longtermcare.or.kr&gv_isPMSQ!Y&gv_initMenuId!null
2026-06-10 10:44:16 [INFO] [FederationTool] [팝업닫기] attempt=1
2026-06-10 10:44:17 [INFO] [FederationTool] [공통팝업검색] 공통 버튼 - 닫기 by=xpath value=//button[normalize-space(.)='닫기'] found=0
2026-06-10 10:44:17 [INFO] [FederationTool] [공통팝업검색] 공통 버튼 - 확인 by=xpath value=//button[normalize-space(.)='확인'] found=0
2026-06-10 10:44:17 [INFO] [FederationTool] [공통팝업검색] 공통 링크 - 닫기 by=xpath value=//a[normalize-space(.)='닫기'] found=0
2026-06-10 10:44:17 [INFO] [FederationTool] [공통팝업검색] 공통 링크 - 확인 by=xpath value=//a[normalize-space(.)='확인'] found=0
2026-06-10 10:44:17 [INFO] [FederationTool] [선택요소검색] first_modal_close (첫 모달 닫기) by=xpath value=/html/body/div[2]/div[3]/div/div[1]/div/div/div/div/div/div[3]/div/div[2] found=1 timeout=3
2026-06-10 10:44:17 [INFO] [FederationTool] [선택요소상태] first_modal_close[1] displayed=True enabled=True text=닫기
2026-06-10 10:44:17 [INFO] [FederationTool] [선택요소클릭성공] first_modal_close
2026-06-10 10:44:17 [INFO] [FederationTool] [선택요소검색] second_modal_close (두번째 모달을 닫기) by=xpath value=/html/body/div[2]/div[2]/div/div[1]/div/div/div/div/div/div[3]/div/div[2] found=1 timeout=3
2026-06-10 10:44:17 [INFO] [FederationTool] [선택요소상태] second_modal_close[1] displayed=True enabled=True text=닫기
2026-06-10 10:44:17 [INFO] [FederationTool] [선택요소클릭성공] second_modal_close
2026-06-10 10:44:17 [INFO] [FederationTool] [선택요소건너뜀] claim_page_warning_close: selector 값 없음
2026-06-10 10:44:17 [INFO] [FederationTool] [선택요소건너뜀] operation_guide_close: selector 값 없음
2026-06-10 10:44:17 [INFO] [FederationTool] [프레임검색] iframe found=1
2026-06-10 10:44:17 [INFO] [FederationTool] [프레임진입] iframe 1/1
2026-06-10 10:44:18 [INFO] [FederationTool] [공통팝업검색] 공통 버튼 - 닫기 by=xpath value=//button[normalize-space(.)='닫기'] found=0
2026-06-10 10:44:18 [INFO] [FederationTool] [공통팝업검색] 공통 버튼 - 확인 by=xpath value=//button[normalize-space(.)='확인'] found=0
2026-06-10 10:44:18 [INFO] [FederationTool] [공통팝업검색] 공통 링크 - 닫기 by=xpath value=//a[normalize-space(.)='닫기'] found=0
2026-06-10 10:44:18 [INFO] [FederationTool] [공통팝업검색] 공통 링크 - 확인 by=xpath value=//a[normalize-space(.)='확인'] found=0
2026-06-10 10:44:18 [INFO] [FederationTool] [선택요소검색] first_modal_close (첫 모달 닫기) by=xpath value=/html/body/div[2]/div[3]/div/div[1]/div/div/div/div/div/div[3]/div/div[2] found=0 timeout=3
2026-06-10 10:44:21 [INFO] [FederationTool] [선택요소없음] first_modal_close: 3초 안에 클릭 가능한 요소 없음
2026-06-10 10:44:21 [INFO] [FederationTool] [선택요소검색] second_modal_close (두번째 모달을 닫기) by=xpath value=/html/body/div[2]/div[2]/div/div[1]/div/div/div/div/div/div[3]/div/div[2] found=0 timeout=3
2026-06-10 10:44:24 [INFO] [FederationTool] [선택요소없음] second_modal_close: 3초 안에 클릭 가능한 요소 없음
2026-06-10 10:44:24 [INFO] [FederationTool] [팝업닫기] attempt=2
2026-06-10 10:44:25 [INFO] [FederationTool] [공통팝업검색] 공통 버튼 - 닫기 by=xpath value=//button[normalize-space(.)='닫기'] found=0
2026-06-10 10:44:25 [INFO] [FederationTool] [공통팝업검색] 공통 버튼 - 확인 by=xpath value=//button[normalize-space(.)='확인'] found=0
2026-06-10 10:44:25 [INFO] [FederationTool] [공통팝업검색] 공통 링크 - 닫기 by=xpath value=//a[normalize-space(.)='닫기'] found=0
2026-06-10 10:44:25 [INFO] [FederationTool] [공통팝업검색] 공통 링크 - 확인 by=xpath value=//a[normalize-space(.)='확인'] found=0
2026-06-10 10:44:25 [INFO] [FederationTool] [선택요소검색] first_modal_close (첫 모달 닫기) by=xpath value=/html/body/div[2]/div[3]/div/div[1]/div/div/div/div/div/div[3]/div/div[2] found=0 timeout=3
2026-06-10 10:44:27 [INFO] [FederationTool] [선택요소클릭실패] first_modal_close: InvalidSessionIdException: Message: invalid session id: session deleted as the browser has closed the connection
from disconnected: not connected to DevTools
  (Session info: chrome=149.0.7827.54); For documentation on this error, please visit: https://www.selenium.dev/documentation/webdriver/troubleshooting/errors#invalidsessionidexception
Stacktrace:
	chromedriver!GetHandleVerifier [0x7ff7f7573435+14875]
	chromedriver!GetHandleVerifier [0x7ff7f7573490+148d0]
	chromedriver!(No symbol) [0x7ff7f70c778d]
	chromedriver!(No symbol) [0x7ff7f70b2c02]
	chromedriver!(No symbol) [0x7ff7f70d8f0c]
	chromedriver!(No symbol) [0x7ff7f71513c0]
	chromedriver!(No symbol) [0x7ff7f716e2ed]
	chromedriver!(No symbol) [0x7ff7f7113eb0]
	chromedriver!(No symbol) [0x7ff7f7114e23]
	chromedriver!GetHandleVerifier [0x7ff7f7b56c91+5f80d1]
	chromedriver!GetHandleVerifier [0x7ff7f7b5101b+5f245b]
	chromedriver!GetHandleVerifier [0x7ff7f7b76305+617745]
	chromedriver!GetHandleVerifier [0x7ff7f75903ee+3182e]
	chromedriver!GetHandleVerifier [0x7ff7f7598b0c+39f4c]
	chromedriver!GetHandleVerifier [0x7ff7f757cb04+1df44]
	chromedriver!GetHandleVerifier [0x7ff7f757cc94+1e0d4]
	chromedriver!GetHandleVerifier [0x7ff7f7560997+1dd7]
	KERNEL32!BaseThreadInitThunk [0x7ff95d6de957+17]
	ntdll!RtlUserThreadStart [0x7ff95ede427c+2c]

2026-06-10 10:44:27 [INFO] [FederationTool] [선택요소클릭실패] second_modal_close: InvalidSessionIdException: Message: invalid session id; For documentation on this error, please visit: https://www.selenium.dev/documentation/webdriver/troubleshooting/errors#invalidsessionidexception
Stacktrace:
	chromedriver!GetHandleVerifier [0x7ff7f7573435+14875]
	chromedriver!GetHandleVerifier [0x7ff7f7573490+148d0]
	chromedriver!(No symbol) [0x7ff7f70c7576]
	chromedriver!(No symbol) [0x7ff7f7112ea6]
	chromedriver!(No symbol) [0x7ff7f714a182]
	chromedriver!(No symbol) [0x7ff7f7143f82]
	chromedriver!(No symbol) [0x7ff7f7143742]
	chromedriver!(No symbol) [0x7ff7f7090255]
	chromedriver!GetHandleVerifier [0x7ff7f7b56c91+5f80d1]
	chromedriver!GetHandleVerifier [0x7ff7f7b5101b+5f245b]
	chromedriver!GetHandleVerifier [0x7ff7f7b76305+617745]
	chromedriver!GetHandleVerifier [0x7ff7f75903ee+3182e]
	chromedriver!GetHandleVerifier [0x7ff7f7598b0c+39f4c]
	chromedriver!(No symbol) [0x7ff7f708eff8]
	chromedriver!GetHandleVerifier [0x7ff7f7d2f358+7d0798]
	KERNEL32!BaseThreadInitThunk [0x7ff95d6de957+17]
	ntdll!RtlUserThreadStart [0x7ff95ede427c+2c]

2026-06-10 10:44:27 [INFO] [FederationTool] [선택요소건너뜀] claim_page_warning_close: selector 값 없음
2026-06-10 10:44:27 [INFO] [FederationTool] [선택요소건너뜀] operation_guide_close: selector 값 없음
2026-06-10 10:44:27 [ERROR] [FederationTool] 청구 명세서 자동화 중 오류: Message: invalid session id; For documentation on this error, please visit: https://www.selenium.dev/documentation/webdriver/troubleshooting/errors#invalidsessionidexception
Stacktrace:
	chromedriver!GetHandleVerifier [0x7ff7f7573435+14875]
	chromedriver!GetHandleVerifier [0x7ff7f7573490+148d0]
	chromedriver!(No symbol) [0x7ff7f70c7576]
	chromedriver!(No symbol) [0x7ff7f7112ea6]
	chromedriver!(No symbol) [0x7ff7f714a182]
	chromedriver!(No symbol) [0x7ff7f7143f82]
	chromedriver!(No symbol) [0x7ff7f7143742]
	chromedriver!(No symbol) [0x7ff7f7090255]
	chromedriver!GetHandleVerifier [0x7ff7f7b56c91+5f80d1]
	chromedriver!GetHandleVerifier [0x7ff7f7b5101b+5f245b]
	chromedriver!GetHandleVerifier [0x7ff7f7b76305+617745]
	chromedriver!GetHandleVerifier [0x7ff7f75903ee+3182e]
	chromedriver!GetHandleVerifier [0x7ff7f7598b0c+39f4c]
	chromedriver!(No symbol) [0x7ff7f708eff8]
	chromedriver!GetHandleVerifier [0x7ff7f7d2f358+7d0798]
	KERNEL32!BaseThreadInitThunk [0x7ff95d6de957+17]
	ntdll!RtlUserThreadStart [0x7ff95ede427c+2c]

2026-06-10 11:11:49 [INFO] [FederationTool] [청운점] 공단툴 지점 버튼 클릭, 롱텀 로그인 시작
2026-06-10 11:12:06 [WARNING] [LoginTool] 공단 메인 프레임 확인 대기 10초 초과 - 자동화 단계로 계속 진행합니다.
2026-06-10 11:12:06 [INFO] [FederationTool] 롱텀 공단 로그인 절차를 완료했습니다.
2026-06-10 11:12:06 [INFO] [FederationTool] 윈도우 전환 준비: handles=['4D2F19F42C04618BDCBC94740BBE620C', '3A90C224217E9603A80901BDEE5F29A5'], current_url=https://www.longtermcare.or.kr/npbs/r/a/104/selectMyBlog.web?menuId=npe0000002835&ltcAdminSym=14183000214
2026-06-10 11:12:06 [INFO] [FederationTool] 로그인 후 공단 청구 자동화 초기화 중...
2026-06-10 11:12:06 [INFO] [FederationTool] 브라우저 윈도우/탭 2번째로 전환합니다.
2026-06-10 11:12:06 [INFO] [FederationTool] [진단] 자동화 시작: handles=['4D2F19F42C04618BDCBC94740BBE620C', '3A90C224217E9603A80901BDEE5F29A5'], current=3A90C224217E9603A80901BDEE5F29A5, title=장기요양정보시스템, url=https://www.longtermcare.or.kr/npbs/xui/manage.html?SESSIONCHECK!vQbNNGnIs6FeTYhp3l0Dvbrfa5aQ9zAjldd3ChktrZCp1FDXThYPIb9P71r1cgKR.amV1c19kb21haW4vbnBic19vcHJfbmV3MTE=&gv_xgateUrl!www.longtermcare.or.kr&gv_isPMSQ!Y&gv_initMenuId!null
2026-06-10 11:12:06 [INFO] [FederationTool] [단계] 초기 팝업 닫기
2026-06-10 11:12:06 [INFO] [FederationTool] 열려있는 알림/모달/팝업 닫기 시도
2026-06-10 11:12:06 [INFO] [FederationTool] [진단] 팝업 닫기 시작: handles=['4D2F19F42C04618BDCBC94740BBE620C', '3A90C224217E9603A80901BDEE5F29A5'], current=3A90C224217E9603A80901BDEE5F29A5, title=장기요양정보시스템, url=https://www.longtermcare.or.kr/npbs/xui/manage.html?SESSIONCHECK!vQbNNGnIs6FeTYhp3l0Dvbrfa5aQ9zAjldd3ChktrZCp1FDXThYPIb9P71r1cgKR.amV1c19kb21haW4vbnBic19vcHJfbmV3MTE=&gv_xgateUrl!www.longtermcare.or.kr&gv_isPMSQ!Y&gv_initMenuId!null
2026-06-10 11:12:06 [INFO] [FederationTool] [팝업닫기] attempt=1
2026-06-10 11:12:06 [INFO] [FederationTool] [새창제어] action=close_extra handles=['4D2F19F42C04618BDCBC94740BBE620C', '3A90C224217E9603A80901BDEE5F29A5'] current=3A90C224217E9603A80901BDEE5F29A5
2026-06-10 11:12:07 [INFO] [FederationTool] [공통팝업검색] 공통 버튼 - 닫기 by=xpath value=//button[normalize-space(.)='닫기'] found=0
2026-06-10 11:12:07 [INFO] [FederationTool] [공통팝업검색] 공통 버튼 - 확인 by=xpath value=//button[normalize-space(.)='확인'] found=0
2026-06-10 11:12:07 [INFO] [FederationTool] [공통팝업검색] 공통 링크 - 닫기 by=xpath value=//a[normalize-space(.)='닫기'] found=0
2026-06-10 11:12:07 [INFO] [FederationTool] [공통팝업검색] 공통 링크 - 확인 by=xpath value=//a[normalize-space(.)='확인'] found=0
2026-06-10 11:12:07 [INFO] [FederationTool] [선택요소건너뜀] layer_popup_close: selector 값 없음
2026-06-10 11:12:07 [INFO] [FederationTool] [선택요소건너뜀] layer_popup_confirm: selector 값 없음
2026-06-10 11:12:07 [INFO] [FederationTool] [선택요소건너뜀] browser_popup_close_button: selector 값 없음
2026-06-10 11:12:07 [INFO] [FederationTool] [선택요소검색] first_modal_close (첫 모달 닫기) by=xpath value=/html/body/div[2]/div[3]/div/div[1]/div/div/div/div/div/div[3]/div/div[2] found=1 timeout=3
2026-06-10 11:12:07 [INFO] [FederationTool] [선택요소상태] first_modal_close[1] displayed=True enabled=True text=닫기
2026-06-10 11:12:08 [INFO] [FederationTool] [선택요소클릭성공] first_modal_close
2026-06-10 11:12:08 [INFO] [FederationTool] [선택요소검색] second_modal_close (두번째 모달을 닫기) by=xpath value=/html/body/div[2]/div[2]/div/div[1]/div/div/div/div/div/div[3]/div/div[2] found=1 timeout=3
2026-06-10 11:12:08 [INFO] [FederationTool] [선택요소상태] second_modal_close[1] displayed=True enabled=True text=닫기
2026-06-10 11:12:08 [INFO] [FederationTool] [선택요소클릭성공] second_modal_close
2026-06-10 11:12:08 [INFO] [FederationTool] [선택요소건너뜀] claim_page_warning_close: selector 값 없음
2026-06-10 11:12:08 [INFO] [FederationTool] [선택요소건너뜀] operation_guide_close: selector 값 없음
2026-06-10 11:12:08 [INFO] [FederationTool] [프레임검색] iframe found=1
2026-06-10 11:12:08 [INFO] [FederationTool] [프레임진입] iframe 1/1
2026-06-10 11:12:09 [INFO] [FederationTool] [공통팝업검색] 공통 버튼 - 닫기 by=xpath value=//button[normalize-space(.)='닫기'] found=0
2026-06-10 11:12:09 [INFO] [FederationTool] [공통팝업검색] 공통 버튼 - 확인 by=xpath value=//button[normalize-space(.)='확인'] found=0
2026-06-10 11:12:09 [INFO] [FederationTool] [공통팝업검색] 공통 링크 - 닫기 by=xpath value=//a[normalize-space(.)='닫기'] found=0
2026-06-10 11:12:09 [INFO] [FederationTool] [공통팝업검색] 공통 링크 - 확인 by=xpath value=//a[normalize-space(.)='확인'] found=0
2026-06-10 11:12:09 [INFO] [FederationTool] [선택요소건너뜀] layer_popup_close: selector 값 없음
2026-06-10 11:12:09 [INFO] [FederationTool] [선택요소건너뜀] layer_popup_confirm: selector 값 없음
2026-06-10 11:12:09 [INFO] [FederationTool] [선택요소건너뜀] browser_popup_close_button: selector 값 없음
2026-06-10 11:12:09 [INFO] [FederationTool] [선택요소검색] first_modal_close (첫 모달 닫기) by=xpath value=/html/body/div[2]/div[3]/div/div[1]/div/div/div/div/div/div[3]/div/div[2] found=0 timeout=3
2026-06-10 11:12:12 [INFO] [FederationTool] [선택요소없음] first_modal_close: 3초 안에 클릭 가능한 요소 없음
2026-06-10 11:12:12 [INFO] [FederationTool] [선택요소검색] second_modal_close (두번째 모달을 닫기) by=xpath value=/html/body/div[2]/div[2]/div/div[1]/div/div/div/div/div/div[3]/div/div[2] found=0 timeout=3
2026-06-10 11:12:15 [INFO] [FederationTool] [선택요소없음] second_modal_close: 3초 안에 클릭 가능한 요소 없음
2026-06-10 11:12:15 [INFO] [FederationTool] [팝업닫기] attempt=2
2026-06-10 11:12:15 [INFO] [FederationTool] [새창제어] action=close_extra handles=['3A90C224217E9603A80901BDEE5F29A5'] current=3A90C224217E9603A80901BDEE5F29A5
2026-06-10 11:12:16 [INFO] [FederationTool] [공통팝업검색] 공통 버튼 - 닫기 by=xpath value=//button[normalize-space(.)='닫기'] found=0
2026-06-10 11:12:16 [INFO] [FederationTool] [공통팝업검색] 공통 버튼 - 확인 by=xpath value=//button[normalize-space(.)='확인'] found=0
2026-06-10 11:12:16 [INFO] [FederationTool] [공통팝업검색] 공통 링크 - 닫기 by=xpath value=//a[normalize-space(.)='닫기'] found=0
2026-06-10 11:12:16 [INFO] [FederationTool] [공통팝업검색] 공통 링크 - 확인 by=xpath value=//a[normalize-space(.)='확인'] found=0
2026-06-10 11:12:16 [INFO] [FederationTool] [선택요소건너뜀] layer_popup_close: selector 값 없음
2026-06-10 11:12:16 [INFO] [FederationTool] [선택요소건너뜀] layer_popup_confirm: selector 값 없음
2026-06-10 11:12:16 [INFO] [FederationTool] [선택요소건너뜀] browser_popup_close_button: selector 값 없음
2026-06-10 11:12:16 [INFO] [FederationTool] [선택요소검색] first_modal_close (첫 모달 닫기) by=xpath value=/html/body/div[2]/div[3]/div/div[1]/div/div/div/div/div/div[3]/div/div[2] found=0 timeout=3
2026-06-10 11:12:19 [INFO] [FederationTool] [선택요소없음] first_modal_close: 3초 안에 클릭 가능한 요소 없음
2026-06-10 11:12:19 [INFO] [FederationTool] [선택요소검색] second_modal_close (두번째 모달을 닫기) by=xpath value=/html/body/div[2]/div[2]/div/div[1]/div/div/div/div/div/div[3]/div/div[2] found=0 timeout=3
2026-06-10 11:12:22 [INFO] [FederationTool] [선택요소없음] second_modal_close: 3초 안에 클릭 가능한 요소 없음
2026-06-10 11:12:22 [INFO] [FederationTool] [선택요소건너뜀] claim_page_warning_close: selector 값 없음
2026-06-10 11:12:22 [INFO] [FederationTool] [선택요소건너뜀] operation_guide_close: selector 값 없음
2026-06-10 11:12:22 [INFO] [FederationTool] [프레임검색] iframe found=1
2026-06-10 11:12:22 [INFO] [FederationTool] [프레임진입] iframe 1/1
2026-06-10 11:12:23 [INFO] [FederationTool] [공통팝업검색] 공통 버튼 - 닫기 by=xpath value=//button[normalize-space(.)='닫기'] found=0
2026-06-10 11:12:23 [INFO] [FederationTool] [공통팝업검색] 공통 버튼 - 확인 by=xpath value=//button[normalize-space(.)='확인'] found=0
2026-06-10 11:12:23 [INFO] [FederationTool] [공통팝업검색] 공통 링크 - 닫기 by=xpath value=//a[normalize-space(.)='닫기'] found=0
2026-06-10 11:12:23 [INFO] [FederationTool] [공통팝업검색] 공통 링크 - 확인 by=xpath value=//a[normalize-space(.)='확인'] found=0
2026-06-10 11:12:23 [INFO] [FederationTool] [선택요소건너뜀] layer_popup_close: selector 값 없음
2026-06-10 11:12:23 [INFO] [FederationTool] [선택요소건너뜀] layer_popup_confirm: selector 값 없음
2026-06-10 11:12:23 [INFO] [FederationTool] [선택요소건너뜀] browser_popup_close_button: selector 값 없음
2026-06-10 11:12:23 [INFO] [FederationTool] [선택요소검색] first_modal_close (첫 모달 닫기) by=xpath value=/html/body/div[2]/div[3]/div/div[1]/div/div/div/div/div/div[3]/div/div[2] found=0 timeout=3
2026-06-10 11:12:26 [INFO] [FederationTool] [선택요소없음] first_modal_close: 3초 안에 클릭 가능한 요소 없음
2026-06-10 11:12:26 [INFO] [FederationTool] [선택요소검색] second_modal_close (두번째 모달을 닫기) by=xpath value=/html/body/div[2]/div[2]/div/div[1]/div/div/div/div/div/div[3]/div/div[2] found=0 timeout=3
2026-06-10 11:12:30 [INFO] [FederationTool] [선택요소없음] second_modal_close: 3초 안에 클릭 가능한 요소 없음
2026-06-10 11:12:30 [INFO] [FederationTool] [진단] 팝업 닫기 종료: handles=['3A90C224217E9603A80901BDEE5F29A5'], current=3A90C224217E9603A80901BDEE5F29A5, title=장기요양정보시스템, url=https://www.longtermcare.or.kr/npbs/xui/manage.html?SESSIONCHECK!vQbNNGnIs6FeTYhp3l0Dvbrfa5aQ9zAjldd3ChktrZCp1FDXThYPIb9P71r1cgKR.amV1c19kb21haW4vbnBic19vcHJfbmV3MTE=&gv_xgateUrl!www.longtermcare.or.kr&gv_isPMSQ!Y&gv_initMenuId!null
2026-06-10 11:12:30 [INFO] [FederationTool] [단계] 급여비용청구 메뉴 열기
2026-06-10 11:12:30 [INFO] [FederationTool] 상단 메뉴 '급여비용청구' 마우스 오버 후 드롭다운 메뉴 클릭
2026-06-10 11:12:30 [INFO] [FederationTool] [클릭대기] payroll_claim_dropdown (드롭다운 메뉴 - 급여비용청구) by=xpath value=/html/body/div[2]/div[6]/div[2]/div/div[1]/div timeout=20
2026-06-10 11:12:51 [ERROR] [FederationTool] 청구 명세서 자동화 중 오류: Message: 

2026-06-10 11:15:32 [INFO] [FederationTool] [청운점] 공단툴 지점 버튼 클릭, 롱텀 로그인 시작
2026-06-10 11:15:47 [WARNING] [LoginTool] 공단 메인 프레임 확인 대기 10초 초과 - 자동화 단계로 계속 진행합니다.
2026-06-10 11:15:47 [INFO] [FederationTool] 롱텀 공단 로그인 절차를 완료했습니다.
2026-06-10 11:15:47 [INFO] [FederationTool] 윈도우 전환 준비: handles=['ECD3E52819FF41CE38BCD71182970C4D', '8EDE0DE6BA1AE46A48C0EE758B064002'], current_url=https://www.longtermcare.or.kr/npbs/r/a/104/selectMyBlog.web?menuId=npe0000002835&ltcAdminSym=14183000214
2026-06-10 11:15:47 [INFO] [FederationTool] 로그인 후 공단 청구 자동화 초기화 중...
2026-06-10 11:15:47 [INFO] [FederationTool] 브라우저 윈도우/탭 2번째로 전환합니다.
2026-06-10 11:15:47 [INFO] [FederationTool] [진단] 자동화 시작: handles=['ECD3E52819FF41CE38BCD71182970C4D', '8EDE0DE6BA1AE46A48C0EE758B064002'], current=8EDE0DE6BA1AE46A48C0EE758B064002, title=장기요양정보시스템, url=https://www.longtermcare.or.kr/npbs/xui/manage.html?SESSIONCHECK!GgQv1YFgXyOPLqLSuJZdALAEQwuWDc2glHU1zB1e4eJ5jsHuT1aaXadv4rgoMLaA.amV1c19kb21haW4vbnBic19vcHJfbmV3NDQ=&gv_xgateUrl!www.longtermcare.or.kr&gv_isPMSQ!Y&gv_initMenuId!null
2026-06-10 11:15:47 [INFO] [FederationTool] [단계] 초기 팝업 닫기
2026-06-10 11:15:47 [INFO] [FederationTool] 열려있는 알림/모달/팝업 닫기 시도
2026-06-10 11:15:47 [INFO] [FederationTool] [진단] 팝업 닫기 시작: handles=['ECD3E52819FF41CE38BCD71182970C4D', '8EDE0DE6BA1AE46A48C0EE758B064002'], current=8EDE0DE6BA1AE46A48C0EE758B064002, title=장기요양정보시스템, url=https://www.longtermcare.or.kr/npbs/xui/manage.html?SESSIONCHECK!GgQv1YFgXyOPLqLSuJZdALAEQwuWDc2glHU1zB1e4eJ5jsHuT1aaXadv4rgoMLaA.amV1c19kb21haW4vbnBic19vcHJfbmV3NDQ=&gv_xgateUrl!www.longtermcare.or.kr&gv_isPMSQ!Y&gv_initMenuId!null
2026-06-10 11:15:47 [INFO] [FederationTool] [팝업닫기] attempt=1
2026-06-10 11:15:47 [INFO] [FederationTool] [새창제어] action=close_extra handles=['ECD3E52819FF41CE38BCD71182970C4D', '8EDE0DE6BA1AE46A48C0EE758B064002'] current=8EDE0DE6BA1AE46A48C0EE758B064002
2026-06-10 11:15:48 [INFO] [FederationTool] [공통팝업검색] 공통 버튼 - 닫기 by=xpath value=//button[normalize-space(.)='닫기'] found=0
2026-06-10 11:15:48 [INFO] [FederationTool] [공통팝업검색] 공통 버튼 - 확인 by=xpath value=//button[normalize-space(.)='확인'] found=0
2026-06-10 11:15:48 [INFO] [FederationTool] [공통팝업검색] 공통 링크 - 닫기 by=xpath value=//a[normalize-space(.)='닫기'] found=0
2026-06-10 11:15:48 [INFO] [FederationTool] [공통팝업검색] 공통 링크 - 확인 by=xpath value=//a[normalize-space(.)='확인'] found=0
2026-06-10 11:15:48 [INFO] [FederationTool] [선택요소건너뜀] layer_popup_close: selector 값 없음
2026-06-10 11:15:48 [INFO] [FederationTool] [선택요소건너뜀] layer_popup_confirm: selector 값 없음
2026-06-10 11:15:48 [INFO] [FederationTool] [선택요소건너뜀] browser_popup_close_button: selector 값 없음
2026-06-10 11:15:48 [INFO] [FederationTool] [선택요소검색] first_modal_close (첫 모달 닫기) by=xpath value=/html/body/div[2]/div[3]/div/div[1]/div/div/div/div/div/div[3]/div/div[2] found=1 timeout=3
2026-06-10 11:15:48 [INFO] [FederationTool] [선택요소상태] first_modal_close[1] displayed=True enabled=True text=닫기
2026-06-10 11:15:48 [INFO] [FederationTool] [선택요소클릭성공] first_modal_close
2026-06-10 11:15:48 [INFO] [FederationTool] [선택요소검색] second_modal_close (두번째 모달을 닫기) by=xpath value=/html/body/div[2]/div[2]/div/div[1]/div/div/div/div/div/div[3]/div/div[2] found=1 timeout=3
2026-06-10 11:15:48 [INFO] [FederationTool] [선택요소상태] second_modal_close[1] displayed=True enabled=True text=닫기
2026-06-10 11:15:48 [INFO] [FederationTool] [선택요소클릭성공] second_modal_close
2026-06-10 11:15:48 [INFO] [FederationTool] [선택요소건너뜀] claim_page_warning_close: selector 값 없음
2026-06-10 11:15:48 [INFO] [FederationTool] [선택요소건너뜀] operation_guide_close: selector 값 없음
2026-06-10 11:15:48 [INFO] [FederationTool] [프레임검색] iframe found=1
2026-06-10 11:15:48 [INFO] [FederationTool] [프레임진입] iframe 1/1
2026-06-10 11:15:49 [INFO] [FederationTool] [공통팝업검색] 공통 버튼 - 닫기 by=xpath value=//button[normalize-space(.)='닫기'] found=0
2026-06-10 11:15:49 [INFO] [FederationTool] [공통팝업검색] 공통 버튼 - 확인 by=xpath value=//button[normalize-space(.)='확인'] found=0
2026-06-10 11:15:49 [INFO] [FederationTool] [공통팝업검색] 공통 링크 - 닫기 by=xpath value=//a[normalize-space(.)='닫기'] found=0
2026-06-10 11:15:49 [INFO] [FederationTool] [공통팝업검색] 공통 링크 - 확인 by=xpath value=//a[normalize-space(.)='확인'] found=0
2026-06-10 11:15:49 [INFO] [FederationTool] [선택요소건너뜀] layer_popup_close: selector 값 없음
2026-06-10 11:15:49 [INFO] [FederationTool] [선택요소건너뜀] layer_popup_confirm: selector 값 없음
2026-06-10 11:15:49 [INFO] [FederationTool] [선택요소건너뜀] browser_popup_close_button: selector 값 없음
2026-06-10 11:15:49 [INFO] [FederationTool] [선택요소검색] first_modal_close (첫 모달 닫기) by=xpath value=/html/body/div[2]/div[3]/div/div[1]/div/div/div/div/div/div[3]/div/div[2] found=0 timeout=3
2026-06-10 11:15:52 [INFO] [FederationTool] [선택요소없음] first_modal_close: 3초 안에 클릭 가능한 요소 없음
2026-06-10 11:15:52 [INFO] [FederationTool] [선택요소검색] second_modal_close (두번째 모달을 닫기) by=xpath value=/html/body/div[2]/div[2]/div/div[1]/div/div/div/div/div/div[3]/div/div[2] found=0 timeout=3
2026-06-10 11:15:56 [INFO] [FederationTool] [선택요소없음] second_modal_close: 3초 안에 클릭 가능한 요소 없음
2026-06-10 11:15:56 [INFO] [FederationTool] [팝업닫기] attempt=2
2026-06-10 11:15:56 [INFO] [FederationTool] [새창제어] action=close_extra handles=['8EDE0DE6BA1AE46A48C0EE758B064002'] current=8EDE0DE6BA1AE46A48C0EE758B064002
2026-06-10 11:15:57 [INFO] [FederationTool] [공통팝업검색] 공통 버튼 - 닫기 by=xpath value=//button[normalize-space(.)='닫기'] found=0
2026-06-10 11:15:57 [INFO] [FederationTool] [공통팝업검색] 공통 버튼 - 확인 by=xpath value=//button[normalize-space(.)='확인'] found=0
2026-06-10 11:15:57 [INFO] [FederationTool] [공통팝업검색] 공통 링크 - 닫기 by=xpath value=//a[normalize-space(.)='닫기'] found=0
2026-06-10 11:15:57 [INFO] [FederationTool] [공통팝업검색] 공통 링크 - 확인 by=xpath value=//a[normalize-space(.)='확인'] found=0
2026-06-10 11:15:57 [INFO] [FederationTool] [선택요소건너뜀] layer_popup_close: selector 값 없음
2026-06-10 11:15:57 [INFO] [FederationTool] [선택요소건너뜀] layer_popup_confirm: selector 값 없음
2026-06-10 11:15:57 [INFO] [FederationTool] [선택요소건너뜀] browser_popup_close_button: selector 값 없음
2026-06-10 11:15:57 [INFO] [FederationTool] [선택요소검색] first_modal_close (첫 모달 닫기) by=xpath value=/html/body/div[2]/div[3]/div/div[1]/div/div/div/div/div/div[3]/div/div[2] found=0 timeout=3
2026-06-10 11:16:00 [INFO] [FederationTool] [선택요소없음] first_modal_close: 3초 안에 클릭 가능한 요소 없음
2026-06-10 11:16:00 [INFO] [FederationTool] [선택요소검색] second_modal_close (두번째 모달을 닫기) by=xpath value=/html/body/div[2]/div[2]/div/div[1]/div/div/div/div/div/div[3]/div/div[2] found=0 timeout=3
2026-06-10 11:16:03 [INFO] [FederationTool] [선택요소없음] second_modal_close: 3초 안에 클릭 가능한 요소 없음
2026-06-10 11:16:03 [INFO] [FederationTool] [선택요소건너뜀] claim_page_warning_close: selector 값 없음
2026-06-10 11:16:03 [INFO] [FederationTool] [선택요소건너뜀] operation_guide_close: selector 값 없음
2026-06-10 11:16:03 [INFO] [FederationTool] [프레임검색] iframe found=1
2026-06-10 11:16:03 [INFO] [FederationTool] [프레임진입] iframe 1/1
2026-06-10 11:16:04 [INFO] [FederationTool] [공통팝업검색] 공통 버튼 - 닫기 by=xpath value=//button[normalize-space(.)='닫기'] found=0
2026-06-10 11:16:04 [INFO] [FederationTool] [공통팝업검색] 공통 버튼 - 확인 by=xpath value=//button[normalize-space(.)='확인'] found=0
2026-06-10 11:16:04 [INFO] [FederationTool] [공통팝업검색] 공통 링크 - 닫기 by=xpath value=//a[normalize-space(.)='닫기'] found=0
2026-06-10 11:16:04 [INFO] [FederationTool] [공통팝업검색] 공통 링크 - 확인 by=xpath value=//a[normalize-space(.)='확인'] found=0
2026-06-10 11:16:04 [INFO] [FederationTool] [선택요소건너뜀] layer_popup_close: selector 값 없음
2026-06-10 11:16:04 [INFO] [FederationTool] [선택요소건너뜀] layer_popup_confirm: selector 값 없음
2026-06-10 11:16:04 [INFO] [FederationTool] [선택요소건너뜀] browser_popup_close_button: selector 값 없음
2026-06-10 11:16:04 [INFO] [FederationTool] [선택요소검색] first_modal_close (첫 모달 닫기) by=xpath value=/html/body/div[2]/div[3]/div/div[1]/div/div/div/div/div/div[3]/div/div[2] found=0 timeout=3
2026-06-10 11:16:07 [INFO] [FederationTool] [선택요소없음] first_modal_close: 3초 안에 클릭 가능한 요소 없음
2026-06-10 11:16:07 [INFO] [FederationTool] [선택요소검색] second_modal_close (두번째 모달을 닫기) by=xpath value=/html/body/div[2]/div[2]/div/div[1]/div/div/div/div/div/div[3]/div/div[2] found=0 timeout=3
2026-06-10 11:16:10 [INFO] [FederationTool] [선택요소없음] second_modal_close: 3초 안에 클릭 가능한 요소 없음
2026-06-10 11:16:10 [INFO] [FederationTool] [진단] 팝업 닫기 종료: handles=['8EDE0DE6BA1AE46A48C0EE758B064002'], current=8EDE0DE6BA1AE46A48C0EE758B064002, title=장기요양정보시스템, url=https://www.longtermcare.or.kr/npbs/xui/manage.html?SESSIONCHECK!GgQv1YFgXyOPLqLSuJZdALAEQwuWDc2glHU1zB1e4eJ5jsHuT1aaXadv4rgoMLaA.amV1c19kb21haW4vbnBic19vcHJfbmV3NDQ=&gv_xgateUrl!www.longtermcare.or.kr&gv_isPMSQ!Y&gv_initMenuId!null
2026-06-10 11:16:10 [INFO] [FederationTool] [단계] 급여비용청구 메뉴 열기
2026-06-10 11:16:10 [INFO] [FederationTool] 상단 메뉴 '급여비용청구' 마우스 오버 후 드롭다운 메뉴 클릭
2026-06-10 11:16:11 [INFO] [FederationTool] [클릭대기] payroll_claim_dropdown (드롭다운 메뉴 - 급여비용청구) by=xpath value=//*[text()='급여비용청구' and @id='mainframe.VFrameSet.frameTop.form.pmnu_subMenu.popupmenuitem.popupmenuitemtext:text'] timeout=20
2026-06-10 11:16:31 [ERROR] [FederationTool] 청구 명세서 자동화 중 오류: Message: 

2026-06-10 11:19:08 [INFO] [FederationTool] [청운점] 공단툴 지점 버튼 클릭, 롱텀 로그인 시작
2026-06-10 11:19:23 [WARNING] [LoginTool] 공단 메인 프레임 확인 대기 10초 초과 - 자동화 단계로 계속 진행합니다.
2026-06-10 11:19:23 [INFO] [FederationTool] 롱텀 공단 로그인 절차를 완료했습니다.
2026-06-10 11:19:23 [INFO] [FederationTool] 윈도우 전환 준비: handles=['416650FA13057268CA93E5CC2C590B90', 'CAEB5D5B8A144D4D118518BCBFB9E11A'], current_url=https://www.longtermcare.or.kr/npbs/r/a/104/selectMyBlog.web?menuId=npe0000002835&ltcAdminSym=14183000214
2026-06-10 11:19:23 [INFO] [FederationTool] 로그인 후 공단 청구 자동화 초기화 중...
2026-06-10 11:19:23 [INFO] [FederationTool] 브라우저 윈도우/탭 2번째로 전환합니다.
2026-06-10 11:19:23 [INFO] [FederationTool] [진단] 자동화 시작: handles=['416650FA13057268CA93E5CC2C590B90', 'CAEB5D5B8A144D4D118518BCBFB9E11A'], current=CAEB5D5B8A144D4D118518BCBFB9E11A, title=장기요양정보시스템, url=https://www.longtermcare.or.kr/npbs/xui/manage.html?SESSIONCHECK!ynG0abiBm2e48GfW1sCMPVEI8yLsh51flV5VZQs0UzP9ijA3TXX1X8g2iMoHaMkc.amV1c19kb21haW4vbnBic19vcHJfbmV3MjE=&gv_xgateUrl!www.longtermcare.or.kr&gv_isPMSQ!Y&gv_initMenuId!null
2026-06-10 11:19:23 [INFO] [FederationTool] [단계] 초기 팝업 닫기
2026-06-10 11:19:23 [INFO] [FederationTool] 열려있는 알림/모달/팝업 닫기 시도
2026-06-10 11:19:23 [INFO] [FederationTool] [진단] 팝업 닫기 시작: handles=['416650FA13057268CA93E5CC2C590B90', 'CAEB5D5B8A144D4D118518BCBFB9E11A'], current=CAEB5D5B8A144D4D118518BCBFB9E11A, title=장기요양정보시스템, url=https://www.longtermcare.or.kr/npbs/xui/manage.html?SESSIONCHECK!ynG0abiBm2e48GfW1sCMPVEI8yLsh51flV5VZQs0UzP9ijA3TXX1X8g2iMoHaMkc.amV1c19kb21haW4vbnBic19vcHJfbmV3MjE=&gv_xgateUrl!www.longtermcare.or.kr&gv_isPMSQ!Y&gv_initMenuId!null
2026-06-10 11:19:23 [INFO] [FederationTool] [팝업닫기] attempt=1
2026-06-10 11:19:23 [INFO] [FederationTool] [새창제어] action=close_extra handles=['416650FA13057268CA93E5CC2C590B90', 'CAEB5D5B8A144D4D118518BCBFB9E11A'] current=CAEB5D5B8A144D4D118518BCBFB9E11A
2026-06-10 11:19:24 [INFO] [FederationTool] [공통팝업검색] 공통 버튼 - 닫기 by=xpath value=//button[normalize-space(.)='닫기'] found=0
2026-06-10 11:19:24 [INFO] [FederationTool] [공통팝업검색] 공통 버튼 - 확인 by=xpath value=//button[normalize-space(.)='확인'] found=0
2026-06-10 11:19:24 [INFO] [FederationTool] [공통팝업검색] 공통 링크 - 닫기 by=xpath value=//a[normalize-space(.)='닫기'] found=0
2026-06-10 11:19:24 [INFO] [FederationTool] [공통팝업검색] 공통 링크 - 확인 by=xpath value=//a[normalize-space(.)='확인'] found=0
2026-06-10 11:19:24 [INFO] [FederationTool] [선택요소건너뜀] layer_popup_close: selector 값 없음
2026-06-10 11:19:24 [INFO] [FederationTool] [선택요소건너뜀] layer_popup_confirm: selector 값 없음
2026-06-10 11:19:24 [INFO] [FederationTool] [선택요소건너뜀] browser_popup_close_button: selector 값 없음
2026-06-10 11:19:24 [INFO] [FederationTool] [선택요소검색] first_modal_close (첫 모달 닫기) by=xpath value=/html/body/div[2]/div[3]/div/div[1]/div/div/div/div/div/div[3]/div/div[2] found=1 timeout=3
2026-06-10 11:19:24 [INFO] [FederationTool] [선택요소상태] first_modal_close[1] displayed=True enabled=True text=닫기
2026-06-10 11:19:25 [INFO] [FederationTool] [선택요소클릭성공] first_modal_close
2026-06-10 11:19:25 [INFO] [FederationTool] [선택요소검색] second_modal_close (두번째 모달을 닫기) by=xpath value=/html/body/div[2]/div[2]/div/div[1]/div/div/div/div/div/div[3]/div/div[2] found=1 timeout=3
2026-06-10 11:19:25 [INFO] [FederationTool] [선택요소상태] second_modal_close[1] displayed=True enabled=True text=닫기
2026-06-10 11:19:25 [INFO] [FederationTool] [선택요소클릭성공] second_modal_close
2026-06-10 11:19:25 [INFO] [FederationTool] [선택요소건너뜀] claim_page_warning_close: selector 값 없음
2026-06-10 11:19:25 [INFO] [FederationTool] [선택요소건너뜀] operation_guide_close: selector 값 없음
2026-06-10 11:19:25 [INFO] [FederationTool] [프레임검색] iframe found=1
2026-06-10 11:19:25 [INFO] [FederationTool] [프레임진입] iframe 1/1
2026-06-10 11:19:26 [INFO] [FederationTool] [공통팝업검색] 공통 버튼 - 닫기 by=xpath value=//button[normalize-space(.)='닫기'] found=0
2026-06-10 11:19:26 [INFO] [FederationTool] [공통팝업검색] 공통 버튼 - 확인 by=xpath value=//button[normalize-space(.)='확인'] found=0
2026-06-10 11:19:26 [INFO] [FederationTool] [공통팝업검색] 공통 링크 - 닫기 by=xpath value=//a[normalize-space(.)='닫기'] found=0
2026-06-10 11:19:26 [INFO] [FederationTool] [공통팝업검색] 공통 링크 - 확인 by=xpath value=//a[normalize-space(.)='확인'] found=0
2026-06-10 11:19:26 [INFO] [FederationTool] [선택요소건너뜀] layer_popup_close: selector 값 없음
2026-06-10 11:19:26 [INFO] [FederationTool] [선택요소건너뜀] layer_popup_confirm: selector 값 없음
2026-06-10 11:19:26 [INFO] [FederationTool] [선택요소건너뜀] browser_popup_close_button: selector 값 없음
2026-06-10 11:19:26 [INFO] [FederationTool] [선택요소검색] first_modal_close (첫 모달 닫기) by=xpath value=/html/body/div[2]/div[3]/div/div[1]/div/div/div/div/div/div[3]/div/div[2] found=0 timeout=3
2026-06-10 11:19:29 [INFO] [FederationTool] [선택요소없음] first_modal_close: 3초 안에 클릭 가능한 요소 없음
2026-06-10 11:19:29 [INFO] [FederationTool] [선택요소검색] second_modal_close (두번째 모달을 닫기) by=xpath value=/html/body/div[2]/div[2]/div/div[1]/div/div/div/div/div/div[3]/div/div[2] found=0 timeout=3
2026-06-10 11:19:32 [INFO] [FederationTool] [선택요소없음] second_modal_close: 3초 안에 클릭 가능한 요소 없음
2026-06-10 11:19:32 [INFO] [FederationTool] [팝업닫기] attempt=2
2026-06-10 11:19:32 [INFO] [FederationTool] [새창제어] action=close_extra handles=['CAEB5D5B8A144D4D118518BCBFB9E11A'] current=CAEB5D5B8A144D4D118518BCBFB9E11A
2026-06-10 11:19:32 [INFO] [FederationTool] [공통팝업닫기실패] 공통 버튼 - 닫기: InvalidSessionIdException: Message: invalid session id; For documentation on this error, please visit: https://www.selenium.dev/documentation/webdriver/troubleshooting/errors#invalidsessionidexception
Stacktrace:
	chromedriver!GetHandleVerifier [0x7ff7f7573435+14875]
	chromedriver!GetHandleVerifier [0x7ff7f7573490+148d0]
	chromedriver!(No symbol) [0x7ff7f70c7576]
	chromedriver!(No symbol) [0x7ff7f7112ea6]
	chromedriver!(No symbol) [0x7ff7f714a182]
	chromedriver!(No symbol) [0x7ff7f7143f82]
	chromedriver!(No symbol) [0x7ff7f7143742]
	chromedriver!(No symbol) [0x7ff7f7090255]
	chromedriver!GetHandleVerifier [0x7ff7f7b56c91+5f80d1]
	chromedriver!GetHandleVerifier [0x7ff7f7b5101b+5f245b]
	chromedriver!GetHandleVerifier [0x7ff7f7b76305+617745]
	chromedriver!GetHandleVerifier [0x7ff7f75903ee+3182e]
	chromedriver!GetHandleVerifier [0x7ff7f7598b0c+39f4c]
	chromedriver!(No symbol) [0x7ff7f708eff8]
	chromedriver!GetHandleVerifier [0x7ff7f7d2f358+7d0798]
	KERNEL32!BaseThreadInitThunk [0x7ff95d6de957+17]
	ntdll!RtlUserThreadStart [0x7ff95ede427c+2c]

2026-06-10 11:19:32 [INFO] [FederationTool] [공통팝업닫기실패] 공통 버튼 - 확인: InvalidSessionIdException: Message: invalid session id; For documentation on this error, please visit: https://www.selenium.dev/documentation/webdriver/troubleshooting/errors#invalidsessionidexception
Stacktrace:
	chromedriver!GetHandleVerifier [0x7ff7f7573435+14875]
	chromedriver!GetHandleVerifier [0x7ff7f7573490+148d0]
	chromedriver!(No symbol) [0x7ff7f70c7576]
	chromedriver!(No symbol) [0x7ff7f7112ea6]
	chromedriver!(No symbol) [0x7ff7f714a182]
	chromedriver!(No symbol) [0x7ff7f7143f82]
	chromedriver!(No symbol) [0x7ff7f7143742]
	chromedriver!(No symbol) [0x7ff7f7090255]
	chromedriver!GetHandleVerifier [0x7ff7f7b56c91+5f80d1]
	chromedriver!GetHandleVerifier [0x7ff7f7b5101b+5f245b]
	chromedriver!GetHandleVerifier [0x7ff7f7b76305+617745]
	chromedriver!GetHandleVerifier [0x7ff7f75903ee+3182e]
	chromedriver!GetHandleVerifier [0x7ff7f7598b0c+39f4c]
	chromedriver!(No symbol) [0x7ff7f708eff8]
	chromedriver!GetHandleVerifier [0x7ff7f7d2f358+7d0798]
	KERNEL32!BaseThreadInitThunk [0x7ff95d6de957+17]
	ntdll!RtlUserThreadStart [0x7ff95ede427c+2c]

2026-06-10 11:19:32 [INFO] [FederationTool] [공통팝업닫기실패] 공통 링크 - 닫기: InvalidSessionIdException: Message: invalid session id; For documentation on this error, please visit: https://www.selenium.dev/documentation/webdriver/troubleshooting/errors#invalidsessionidexception
Stacktrace:
	chromedriver!GetHandleVerifier [0x7ff7f7573435+14875]
	chromedriver!GetHandleVerifier [0x7ff7f7573490+148d0]
	chromedriver!(No symbol) [0x7ff7f70c7576]
	chromedriver!(No symbol) [0x7ff7f7112ea6]
	chromedriver!(No symbol) [0x7ff7f714a182]
	chromedriver!(No symbol) [0x7ff7f7143f82]
	chromedriver!(No symbol) [0x7ff7f7143742]
	chromedriver!(No symbol) [0x7ff7f7090255]
	chromedriver!GetHandleVerifier [0x7ff7f7b56c91+5f80d1]
	chromedriver!GetHandleVerifier [0x7ff7f7b5101b+5f245b]
	chromedriver!GetHandleVerifier [0x7ff7f7b76305+617745]
	chromedriver!GetHandleVerifier [0x7ff7f75903ee+3182e]
	chromedriver!GetHandleVerifier [0x7ff7f7598b0c+39f4c]
	chromedriver!(No symbol) [0x7ff7f708eff8]
	chromedriver!GetHandleVerifier [0x7ff7f7d2f358+7d0798]
	KERNEL32!BaseThreadInitThunk [0x7ff95d6de957+17]
	ntdll!RtlUserThreadStart [0x7ff95ede427c+2c]

2026-06-10 11:19:32 [INFO] [FederationTool] [공통팝업닫기실패] 공통 링크 - 확인: InvalidSessionIdException: Message: invalid session id; For documentation on this error, please visit: https://www.selenium.dev/documentation/webdriver/troubleshooting/errors#invalidsessionidexception
Stacktrace:
	chromedriver!GetHandleVerifier [0x7ff7f7573435+14875]
	chromedriver!GetHandleVerifier [0x7ff7f7573490+148d0]
	chromedriver!(No symbol) [0x7ff7f70c7576]
	chromedriver!(No symbol) [0x7ff7f7112ea6]
	chromedriver!(No symbol) [0x7ff7f714a182]
	chromedriver!(No symbol) [0x7ff7f7143f82]
	chromedriver!(No symbol) [0x7ff7f7143742]
	chromedriver!(No symbol) [0x7ff7f7090255]
	chromedriver!GetHandleVerifier [0x7ff7f7b56c91+5f80d1]
	chromedriver!GetHandleVerifier [0x7ff7f7b5101b+5f245b]
	chromedriver!GetHandleVerifier [0x7ff7f7b76305+617745]
	chromedriver!GetHandleVerifier [0x7ff7f75903ee+3182e]
	chromedriver!GetHandleVerifier [0x7ff7f7598b0c+39f4c]
	chromedriver!(No symbol) [0x7ff7f708eff8]
	chromedriver!GetHandleVerifier [0x7ff7f7d2f358+7d0798]
	KERNEL32!BaseThreadInitThunk [0x7ff95d6de957+17]
	ntdll!RtlUserThreadStart [0x7ff95ede427c+2c]

2026-06-10 11:19:32 [INFO] [FederationTool] [선택요소건너뜀] layer_popup_close: selector 값 없음
2026-06-10 11:19:32 [INFO] [FederationTool] [선택요소건너뜀] layer_popup_confirm: selector 값 없음
2026-06-10 11:19:32 [INFO] [FederationTool] [선택요소건너뜀] browser_popup_close_button: selector 값 없음
2026-06-10 11:19:32 [INFO] [FederationTool] [선택요소클릭실패] first_modal_close: InvalidSessionIdException: Message: invalid session id; For documentation on this error, please visit: https://www.selenium.dev/documentation/webdriver/troubleshooting/errors#invalidsessionidexception
Stacktrace:
	chromedriver!GetHandleVerifier [0x7ff7f7573435+14875]
	chromedriver!GetHandleVerifier [0x7ff7f7573490+148d0]
	chromedriver!(No symbol) [0x7ff7f70c7576]
	chromedriver!(No symbol) [0x7ff7f7112ea6]
	chromedriver!(No symbol) [0x7ff7f714a182]
	chromedriver!(No symbol) [0x7ff7f7143f82]
	chromedriver!(No symbol) [0x7ff7f7143742]
	chromedriver!(No symbol) [0x7ff7f7090255]
	chromedriver!GetHandleVerifier [0x7ff7f7b56c91+5f80d1]
	chromedriver!GetHandleVerifier [0x7ff7f7b5101b+5f245b]
	chromedriver!GetHandleVerifier [0x7ff7f7b76305+617745]
	chromedriver!GetHandleVerifier [0x7ff7f75903ee+3182e]
	chromedriver!GetHandleVerifier [0x7ff7f7598b0c+39f4c]
	chromedriver!(No symbol) [0x7ff7f708eff8]
	chromedriver!GetHandleVerifier [0x7ff7f7d2f358+7d0798]
	KERNEL32!BaseThreadInitThunk [0x7ff95d6de957+17]
	ntdll!RtlUserThreadStart [0x7ff95ede427c+2c]

2026-06-10 11:19:32 [INFO] [FederationTool] [선택요소클릭실패] second_modal_close: InvalidSessionIdException: Message: invalid session id; For documentation on this error, please visit: https://www.selenium.dev/documentation/webdriver/troubleshooting/errors#invalidsessionidexception
Stacktrace:
	chromedriver!GetHandleVerifier [0x7ff7f7573435+14875]
	chromedriver!GetHandleVerifier [0x7ff7f7573490+148d0]
	chromedriver!(No symbol) [0x7ff7f70c7576]
	chromedriver!(No symbol) [0x7ff7f7112ea6]
	chromedriver!(No symbol) [0x7ff7f714a182]
	chromedriver!(No symbol) [0x7ff7f7143f82]
	chromedriver!(No symbol) [0x7ff7f7143742]
	chromedriver!(No symbol) [0x7ff7f7090255]
	chromedriver!GetHandleVerifier [0x7ff7f7b56c91+5f80d1]
	chromedriver!GetHandleVerifier [0x7ff7f7b5101b+5f245b]
	chromedriver!GetHandleVerifier [0x7ff7f7b76305+617745]
	chromedriver!GetHandleVerifier [0x7ff7f75903ee+3182e]
	chromedriver!GetHandleVerifier [0x7ff7f7598b0c+39f4c]
	chromedriver!(No symbol) [0x7ff7f708eff8]
	chromedriver!GetHandleVerifier [0x7ff7f7d2f358+7d0798]
	KERNEL32!BaseThreadInitThunk [0x7ff95d6de957+17]
	ntdll!RtlUserThreadStart [0x7ff95ede427c+2c]

2026-06-10 11:19:32 [INFO] [FederationTool] [선택요소건너뜀] claim_page_warning_close: selector 값 없음
2026-06-10 11:19:32 [INFO] [FederationTool] [선택요소건너뜀] operation_guide_close: selector 값 없음
2026-06-10 11:19:32 [ERROR] [FederationTool] 청구 명세서 자동화 중 오류: Message: invalid session id; For documentation on this error, please visit: https://www.selenium.dev/documentation/webdriver/troubleshooting/errors#invalidsessionidexception
Stacktrace:
	chromedriver!GetHandleVerifier [0x7ff7f7573435+14875]
	chromedriver!GetHandleVerifier [0x7ff7f7573490+148d0]
	chromedriver!(No symbol) [0x7ff7f70c7576]
	chromedriver!(No symbol) [0x7ff7f7112ea6]
	chromedriver!(No symbol) [0x7ff7f714a182]
	chromedriver!(No symbol) [0x7ff7f7143f82]
	chromedriver!(No symbol) [0x7ff7f7143742]
	chromedriver!(No symbol) [0x7ff7f7090255]
	chromedriver!GetHandleVerifier [0x7ff7f7b56c91+5f80d1]
	chromedriver!GetHandleVerifier [0x7ff7f7b5101b+5f245b]
	chromedriver!GetHandleVerifier [0x7ff7f7b76305+617745]
	chromedriver!GetHandleVerifier [0x7ff7f75903ee+3182e]
	chromedriver!GetHandleVerifier [0x7ff7f7598b0c+39f4c]
	chromedriver!(No symbol) [0x7ff7f708eff8]
	chromedriver!GetHandleVerifier [0x7ff7f7d2f358+7d0798]
	KERNEL32!BaseThreadInitThunk [0x7ff95d6de957+17]
	ntdll!RtlUserThreadStart [0x7ff95ede427c+2c]

2026-06-10 11:29:39 [INFO] [FederationTool] [청운점] 공단툴 지점 버튼 클릭, 롱텀 로그인 시작
2026-06-10 11:29:54 [WARNING] [LoginTool] 공단 메인 프레임 확인 대기 10초 초과 - 자동화 단계로 계속 진행합니다.
2026-06-10 11:29:54 [INFO] [FederationTool] 롱텀 공단 로그인 절차를 완료했습니다.
2026-06-10 11:29:54 [INFO] [FederationTool] 윈도우 전환 준비: handles=['F7F299B08D170264DEA5E35C47611B47', 'C1EA826D3000B311D85FAE8BD1882906'], current_url=https://www.longtermcare.or.kr/npbs/r/a/104/selectMyBlog.web?menuId=npe0000002835&ltcAdminSym=14183000214
2026-06-10 11:29:54 [INFO] [FederationTool] 로그인 후 공단 청구 자동화 초기화 중...
2026-06-10 11:29:54 [INFO] [FederationTool] 브라우저 윈도우/탭 2번째로 전환합니다.
2026-06-10 11:29:54 [INFO] [FederationTool] [진단] 자동화 시작: handles=['F7F299B08D170264DEA5E35C47611B47', 'C1EA826D3000B311D85FAE8BD1882906'], current=C1EA826D3000B311D85FAE8BD1882906, title=장기요양정보시스템, url=https://www.longtermcare.or.kr/npbs/xui/manage.html?SESSIONCHECK!quAjV46MwhQ99sjtZ3hd5YWTJZhmM7axlbzQuzc2OnzZt17RTolXkBQo5JPP3XiB.amV1c19kb21haW4vbnBic19vcHJfbmV3MzE=&gv_xgateUrl!www.longtermcare.or.kr&gv_isPMSQ!Y&gv_initMenuId!null
2026-06-10 11:29:54 [INFO] [FederationTool] [단계] 초기 팝업 닫기
2026-06-10 11:29:54 [INFO] [FederationTool] 열려있는 알림/모달/팝업 닫기 시도
2026-06-10 11:29:54 [INFO] [FederationTool] [진단] 팝업 닫기 시작: handles=['F7F299B08D170264DEA5E35C47611B47', 'C1EA826D3000B311D85FAE8BD1882906'], current=C1EA826D3000B311D85FAE8BD1882906, title=장기요양정보시스템, url=https://www.longtermcare.or.kr/npbs/xui/manage.html?SESSIONCHECK!quAjV46MwhQ99sjtZ3hd5YWTJZhmM7axlbzQuzc2OnzZt17RTolXkBQo5JPP3XiB.amV1c19kb21haW4vbnBic19vcHJfbmV3MzE=&gv_xgateUrl!www.longtermcare.or.kr&gv_isPMSQ!Y&gv_initMenuId!null
2026-06-10 11:29:54 [INFO] [FederationTool] [팝업닫기] attempt=1
2026-06-10 11:29:54 [INFO] [FederationTool] [새창제어] action=close_extra handles=['F7F299B08D170264DEA5E35C47611B47', 'C1EA826D3000B311D85FAE8BD1882906'] current=C1EA826D3000B311D85FAE8BD1882906
2026-06-10 11:29:55 [INFO] [FederationTool] [공통팝업검색] 공통 버튼 - 닫기 by=xpath value=//button[normalize-space(.)='닫기'] found=0
2026-06-10 11:29:55 [INFO] [FederationTool] [공통팝업검색] 공통 버튼 - 확인 by=xpath value=//button[normalize-space(.)='확인'] found=0
2026-06-10 11:29:55 [INFO] [FederationTool] [공통팝업검색] 공통 링크 - 닫기 by=xpath value=//a[normalize-space(.)='닫기'] found=0
2026-06-10 11:29:55 [INFO] [FederationTool] [공통팝업검색] 공통 링크 - 확인 by=xpath value=//a[normalize-space(.)='확인'] found=0
2026-06-10 11:29:55 [INFO] [FederationTool] [선택요소건너뜀] layer_popup_close: selector 값 없음
2026-06-10 11:29:55 [INFO] [FederationTool] [선택요소건너뜀] layer_popup_confirm: selector 값 없음
2026-06-10 11:29:55 [INFO] [FederationTool] [선택요소건너뜀] browser_popup_close_button: selector 값 없음
2026-06-10 11:29:55 [INFO] [FederationTool] [선택요소검색] first_modal_close (첫 모달 닫기) by=xpath value=/html/body/div[2]/div[3]/div/div[1]/div/div/div/div/div/div[3]/div/div[2] found=1 timeout=3
2026-06-10 11:29:55 [INFO] [FederationTool] [선택요소상태] first_modal_close[1] displayed=True enabled=True text=닫기
2026-06-10 11:29:55 [INFO] [FederationTool] [선택요소클릭성공] first_modal_close
2026-06-10 11:29:55 [INFO] [FederationTool] [선택요소검색] second_modal_close (두 번째 모달 닫기) by=xpath value=/html/body/div[2]/div[2]/div/div[1]/div/div/div/div/div/div[3]/div/div[2] found=1 timeout=3
2026-06-10 11:29:55 [INFO] [FederationTool] [선택요소상태] second_modal_close[1] displayed=True enabled=True text=닫기
2026-06-10 11:29:55 [INFO] [FederationTool] [선택요소클릭성공] second_modal_close
2026-06-10 11:29:55 [INFO] [FederationTool] [선택요소건너뜀] claim_page_warning_close: selector 값 없음
2026-06-10 11:29:55 [INFO] [FederationTool] [선택요소건너뜀] operation_guide_close: selector 값 없음
2026-06-10 11:29:55 [INFO] [FederationTool] [프레임검색] iframe found=1
2026-06-10 11:29:55 [INFO] [FederationTool] [프레임진입] iframe 1/1
2026-06-10 11:29:56 [INFO] [FederationTool] [공통팝업검색] 공통 버튼 - 닫기 by=xpath value=//button[normalize-space(.)='닫기'] found=0
2026-06-10 11:29:56 [INFO] [FederationTool] [공통팝업검색] 공통 버튼 - 확인 by=xpath value=//button[normalize-space(.)='확인'] found=0
2026-06-10 11:29:56 [INFO] [FederationTool] [공통팝업검색] 공통 링크 - 닫기 by=xpath value=//a[normalize-space(.)='닫기'] found=0
2026-06-10 11:29:56 [INFO] [FederationTool] [공통팝업검색] 공통 링크 - 확인 by=xpath value=//a[normalize-space(.)='확인'] found=0
2026-06-10 11:29:56 [INFO] [FederationTool] [선택요소건너뜀] layer_popup_close: selector 값 없음
2026-06-10 11:29:56 [INFO] [FederationTool] [선택요소건너뜀] layer_popup_confirm: selector 값 없음
2026-06-10 11:29:56 [INFO] [FederationTool] [선택요소건너뜀] browser_popup_close_button: selector 값 없음
2026-06-10 11:29:56 [INFO] [FederationTool] [선택요소검색] first_modal_close (첫 모달 닫기) by=xpath value=/html/body/div[2]/div[3]/div/div[1]/div/div/div/div/div/div[3]/div/div[2] found=0 timeout=3
2026-06-10 11:30:00 [INFO] [FederationTool] [선택요소없음] first_modal_close: 3초 안에 클릭 가능한 요소 없음
2026-06-10 11:30:00 [INFO] [FederationTool] [선택요소검색] second_modal_close (두 번째 모달 닫기) by=xpath value=/html/body/div[2]/div[2]/div/div[1]/div/div/div/div/div/div[3]/div/div[2] found=0 timeout=3
2026-06-10 11:30:03 [INFO] [FederationTool] [선택요소없음] second_modal_close: 3초 안에 클릭 가능한 요소 없음
2026-06-10 11:30:03 [INFO] [FederationTool] [팝업닫기] attempt=2
2026-06-10 11:30:03 [INFO] [FederationTool] [새창제어] action=close_extra handles=['C1EA826D3000B311D85FAE8BD1882906'] current=C1EA826D3000B311D85FAE8BD1882906
2026-06-10 11:30:04 [INFO] [FederationTool] [공통팝업검색] 공통 버튼 - 닫기 by=xpath value=//button[normalize-space(.)='닫기'] found=0
2026-06-10 11:30:04 [INFO] [FederationTool] [공통팝업검색] 공통 버튼 - 확인 by=xpath value=//button[normalize-space(.)='확인'] found=0
2026-06-10 11:30:04 [INFO] [FederationTool] [공통팝업검색] 공통 링크 - 닫기 by=xpath value=//a[normalize-space(.)='닫기'] found=0
2026-06-10 11:30:04 [INFO] [FederationTool] [공통팝업검색] 공통 링크 - 확인 by=xpath value=//a[normalize-space(.)='확인'] found=0
2026-06-10 11:30:04 [INFO] [FederationTool] [선택요소건너뜀] layer_popup_close: selector 값 없음
2026-06-10 11:30:04 [INFO] [FederationTool] [선택요소건너뜀] layer_popup_confirm: selector 값 없음
2026-06-10 11:30:04 [INFO] [FederationTool] [선택요소건너뜀] browser_popup_close_button: selector 값 없음
2026-06-10 11:30:04 [INFO] [FederationTool] [선택요소검색] first_modal_close (첫 모달 닫기) by=xpath value=/html/body/div[2]/div[3]/div/div[1]/div/div/div/div/div/div[3]/div/div[2] found=0 timeout=3
2026-06-10 11:30:07 [INFO] [FederationTool] [선택요소없음] first_modal_close: 3초 안에 클릭 가능한 요소 없음
2026-06-10 11:30:07 [INFO] [FederationTool] [선택요소검색] second_modal_close (두 번째 모달 닫기) by=xpath value=/html/body/div[2]/div[2]/div/div[1]/div/div/div/div/div/div[3]/div/div[2] found=0 timeout=3
2026-06-10 11:30:10 [INFO] [FederationTool] [선택요소없음] second_modal_close: 3초 안에 클릭 가능한 요소 없음
2026-06-10 11:30:10 [INFO] [FederationTool] [선택요소건너뜀] claim_page_warning_close: selector 값 없음
2026-06-10 11:30:10 [INFO] [FederationTool] [선택요소건너뜀] operation_guide_close: selector 값 없음
2026-06-10 11:30:10 [INFO] [FederationTool] [프레임검색] iframe found=1
2026-06-10 11:30:10 [INFO] [FederationTool] [프레임진입] iframe 1/1
2026-06-10 11:30:12 [INFO] [FederationTool] [공통팝업검색] 공통 버튼 - 닫기 by=xpath value=//button[normalize-space(.)='닫기'] found=0
2026-06-10 11:30:12 [INFO] [FederationTool] [공통팝업검색] 공통 버튼 - 확인 by=xpath value=//button[normalize-space(.)='확인'] found=0
2026-06-10 11:30:12 [INFO] [FederationTool] [공통팝업검색] 공통 링크 - 닫기 by=xpath value=//a[normalize-space(.)='닫기'] found=0
2026-06-10 11:30:12 [INFO] [FederationTool] [공통팝업검색] 공통 링크 - 확인 by=xpath value=//a[normalize-space(.)='확인'] found=0
2026-06-10 11:30:12 [INFO] [FederationTool] [선택요소건너뜀] layer_popup_close: selector 값 없음
2026-06-10 11:30:12 [INFO] [FederationTool] [선택요소건너뜀] layer_popup_confirm: selector 값 없음
2026-06-10 11:30:12 [INFO] [FederationTool] [선택요소건너뜀] browser_popup_close_button: selector 값 없음
2026-06-10 11:30:12 [INFO] [FederationTool] [선택요소검색] first_modal_close (첫 모달 닫기) by=xpath value=/html/body/div[2]/div[3]/div/div[1]/div/div/div/div/div/div[3]/div/div[2] found=0 timeout=3
2026-06-10 11:30:15 [INFO] [FederationTool] [선택요소없음] first_modal_close: 3초 안에 클릭 가능한 요소 없음
2026-06-10 11:30:15 [INFO] [FederationTool] [선택요소검색] second_modal_close (두 번째 모달 닫기) by=xpath value=/html/body/div[2]/div[2]/div/div[1]/div/div/div/div/div/div[3]/div/div[2] found=0 timeout=3
2026-06-10 11:30:18 [INFO] [FederationTool] [선택요소없음] second_modal_close: 3초 안에 클릭 가능한 요소 없음
2026-06-10 11:30:18 [INFO] [FederationTool] [진단] 팝업 닫기 종료: handles=['C1EA826D3000B311D85FAE8BD1882906'], current=C1EA826D3000B311D85FAE8BD1882906, title=장기요양정보시스템, url=https://www.longtermcare.or.kr/npbs/xui/manage.html?SESSIONCHECK!quAjV46MwhQ99sjtZ3hd5YWTJZhmM7axlbzQuzc2OnzZt17RTolXkBQo5JPP3XiB.amV1c19kb21haW4vbnBic19vcHJfbmV3MzE=&gv_xgateUrl!www.longtermcare.or.kr&gv_isPMSQ!Y&gv_initMenuId!null
2026-06-10 11:30:18 [INFO] [FederationTool] [단계] 급여비용청구 메뉴 열기
2026-06-10 11:30:18 [INFO] [FederationTool] 상단 메뉴 '급여비용청구' 마우스 오버 후 드롭다운 메뉴 클릭
2026-06-10 11:30:19 [INFO] [FederationTool] [클릭대기] payroll_claim_dropdown (드롭다운 메뉴 - 급여비용청구) by=xpath value=//*[text()='급여비용청구' and @id='mainframe.VFrameSet.frameTop.form.pmnu_subMenu.popupmenuitem.popupmenuitemtext:text'] timeout=20
2026-06-10 11:45:55 [INFO] [FederationTool] [청운점] 怨듬떒??吏??踰꾪듉 ?대┃, 濡깊? 濡쒓렇???쒖옉
2026-06-10 11:46:11 [WARNING] [LoginTool] 공단 메인 프레임 확인 대기 10초 초과 - 자동화 단계로 계속 진행합니다.
2026-06-10 11:46:11 [INFO] [FederationTool] 롱텀 공단 로그인 절차를 완료했습니다.
2026-06-10 11:46:11 [INFO] [FederationTool] ?덈룄???꾪솚 以鍮? handles=['8BC50E233A6E231514656A7D5A6D741D', 'F9695A9C2B4053E228E9F049C44CCBEC'], current_url=https://www.longtermcare.or.kr/npbs/r/a/104/selectMyBlog.web?menuId=npe0000002835&ltcAdminSym=14183000214
2026-06-10 11:46:11 [INFO] [FederationTool] 濡쒓렇????怨듬떒 泥?뎄 ?먮룞??珥덇린??以?..
2026-06-10 11:46:11 [INFO] [FederationTool] 釉뚮씪?곗? ?덈룄????2踰덉㎏濡??꾪솚?⑸땲??
2026-06-10 11:46:11 [INFO] [FederationTool] [吏꾨떒] ?먮룞???쒖옉: handles=['8BC50E233A6E231514656A7D5A6D741D', 'F9695A9C2B4053E228E9F049C44CCBEC'], current=F9695A9C2B4053E228E9F049C44CCBEC, title=장기요양정보시스템, url=https://www.longtermcare.or.kr/npbs/xui/manage.html?SESSIONCHECK!xD0MkCzqhSN5yzbTeWYgzHUS7MDvybIXl1azqHYm1zPp0qfOTWkURcWantEYT80e.amV1c19kb21haW4vbnBic19vcHJfbmV3NDQ=&gv_xgateUrl!www.longtermcare.or.kr&gv_isPMSQ!Y&gv_initMenuId!null
2026-06-10 11:46:11 [INFO] [FederationTool] [?④퀎] 珥덇린 ?앹뾽 ?リ린
2026-06-10 11:46:11 [INFO] [FederationTool] ?대젮?덈뒗 ?뚮┝/紐⑤떖/?앹뾽 ?リ린 ?쒕룄
2026-06-10 11:46:11 [INFO] [FederationTool] [吏꾨떒] ?앹뾽 ?リ린 ?쒖옉: handles=['8BC50E233A6E231514656A7D5A6D741D', 'F9695A9C2B4053E228E9F049C44CCBEC'], current=F9695A9C2B4053E228E9F049C44CCBEC, title=장기요양정보시스템, url=https://www.longtermcare.or.kr/npbs/xui/manage.html?SESSIONCHECK!xD0MkCzqhSN5yzbTeWYgzHUS7MDvybIXl1azqHYm1zPp0qfOTWkURcWantEYT80e.amV1c19kb21haW4vbnBic19vcHJfbmV3NDQ=&gv_xgateUrl!www.longtermcare.or.kr&gv_isPMSQ!Y&gv_initMenuId!null
2026-06-10 11:46:11 [INFO] [FederationTool] [?앹뾽?リ린] attempt=1
2026-06-10 11:46:11 [INFO] [FederationTool] [?덉갹?쒖뼱] action=close_extra handles=['8BC50E233A6E231514656A7D5A6D741D', 'F9695A9C2B4053E228E9F049C44CCBEC'] current=F9695A9C2B4053E228E9F049C44CCBEC
2026-06-10 11:46:12 [INFO] [FederationTool] [怨듯넻?앹뾽寃?? 공통 버튼 - 닫기 by=xpath value=//button[normalize-space(.)='닫기'] found=0
2026-06-10 11:46:12 [INFO] [FederationTool] [怨듯넻?앹뾽寃?? 공통 버튼 - 확인 by=xpath value=//button[normalize-space(.)='확인'] found=0
2026-06-10 11:46:12 [INFO] [FederationTool] [怨듯넻?앹뾽寃?? 공통 링크 - 닫기 by=xpath value=//a[normalize-space(.)='닫기'] found=0
2026-06-10 11:46:12 [INFO] [FederationTool] [怨듯넻?앹뾽寃?? 공통 링크 - 확인 by=xpath value=//a[normalize-space(.)='확인'] found=0
2026-06-10 11:46:12 [INFO] [FederationTool] [?좏깮?붿냼嫄대꼫?] layer_popup_close: selector 媛??놁쓬
2026-06-10 11:46:12 [INFO] [FederationTool] [?좏깮?붿냼嫄대꼫?] layer_popup_confirm: selector 媛??놁쓬
2026-06-10 11:46:12 [INFO] [FederationTool] [?좏깮?붿냼嫄대꼫?] browser_popup_close_button: selector 媛??놁쓬
2026-06-10 11:46:12 [INFO] [FederationTool] [?좏깮?붿냼寃?? first_modal_close (첫 모달 닫기) by=xpath value=/html/body/div[2]/div[3]/div/div[1]/div/div/div/div/div/div[3]/div/div[2] found=1 timeout=3
2026-06-10 11:46:12 [INFO] [FederationTool] [?좏깮?붿냼?곹깭] first_modal_close[1] displayed=True enabled=True text=닫기
2026-06-10 11:46:12 [INFO] [FederationTool] [?좏깮?붿냼?대┃?깃났] first_modal_close
2026-06-10 11:46:12 [INFO] [FederationTool] [?좏깮?붿냼寃?? second_modal_close (두 번째 모달 닫기) by=xpath value=/html/body/div[2]/div[2]/div/div[1]/div/div/div/div/div/div[3]/div/div[2] found=1 timeout=3
2026-06-10 11:46:12 [INFO] [FederationTool] [?좏깮?붿냼?곹깭] second_modal_close[1] displayed=True enabled=True text=닫기
2026-06-10 11:46:12 [INFO] [FederationTool] [?좏깮?붿냼?대┃?깃났] second_modal_close
2026-06-10 11:46:12 [INFO] [FederationTool] [?좏깮?붿냼嫄대꼫?] claim_page_warning_close: selector 媛??놁쓬
2026-06-10 11:46:12 [INFO] [FederationTool] [?좏깮?붿냼嫄대꼫?] operation_guide_close: selector 媛??놁쓬
2026-06-10 11:46:12 [INFO] [FederationTool] [?꾨젅?꾧??? iframe found=1
2026-06-10 11:46:12 [INFO] [FederationTool] [?꾨젅?꾩쭊?? iframe 1/1
2026-06-10 11:46:13 [INFO] [FederationTool] [怨듯넻?앹뾽寃?? 공통 버튼 - 닫기 by=xpath value=//button[normalize-space(.)='닫기'] found=0
2026-06-10 11:46:13 [INFO] [FederationTool] [怨듯넻?앹뾽寃?? 공통 버튼 - 확인 by=xpath value=//button[normalize-space(.)='확인'] found=0
2026-06-10 11:46:13 [INFO] [FederationTool] [怨듯넻?앹뾽寃?? 공통 링크 - 닫기 by=xpath value=//a[normalize-space(.)='닫기'] found=0
2026-06-10 11:46:13 [INFO] [FederationTool] [怨듯넻?앹뾽寃?? 공통 링크 - 확인 by=xpath value=//a[normalize-space(.)='확인'] found=0
2026-06-10 11:46:13 [INFO] [FederationTool] [?좏깮?붿냼嫄대꼫?] layer_popup_close: selector 媛??놁쓬
2026-06-10 11:46:13 [INFO] [FederationTool] [?좏깮?붿냼嫄대꼫?] layer_popup_confirm: selector 媛??놁쓬
2026-06-10 11:46:13 [INFO] [FederationTool] [?좏깮?붿냼嫄대꼫?] browser_popup_close_button: selector 媛??놁쓬
2026-06-10 11:46:13 [INFO] [FederationTool] [?좏깮?붿냼嫄대꼫?] first_modal_close: ?대? ?대┃ ?꾨즺
2026-06-10 11:46:13 [INFO] [FederationTool] [?좏깮?붿냼嫄대꼫?] second_modal_close: ?대? ?대┃ ?꾨즺
2026-06-10 11:46:13 [INFO] [FederationTool] [?좏깮?붿냼嫄대꼫?] claim_page_warning_close: selector 媛??놁쓬
2026-06-10 11:46:13 [INFO] [FederationTool] [?좏깮?붿냼嫄대꼫?] operation_guide_close: selector 媛??놁쓬
2026-06-10 11:46:13 [INFO] [FederationTool] [popup_close] clicked; stop retry: ['first_modal_close', 'second_modal_close']
2026-06-10 11:46:13 [INFO] [FederationTool] [吏꾨떒] ?앹뾽 ?リ린 醫낅즺: handles=['F9695A9C2B4053E228E9F049C44CCBEC'], current=F9695A9C2B4053E228E9F049C44CCBEC, title=장기요양정보시스템, url=https://www.longtermcare.or.kr/npbs/xui/manage.html?SESSIONCHECK!xD0MkCzqhSN5yzbTeWYgzHUS7MDvybIXl1azqHYm1zPp0qfOTWkURcWantEYT80e.amV1c19kb21haW4vbnBic19vcHJfbmV3NDQ=&gv_xgateUrl!www.longtermcare.or.kr&gv_isPMSQ!Y&gv_initMenuId!null
2026-06-10 11:46:13 [INFO] [FederationTool] [?④퀎] 湲됱뿬鍮꾩슜泥?뎄 硫붾돱 ?닿린
2026-06-10 11:46:13 [INFO] [FederationTool] ?곷떒 硫붾돱 '湲됱뿬鍮꾩슜泥?뎄' 留덉슦???ㅻ쾭 ???쒕∼?ㅼ슫 硫붾돱 ?대┃
2026-06-10 11:46:14 [INFO] [FederationTool] [navbar] main_menu hover ok; click to open
2026-06-10 11:46:14 [INFO] [FederationTool] [navbar] click payroll_claim_dropdown
2026-06-10 11:46:14 [INFO] [FederationTool] [?대┃?湲? payroll_claim_dropdown (드롭다운 메뉴 - 급여비용청구) by=xpath value=//*[text()='급여비용청구' and @id='mainframe.VFrameSet.frameTop.form.pmnu_subMenu.popupmenuitem.popupmenuitemtext:text'] timeout=5
2026-06-10 11:46:14 [INFO] [FederationTool] [?대┃?깃났] payroll_claim_dropdown
2026-06-10 11:46:14 [INFO] [FederationTool] [?④퀎] 硫붾돱 ?대룞 ???앹뾽 ?リ린
2026-06-10 11:46:14 [INFO] [FederationTool] ?대젮?덈뒗 ?뚮┝/紐⑤떖/?앹뾽 ?リ린 ?쒕룄
2026-06-10 11:46:14 [INFO] [FederationTool] [吏꾨떒] ?앹뾽 ?リ린 ?쒖옉: handles=['F9695A9C2B4053E228E9F049C44CCBEC'], current=F9695A9C2B4053E228E9F049C44CCBEC, title=장기요양정보시스템, url=https://www.longtermcare.or.kr/npbs/xui/manage.html?SESSIONCHECK!xD0MkCzqhSN5yzbTeWYgzHUS7MDvybIXl1azqHYm1zPp0qfOTWkURcWantEYT80e.amV1c19kb21haW4vbnBic19vcHJfbmV3NDQ=&gv_xgateUrl!www.longtermcare.or.kr&gv_isPMSQ!Y&gv_initMenuId!null
2026-06-10 11:46:14 [INFO] [FederationTool] [?앹뾽?リ린] attempt=1
2026-06-10 11:46:14 [INFO] [FederationTool] [?덉갹?쒖뼱] action=close_extra handles=['F9695A9C2B4053E228E9F049C44CCBEC'] current=F9695A9C2B4053E228E9F049C44CCBEC
2026-06-10 11:46:15 [INFO] [FederationTool] [怨듯넻?앹뾽寃?? 공통 버튼 - 닫기 by=xpath value=//button[normalize-space(.)='닫기'] found=0
2026-06-10 11:46:15 [INFO] [FederationTool] [怨듯넻?앹뾽寃?? 공통 버튼 - 확인 by=xpath value=//button[normalize-space(.)='확인'] found=0
2026-06-10 11:46:15 [INFO] [FederationTool] [怨듯넻?앹뾽寃?? 공통 링크 - 닫기 by=xpath value=//a[normalize-space(.)='닫기'] found=0
2026-06-10 11:46:15 [INFO] [FederationTool] [怨듯넻?앹뾽寃?? 공통 링크 - 확인 by=xpath value=//a[normalize-space(.)='확인'] found=0
2026-06-10 11:46:15 [INFO] [FederationTool] [?좏깮?붿냼嫄대꼫?] layer_popup_close: selector 媛??놁쓬
2026-06-10 11:46:15 [INFO] [FederationTool] [?좏깮?붿냼嫄대꼫?] layer_popup_confirm: selector 媛??놁쓬
2026-06-10 11:46:15 [INFO] [FederationTool] [?좏깮?붿냼嫄대꼫?] browser_popup_close_button: selector 媛??놁쓬
2026-06-10 11:46:15 [INFO] [FederationTool] [?좏깮?붿냼寃?? first_modal_close (첫 모달 닫기) by=xpath value=/html/body/div[2]/div[3]/div/div[1]/div/div/div/div/div/div[3]/div/div[2] found=0 timeout=3
2026-06-10 11:46:19 [INFO] [FederationTool] [?좏깮?붿냼?놁쓬] first_modal_close: 3珥??덉뿉 ?대┃ 媛?ν븳 ?붿냼 ?놁쓬
2026-06-10 11:46:19 [INFO] [FederationTool] [?좏깮?붿냼寃?? second_modal_close (두 번째 모달 닫기) by=xpath value=/html/body/div[2]/div[2]/div/div[1]/div/div/div/div/div/div[3]/div/div[2] found=0 timeout=3
2026-06-10 11:46:22 [INFO] [FederationTool] [?좏깮?붿냼?놁쓬] second_modal_close: 3珥??덉뿉 ?대┃ 媛?ν븳 ?붿냼 ?놁쓬
2026-06-10 11:46:22 [INFO] [FederationTool] [?좏깮?붿냼嫄대꼫?] claim_page_warning_close: selector 媛??놁쓬
2026-06-10 11:46:22 [INFO] [FederationTool] [?좏깮?붿냼嫄대꼫?] operation_guide_close: selector 媛??놁쓬
2026-06-10 11:46:22 [INFO] [FederationTool] [?꾨젅?꾧??? iframe found=1
2026-06-10 11:46:22 [INFO] [FederationTool] [?꾨젅?꾩쭊?? iframe 1/1
2026-06-10 11:46:23 [INFO] [FederationTool] [怨듯넻?앹뾽寃?? 공통 버튼 - 닫기 by=xpath value=//button[normalize-space(.)='닫기'] found=0
2026-06-10 11:46:23 [INFO] [FederationTool] [怨듯넻?앹뾽寃?? 공통 버튼 - 확인 by=xpath value=//button[normalize-space(.)='확인'] found=0
2026-06-10 11:46:23 [INFO] [FederationTool] [怨듯넻?앹뾽寃?? 공통 링크 - 닫기 by=xpath value=//a[normalize-space(.)='닫기'] found=0
2026-06-10 11:46:23 [INFO] [FederationTool] [怨듯넻?앹뾽寃?? 공통 링크 - 확인 by=xpath value=//a[normalize-space(.)='확인'] found=0
2026-06-10 11:46:23 [INFO] [FederationTool] [?좏깮?붿냼嫄대꼫?] layer_popup_close: selector 媛??놁쓬
2026-06-10 11:46:23 [INFO] [FederationTool] [?좏깮?붿냼嫄대꼫?] layer_popup_confirm: selector 媛??놁쓬
2026-06-10 11:46:23 [INFO] [FederationTool] [?좏깮?붿냼嫄대꼫?] browser_popup_close_button: selector 媛??놁쓬
2026-06-10 11:46:23 [INFO] [FederationTool] [?좏깮?붿냼寃?? first_modal_close (첫 모달 닫기) by=xpath value=/html/body/div[2]/div[3]/div/div[1]/div/div/div/div/div/div[3]/div/div[2] found=0 timeout=3
2026-06-10 11:46:26 [INFO] [FederationTool] [?좏깮?붿냼?놁쓬] first_modal_close: 3珥??덉뿉 ?대┃ 媛?ν븳 ?붿냼 ?놁쓬
2026-06-10 11:46:26 [INFO] [FederationTool] [?좏깮?붿냼寃?? second_modal_close (두 번째 모달 닫기) by=xpath value=/html/body/div[2]/div[2]/div/div[1]/div/div/div/div/div/div[3]/div/div[2] found=0 timeout=3
2026-06-10 11:46:29 [INFO] [FederationTool] [?좏깮?붿냼?놁쓬] second_modal_close: 3珥??덉뿉 ?대┃ 媛?ν븳 ?붿냼 ?놁쓬
2026-06-10 11:46:29 [INFO] [FederationTool] [?좏깮?붿냼嫄대꼫?] claim_page_warning_close: selector 媛??놁쓬
2026-06-10 11:46:29 [INFO] [FederationTool] [?좏깮?붿냼嫄대꼫?] operation_guide_close: selector 媛??놁쓬
2026-06-10 11:46:29 [INFO] [FederationTool] [?앹뾽?リ린] attempt=2
2026-06-10 11:46:29 [INFO] [FederationTool] [?덉갹?쒖뼱] action=close_extra handles=['F9695A9C2B4053E228E9F049C44CCBEC', 'A0EA734053397A91EE871B535E6658C4'] current=F9695A9C2B4053E228E9F049C44CCBEC
2026-06-10 11:46:30 [INFO] [FederationTool] [怨듯넻?앹뾽寃?? 공통 버튼 - 닫기 by=xpath value=//button[normalize-space(.)='닫기'] found=0
2026-06-10 11:46:30 [INFO] [FederationTool] [怨듯넻?앹뾽寃?? 공통 버튼 - 확인 by=xpath value=//button[normalize-space(.)='확인'] found=0
2026-06-10 11:46:30 [INFO] [FederationTool] [怨듯넻?앹뾽寃?? 공통 링크 - 닫기 by=xpath value=//a[normalize-space(.)='닫기'] found=0
2026-06-10 11:46:30 [INFO] [FederationTool] [怨듯넻?앹뾽寃?? 공통 링크 - 확인 by=xpath value=//a[normalize-space(.)='확인'] found=0
2026-06-10 11:46:30 [INFO] [FederationTool] [?좏깮?붿냼嫄대꼫?] layer_popup_close: selector 媛??놁쓬
2026-06-10 11:46:30 [INFO] [FederationTool] [?좏깮?붿냼嫄대꼫?] layer_popup_confirm: selector 媛??놁쓬
2026-06-10 11:46:30 [INFO] [FederationTool] [?좏깮?붿냼嫄대꼫?] browser_popup_close_button: selector 媛??놁쓬
2026-06-10 11:46:30 [INFO] [FederationTool] [?좏깮?붿냼寃?? first_modal_close (첫 모달 닫기) by=xpath value=/html/body/div[2]/div[3]/div/div[1]/div/div/div/div/div/div[3]/div/div[2] found=0 timeout=3
2026-06-10 11:46:33 [INFO] [FederationTool] [?좏깮?붿냼?놁쓬] first_modal_close: 3珥??덉뿉 ?대┃ 媛?ν븳 ?붿냼 ?놁쓬
2026-06-10 11:46:33 [INFO] [FederationTool] [?좏깮?붿냼寃?? second_modal_close (두 번째 모달 닫기) by=xpath value=/html/body/div[2]/div[2]/div/div[1]/div/div/div/div/div/div[3]/div/div[2] found=0 timeout=3
2026-06-10 11:46:37 [INFO] [FederationTool] [?좏깮?붿냼?놁쓬] second_modal_close: 3珥??덉뿉 ?대┃ 媛?ν븳 ?붿냼 ?놁쓬
2026-06-10 11:46:37 [INFO] [FederationTool] [?좏깮?붿냼嫄대꼫?] claim_page_warning_close: selector 媛??놁쓬
2026-06-10 11:46:37 [INFO] [FederationTool] [?좏깮?붿냼嫄대꼫?] operation_guide_close: selector 媛??놁쓬
2026-06-10 11:46:37 [INFO] [FederationTool] [?꾨젅?꾧??? iframe found=1
2026-06-10 11:46:37 [INFO] [FederationTool] [?꾨젅?꾩쭊?? iframe 1/1
2026-06-10 11:46:38 [INFO] [FederationTool] [怨듯넻?앹뾽寃?? 공통 버튼 - 닫기 by=xpath value=//button[normalize-space(.)='닫기'] found=0
2026-06-10 11:46:38 [INFO] [FederationTool] [怨듯넻?앹뾽寃?? 공통 버튼 - 확인 by=xpath value=//button[normalize-space(.)='확인'] found=0
2026-06-10 11:46:38 [INFO] [FederationTool] [怨듯넻?앹뾽寃?? 공통 링크 - 닫기 by=xpath value=//a[normalize-space(.)='닫기'] found=0
2026-06-10 11:46:38 [INFO] [FederationTool] [怨듯넻?앹뾽寃?? 공통 링크 - 확인 by=xpath value=//a[normalize-space(.)='확인'] found=0
2026-06-10 11:46:38 [INFO] [FederationTool] [?좏깮?붿냼嫄대꼫?] layer_popup_close: selector 媛??놁쓬
2026-06-10 11:46:38 [INFO] [FederationTool] [?좏깮?붿냼嫄대꼫?] layer_popup_confirm: selector 媛??놁쓬
2026-06-10 11:46:38 [INFO] [FederationTool] [?좏깮?붿냼嫄대꼫?] browser_popup_close_button: selector 媛??놁쓬
2026-06-10 11:46:38 [INFO] [FederationTool] [?좏깮?붿냼寃?? first_modal_close (첫 모달 닫기) by=xpath value=/html/body/div[2]/div[3]/div/div[1]/div/div/div/div/div/div[3]/div/div[2] found=0 timeout=3
2026-06-10 11:46:41 [INFO] [FederationTool] [?좏깮?붿냼?놁쓬] first_modal_close: 3珥??덉뿉 ?대┃ 媛?ν븳 ?붿냼 ?놁쓬
2026-06-10 11:46:41 [INFO] [FederationTool] [?좏깮?붿냼寃?? second_modal_close (두 번째 모달 닫기) by=xpath value=/html/body/div[2]/div[2]/div/div[1]/div/div/div/div/div/div[3]/div/div[2] found=0 timeout=3
2026-06-10 11:46:44 [INFO] [FederationTool] [?좏깮?붿냼?놁쓬] second_modal_close: 3珥??덉뿉 ?대┃ 媛?ν븳 ?붿냼 ?놁쓬
2026-06-10 11:46:44 [INFO] [FederationTool] [?좏깮?붿냼嫄대꼫?] claim_page_warning_close: selector 媛??놁쓬
2026-06-10 11:46:44 [INFO] [FederationTool] [?좏깮?붿냼嫄대꼫?] operation_guide_close: selector 媛??놁쓬
2026-06-10 11:46:44 [INFO] [FederationTool] [吏꾨떒] ?앹뾽 ?リ린 醫낅즺: handles=['F9695A9C2B4053E228E9F049C44CCBEC'], current=F9695A9C2B4053E228E9F049C44CCBEC, title=장기요양정보시스템, url=https://www.longtermcare.or.kr/npbs/xui/manage.html?SESSIONCHECK!xD0MkCzqhSN5yzbTeWYgzHUS7MDvybIXl1azqHYm1zPp0qfOTWkURcWantEYT80e.amV1c19kb21haW4vbnBic19vcHJfbmV3NDQ=&gv_xgateUrl!www.longtermcare.or.kr&gv_isPMSQ!Y&gv_initMenuId!null
2026-06-10 11:46:44 [INFO] [FederationTool] [?④퀎] 泥?뎄?섍린 踰꾪듉 ?대┃
2026-06-10 11:46:44 [INFO] [FederationTool] '泥?뎄?섍린' 踰꾪듉 ?대┃
2026-06-10 11:46:44 [ERROR] [FederationTool] 泥?뎄 紐낆꽭???먮룞??以??ㅻ쪟: ?붿냼 ?ㅼ젙???놁뒿?덈떎: claim_button
2026-06-10 13:05:41 [INFO] [FederationTool] [청운점] ?????????깅즿????????釉먮폁???????????????????? ????? ????????????遺얘턁????????????濾?
2026-06-10 13:05:58 [WARNING] [LoginTool] 공단 메인 프레임 확인 대기 10초 초과 - 자동화 단계로 계속 진행합니다.
2026-06-10 13:05:58 [INFO] [FederationTool] 롱텀 공단 로그인 절차를 완료했습니다.
2026-06-10 13:05:58 [INFO] [FederationTool] ????????嶺뚮ㅎ?э㎗????????????????????????썼린?濾??轅붽틓???????????? handles=['DA1594931403C151BA0D4D947D09CC62', '19701373F227E02433F1F3B8B3B31CE1'], current_url=https://www.longtermcare.or.kr/npbs/r/a/104/selectMyBlog.web?menuId=npe0000002835&ltcAdminSym=14183000214
2026-06-10 13:05:58 [INFO] [FederationTool] ???????????????????깅즿???????????????????癲ル슢????????..
2026-06-10 13:05:58 [INFO] [FederationTool] ?????????????? ????????嶺뚮ㅎ?э㎗????2????????遺얘턁??????癲ル슢???????룸챷援???????????????????遺얘턁????????
2026-06-10 13:05:58 [INFO] [FederationTool] [????釉먮폁???????? ??????????遺얘턁????????????濾?: handles=['DA1594931403C151BA0D4D947D09CC62', '19701373F227E02433F1F3B8B3B31CE1'], current=19701373F227E02433F1F3B8B3B31CE1, title=장기요양정보시스템, url=https://www.longtermcare.or.kr/npbs/xui/manage.html?SESSIONCHECK!QL2dTUJbslKm0kzs7mz1Dznk5EKwaulqlj1kRi86B7SaepfcTYP8Wq2uretJ5ISf.amV1c19kb21haW4vbnBic19vcHJfbmV3MzI=&gv_xgateUrl!www.longtermcare.or.kr&gv_isPMSQ!Y&gv_initMenuId!null
2026-06-10 13:05:58 [INFO] [FederationTool] [???????????? ??????癲ル슢????????????諛몃마嶺뚮?????????雍?????????
2026-06-10 13:05:58 [INFO] [FederationTool] ???????????????????????釉먮폁???????????釉먮폇???????????諛몃마嶺뚮?????????雍?????????????遺얘턁???????
2026-06-10 13:05:58 [INFO] [FederationTool] [????釉먮폁???????? ???????諛몃마嶺뚮?????????雍?????????????遺얘턁????????????濾?: handles=['DA1594931403C151BA0D4D947D09CC62', '19701373F227E02433F1F3B8B3B31CE1'], current=19701373F227E02433F1F3B8B3B31CE1, title=장기요양정보시스템, url=https://www.longtermcare.or.kr/npbs/xui/manage.html?SESSIONCHECK!QL2dTUJbslKm0kzs7mz1Dznk5EKwaulqlj1kRi86B7SaepfcTYP8Wq2uretJ5ISf.amV1c19kb21haW4vbnBic19vcHJfbmV3MzI=&gv_xgateUrl!www.longtermcare.or.kr&gv_isPMSQ!Y&gv_initMenuId!null
2026-06-10 13:05:58 [INFO] [FederationTool] [popup_close] attempt=1
2026-06-10 13:05:58 [INFO] [FederationTool] [??????????? action=close_extra handles=['DA1594931403C151BA0D4D947D09CC62', '19701373F227E02433F1F3B8B3B31CE1'] current=19701373F227E02433F1F3B8B3B31CE1
2026-06-10 13:05:59 [INFO] [FederationTool] [?????????깅즽?????????諛몃마嶺뚮?????????雍????뀀맩鍮???癲???? 공통 버튼 - 닫기 by=xpath value=//button[normalize-space(.)='닫기'] found=0
2026-06-10 13:05:59 [INFO] [FederationTool] [?????????깅즽?????????諛몃마嶺뚮?????????雍????뀀맩鍮???癲???? 공통 버튼 - 확인 by=xpath value=//button[normalize-space(.)='확인'] found=0
2026-06-10 13:05:59 [INFO] [FederationTool] [?????????깅즽?????????諛몃마嶺뚮?????????雍????뀀맩鍮???癲???? 공통 링크 - 닫기 by=xpath value=//a[normalize-space(.)='닫기'] found=0
2026-06-10 13:05:59 [INFO] [FederationTool] [?????????깅즽?????????諛몃마嶺뚮?????????雍????뀀맩鍮???癲???? 공통 링크 - 확인 by=xpath value=//a[normalize-space(.)='확인'] found=0
2026-06-10 13:05:59 [INFO] [FederationTool] [optional_skip] layer_popup_close: selector empty
2026-06-10 13:05:59 [INFO] [FederationTool] [optional_skip] layer_popup_confirm: selector empty
2026-06-10 13:05:59 [INFO] [FederationTool] [optional_skip] browser_popup_close_button: selector empty
2026-06-10 13:05:59 [INFO] [FederationTool] [??????????????????????????⑤벡????????우뒭亦낆쥋援??ㅲ뵛壤굿??뽯쑆???? first_modal_close (첫 모달 닫기) by=xpath value=/html/body/div[2]/div[3]/div/div[1]/div/div/div/div/div/div[3]/div/div[2] found=1 timeout=3
2026-06-10 13:05:59 [INFO] [FederationTool] [???????????????????????????濾???? first_modal_close[1] displayed=True enabled=True text=닫기
2026-06-10 13:05:59 [INFO] [FederationTool] [action] first_modal_close: click
2026-06-10 13:05:59 [INFO] [FederationTool] [optional_click_ok] first_modal_close
2026-06-10 13:05:59 [INFO] [FederationTool] [??????????????????????????⑤벡????????우뒭亦낆쥋援??ㅲ뵛壤굿??뽯쑆???? second_modal_close (두 번째 모달 닫기) by=xpath value=/html/body/div[2]/div[2]/div/div[1]/div/div/div/div/div/div[3]/div/div[2] found=1 timeout=3
2026-06-10 13:05:59 [INFO] [FederationTool] [???????????????????????????濾???? second_modal_close[1] displayed=True enabled=True text=닫기
2026-06-10 13:05:59 [INFO] [FederationTool] [action] second_modal_close: click
2026-06-10 13:05:59 [INFO] [FederationTool] [optional_click_ok] second_modal_close
2026-06-10 13:05:59 [INFO] [FederationTool] [optional_skip] claim_page_warning_close: selector empty
2026-06-10 13:05:59 [INFO] [FederationTool] [optional_skip] operation_guide_close: selector empty
2026-06-10 13:05:59 [INFO] [FederationTool] [frame_search] iframe found=1
2026-06-10 13:05:59 [INFO] [FederationTool] [frame_enter] iframe 1/1
2026-06-10 13:06:00 [INFO] [FederationTool] [?????????깅즽?????????諛몃마嶺뚮?????????雍????뀀맩鍮???癲???? 공통 버튼 - 닫기 by=xpath value=//button[normalize-space(.)='닫기'] found=0
2026-06-10 13:06:00 [INFO] [FederationTool] [?????????깅즽?????????諛몃마嶺뚮?????????雍????뀀맩鍮???癲???? 공통 버튼 - 확인 by=xpath value=//button[normalize-space(.)='확인'] found=0
2026-06-10 13:06:00 [INFO] [FederationTool] [?????????깅즽?????????諛몃마嶺뚮?????????雍????뀀맩鍮???癲???? 공통 링크 - 닫기 by=xpath value=//a[normalize-space(.)='닫기'] found=0
2026-06-10 13:06:00 [INFO] [FederationTool] [?????????깅즽?????????諛몃마嶺뚮?????????雍????뀀맩鍮???癲???? 공통 링크 - 확인 by=xpath value=//a[normalize-space(.)='확인'] found=0
2026-06-10 13:06:00 [INFO] [FederationTool] [optional_skip] layer_popup_close: selector empty
2026-06-10 13:06:00 [INFO] [FederationTool] [optional_skip] layer_popup_confirm: selector empty
2026-06-10 13:06:00 [INFO] [FederationTool] [optional_skip] browser_popup_close_button: selector empty
2026-06-10 13:06:00 [INFO] [FederationTool] [optional_skip] first_modal_close: already clicked
2026-06-10 13:06:00 [INFO] [FederationTool] [optional_skip] second_modal_close: already clicked
2026-06-10 13:06:00 [INFO] [FederationTool] [optional_skip] claim_page_warning_close: selector empty
2026-06-10 13:06:00 [INFO] [FederationTool] [optional_skip] operation_guide_close: selector empty
2026-06-10 13:06:00 [INFO] [FederationTool] [popup_close] clicked; stop retry: ['first_modal_close', 'second_modal_close']
2026-06-10 13:06:00 [INFO] [FederationTool] [????釉먮폁???????? ???袁⑸즴筌?，??????????????살꺎??: handles=['19701373F227E02433F1F3B8B3B31CE1'], current=19701373F227E02433F1F3B8B3B31CE1, title=장기요양정보시스템, url=https://www.longtermcare.or.kr/npbs/xui/manage.html?SESSIONCHECK!QL2dTUJbslKm0kzs7mz1Dznk5EKwaulqlj1kRi86B7SaepfcTYP8Wq2uretJ5ISf.amV1c19kb21haW4vbnBic19vcHJfbmV3MzI=&gv_xgateUrl!www.longtermcare.or.kr&gv_isPMSQ!Y&gv_initMenuId!null
2026-06-10 13:06:00 [INFO] [FederationTool] [???????????? ???????곷♧?????遺얘턁??????嶺뚮ㅎ?볟퐲???ㅼ뒧??띤겫??눫???????????밸븶筌믩끃??獄??????????⑤뜤????????釉먮폁?????????????????롮쾸?椰???⑤챷寃??
2026-06-10 13:06:00 [INFO] [FederationTool] ?????깅즽???轅붽틓?????????沅걔?癲ル슢?싩땟蹂좊쨨???辱??꾩룆梨띰㎘?곸녇???????繹먮굟爰?
2026-06-10 13:06:01 [INFO] [FederationTool] [action] main_menu: hover_click
2026-06-10 13:06:01 [INFO] [FederationTool] [navbar] click payroll_claim_dropdown
2026-06-10 13:06:01 [INFO] [FederationTool] [click_wait] payroll_claim_dropdown (드롭다운 메뉴 - 급여비용청구) by=xpath value=//*[text()='급여비용청구' and @id='mainframe.VFrameSet.frameTop.form.pmnu_subMenu.popupmenuitem.popupmenuitemtext:text'] timeout=5
2026-06-10 13:06:01 [INFO] [FederationTool] [action] payroll_claim_dropdown: click
2026-06-10 13:06:01 [INFO] [FederationTool] [click_ok] payroll_claim_dropdown
2026-06-10 13:06:01 [INFO] [FederationTool] [???????????? ????釉먮폁???????????????????????諛몃마嶺뚮?????????雍?????????
2026-06-10 13:06:01 [INFO] [FederationTool] ???????????????????????釉먮폁???????????釉먮폇???????????諛몃마嶺뚮?????????雍?????????????遺얘턁???????
2026-06-10 13:06:01 [INFO] [FederationTool] [????釉먮폁???????? ???????諛몃마嶺뚮?????????雍?????????????遺얘턁????????????濾?: handles=['19701373F227E02433F1F3B8B3B31CE1'], current=19701373F227E02433F1F3B8B3B31CE1, title=장기요양정보시스템, url=https://www.longtermcare.or.kr/npbs/xui/manage.html?SESSIONCHECK!QL2dTUJbslKm0kzs7mz1Dznk5EKwaulqlj1kRi86B7SaepfcTYP8Wq2uretJ5ISf.amV1c19kb21haW4vbnBic19vcHJfbmV3MzI=&gv_xgateUrl!www.longtermcare.or.kr&gv_isPMSQ!Y&gv_initMenuId!null
2026-06-10 13:06:01 [INFO] [FederationTool] [popup_close] attempt=1
2026-06-10 13:06:01 [INFO] [FederationTool] [??????????? action=close_extra handles=['19701373F227E02433F1F3B8B3B31CE1'] current=19701373F227E02433F1F3B8B3B31CE1
2026-06-10 13:06:02 [INFO] [FederationTool] [?????????깅즽?????????諛몃마嶺뚮?????????雍????뀀맩鍮???癲???? 공통 버튼 - 닫기 by=xpath value=//button[normalize-space(.)='닫기'] found=0
2026-06-10 13:06:02 [INFO] [FederationTool] [?????????깅즽?????????諛몃마嶺뚮?????????雍????뀀맩鍮???癲???? 공통 버튼 - 확인 by=xpath value=//button[normalize-space(.)='확인'] found=0
2026-06-10 13:06:02 [INFO] [FederationTool] [?????????깅즽?????????諛몃마嶺뚮?????????雍????뀀맩鍮???癲???? 공통 링크 - 닫기 by=xpath value=//a[normalize-space(.)='닫기'] found=0
2026-06-10 13:06:02 [INFO] [FederationTool] [?????????깅즽?????????諛몃마嶺뚮?????????雍????뀀맩鍮???癲???? 공통 링크 - 확인 by=xpath value=//a[normalize-space(.)='확인'] found=0
2026-06-10 13:06:02 [INFO] [FederationTool] [optional_skip] layer_popup_close: selector empty
2026-06-10 13:06:02 [INFO] [FederationTool] [optional_skip] layer_popup_confirm: selector empty
2026-06-10 13:06:02 [INFO] [FederationTool] [optional_skip] browser_popup_close_button: selector empty
2026-06-10 13:06:02 [INFO] [FederationTool] [??????????????????????????⑤벡????????우뒭亦낆쥋援??ㅲ뵛壤굿??뽯쑆???? first_modal_close (첫 모달 닫기) by=xpath value=/html/body/div[2]/div[3]/div/div[1]/div/div/div/div/div/div[3]/div/div[2] found=0 timeout=3
2026-06-10 13:06:06 [INFO] [FederationTool] [optional_not_found] first_modal_close: no clickable element within 3s
2026-06-10 13:06:06 [INFO] [FederationTool] [??????????????????????????⑤벡????????우뒭亦낆쥋援??ㅲ뵛壤굿??뽯쑆???? second_modal_close (두 번째 모달 닫기) by=xpath value=/html/body/div[2]/div[2]/div/div[1]/div/div/div/div/div/div[3]/div/div[2] found=0 timeout=3
2026-06-10 13:06:09 [INFO] [FederationTool] [optional_not_found] second_modal_close: no clickable element within 3s
2026-06-10 13:06:09 [INFO] [FederationTool] [optional_skip] claim_page_warning_close: selector empty
2026-06-10 13:06:09 [INFO] [FederationTool] [optional_skip] operation_guide_close: selector empty
2026-06-10 13:06:09 [INFO] [FederationTool] [frame_search] iframe found=1
2026-06-10 13:06:09 [INFO] [FederationTool] [frame_enter] iframe 1/1
2026-06-10 13:06:10 [INFO] [FederationTool] [?????????깅즽?????????諛몃마嶺뚮?????????雍????뀀맩鍮???癲???? 공통 버튼 - 닫기 by=xpath value=//button[normalize-space(.)='닫기'] found=0
2026-06-10 13:06:10 [INFO] [FederationTool] [?????????깅즽?????????諛몃마嶺뚮?????????雍????뀀맩鍮???癲???? 공통 버튼 - 확인 by=xpath value=//button[normalize-space(.)='확인'] found=0
2026-06-10 13:06:10 [INFO] [FederationTool] [?????????깅즽?????????諛몃마嶺뚮?????????雍????뀀맩鍮???癲???? 공통 링크 - 닫기 by=xpath value=//a[normalize-space(.)='닫기'] found=0
2026-06-10 13:06:10 [INFO] [FederationTool] [?????????깅즽?????????諛몃마嶺뚮?????????雍????뀀맩鍮???癲???? 공통 링크 - 확인 by=xpath value=//a[normalize-space(.)='확인'] found=0
2026-06-10 13:06:10 [INFO] [FederationTool] [optional_skip] layer_popup_close: selector empty
2026-06-10 13:06:10 [INFO] [FederationTool] [optional_skip] layer_popup_confirm: selector empty
2026-06-10 13:06:10 [INFO] [FederationTool] [optional_skip] browser_popup_close_button: selector empty
2026-06-10 13:06:10 [INFO] [FederationTool] [??????????????????????????⑤벡????????우뒭亦낆쥋援??ㅲ뵛壤굿??뽯쑆???? first_modal_close (첫 모달 닫기) by=xpath value=/html/body/div[2]/div[3]/div/div[1]/div/div/div/div/div/div[3]/div/div[2] found=0 timeout=3
2026-06-10 13:06:13 [INFO] [FederationTool] [optional_not_found] first_modal_close: no clickable element within 3s
2026-06-10 13:06:13 [INFO] [FederationTool] [??????????????????????????⑤벡????????우뒭亦낆쥋援??ㅲ뵛壤굿??뽯쑆???? second_modal_close (두 번째 모달 닫기) by=xpath value=/html/body/div[2]/div[2]/div/div[1]/div/div/div/div/div/div[3]/div/div[2] found=0 timeout=3
2026-06-10 13:06:16 [INFO] [FederationTool] [optional_not_found] second_modal_close: no clickable element within 3s
2026-06-10 13:06:16 [INFO] [FederationTool] [optional_skip] claim_page_warning_close: selector empty
2026-06-10 13:06:16 [INFO] [FederationTool] [optional_skip] operation_guide_close: selector empty
2026-06-10 13:06:16 [INFO] [FederationTool] [popup_close] attempt=2
2026-06-10 13:06:16 [INFO] [FederationTool] [??????????? action=close_extra handles=['19701373F227E02433F1F3B8B3B31CE1', '2375B0E95093894772262BAB0CEE1E13'] current=19701373F227E02433F1F3B8B3B31CE1
2026-06-10 13:06:17 [INFO] [FederationTool] [?????????깅즽?????????諛몃마嶺뚮?????????雍????뀀맩鍮???癲???? 공통 버튼 - 닫기 by=xpath value=//button[normalize-space(.)='닫기'] found=0
2026-06-10 13:06:17 [INFO] [FederationTool] [?????????깅즽?????????諛몃마嶺뚮?????????雍????뀀맩鍮???癲???? 공통 버튼 - 확인 by=xpath value=//button[normalize-space(.)='확인'] found=0
2026-06-10 13:06:17 [INFO] [FederationTool] [?????????깅즽?????????諛몃마嶺뚮?????????雍????뀀맩鍮???癲???? 공통 링크 - 닫기 by=xpath value=//a[normalize-space(.)='닫기'] found=0
2026-06-10 13:06:17 [INFO] [FederationTool] [?????????깅즽?????????諛몃마嶺뚮?????????雍????뀀맩鍮???癲???? 공통 링크 - 확인 by=xpath value=//a[normalize-space(.)='확인'] found=0
2026-06-10 13:06:17 [INFO] [FederationTool] [optional_skip] layer_popup_close: selector empty
2026-06-10 13:06:17 [INFO] [FederationTool] [optional_skip] layer_popup_confirm: selector empty
2026-06-10 13:06:17 [INFO] [FederationTool] [optional_skip] browser_popup_close_button: selector empty
2026-06-10 13:06:17 [INFO] [FederationTool] [??????????????????????????⑤벡????????우뒭亦낆쥋援??ㅲ뵛壤굿??뽯쑆???? first_modal_close (첫 모달 닫기) by=xpath value=/html/body/div[2]/div[3]/div/div[1]/div/div/div/div/div/div[3]/div/div[2] found=0 timeout=3
2026-06-10 13:06:20 [INFO] [FederationTool] [optional_not_found] first_modal_close: no clickable element within 3s
2026-06-10 13:06:20 [INFO] [FederationTool] [??????????????????????????⑤벡????????우뒭亦낆쥋援??ㅲ뵛壤굿??뽯쑆???? second_modal_close (두 번째 모달 닫기) by=xpath value=/html/body/div[2]/div[2]/div/div[1]/div/div/div/div/div/div[3]/div/div[2] found=0 timeout=3
2026-06-10 13:06:23 [INFO] [FederationTool] [optional_not_found] second_modal_close: no clickable element within 3s
2026-06-10 13:06:23 [INFO] [FederationTool] [optional_skip] claim_page_warning_close: selector empty
2026-06-10 13:06:23 [INFO] [FederationTool] [optional_skip] operation_guide_close: selector empty
2026-06-10 13:06:23 [INFO] [FederationTool] [frame_search] iframe found=1
2026-06-10 13:06:23 [INFO] [FederationTool] [frame_enter] iframe 1/1
2026-06-10 13:06:25 [INFO] [FederationTool] [?????????깅즽?????????諛몃마嶺뚮?????????雍????뀀맩鍮???癲???? 공통 버튼 - 닫기 by=xpath value=//button[normalize-space(.)='닫기'] found=0
2026-06-10 13:06:25 [INFO] [FederationTool] [?????????깅즽?????????諛몃마嶺뚮?????????雍????뀀맩鍮???癲???? 공통 버튼 - 확인 by=xpath value=//button[normalize-space(.)='확인'] found=0
2026-06-10 13:06:25 [INFO] [FederationTool] [?????????깅즽?????????諛몃마嶺뚮?????????雍????뀀맩鍮???癲???? 공통 링크 - 닫기 by=xpath value=//a[normalize-space(.)='닫기'] found=0
2026-06-10 13:06:25 [INFO] [FederationTool] [?????????깅즽?????????諛몃마嶺뚮?????????雍????뀀맩鍮???癲???? 공통 링크 - 확인 by=xpath value=//a[normalize-space(.)='확인'] found=0
2026-06-10 13:06:25 [INFO] [FederationTool] [optional_skip] layer_popup_close: selector empty
2026-06-10 13:06:25 [INFO] [FederationTool] [optional_skip] layer_popup_confirm: selector empty
2026-06-10 13:06:25 [INFO] [FederationTool] [optional_skip] browser_popup_close_button: selector empty
2026-06-10 13:06:25 [INFO] [FederationTool] [??????????????????????????⑤벡????????우뒭亦낆쥋援??ㅲ뵛壤굿??뽯쑆???? first_modal_close (첫 모달 닫기) by=xpath value=/html/body/div[2]/div[3]/div/div[1]/div/div/div/div/div/div[3]/div/div[2] found=0 timeout=3
2026-06-10 13:14:58 [INFO] [LoginTool] [분당점] 로그인 시도, 기관기호=14161000183, 타입=케어포
2026-06-10 13:15:01 [INFO] [LoginTool] 케어포 로그인 필드 입력 및 버튼 클릭을 완료했습니다.
2026-06-10 13:42:32 [INFO] [LoginTool] [수원점] 로그인 시도, 기관기호=14111000765, 타입=롱텀
2026-06-10 13:42:48 [WARNING] [LoginTool] 공단 메인 프레임 확인 대기 10초 초과 - 자동화 단계로 계속 진행합니다.
2026-06-10 13:42:48 [INFO] [LoginTool] 롱텀 공단 로그인 절차를 완료했습니다.
2026-06-10 13:44:51 [INFO] [LoginTool] [수원점] 로그인 시도, 기관기호=14111000765, 타입=롱텀
2026-06-10 13:45:06 [WARNING] [LoginTool] 공단 메인 프레임 확인 대기 10초 초과 - 자동화 단계로 계속 진행합니다.
2026-06-10 13:45:06 [INFO] [LoginTool] 롱텀 공단 로그인 절차를 완료했습니다.
2026-06-10 13:46:19 [INFO] [FederationTool] [청운점] 공단툴 지점 버튼 클릭, 롱텀 로그인 시작
2026-06-10 13:46:22 [ERROR] [FederationTool] Chrome 자동화 실패: Message: session not created: Chrome failed to start: crashed.
  (session not created: DevToolsActivePort file doesn't exist)
  (The process started from chrome location C:\Program Files\Google\Chrome\Application\chrome.exe is no longer running, so ChromeDriver is assuming that Chrome has crashed.); For documentation on this error, please visit: https://www.selenium.dev/documentation/webdriver/troubleshooting/errors#sessionnotcreatedexception
Stacktrace:
	chromedriver!GetHandleVerifier [0x7ff7f7573435+14875]
	chromedriver!GetHandleVerifier [0x7ff7f7573490+148d0]
	chromedriver!(No symbol) [0x7ff7f70c778d]
	chromedriver!(No symbol) [0x7ff7f710908b]
	chromedriver!(No symbol) [0x7ff7f7104359]
	chromedriver!(No symbol) [0x7ff7f7157f11]
	chromedriver!(No symbol) [0x7ff7f7157776]
	chromedriver!(No symbol) [0x7ff7f7113eb0]
	chromedriver!(No symbol) [0x7ff7f7114e23]
	chromedriver!GetHandleVerifier [0x7ff7f7b56c91+5f80d1]
	chromedriver!GetHandleVerifier [0x7ff7f7b5101b+5f245b]
	chromedriver!GetHandleVerifier [0x7ff7f7b76305+617745]
	chromedriver!GetHandleVerifier [0x7ff7f75903ee+3182e]
	chromedriver!GetHandleVerifier [0x7ff7f7598b0c+39f4c]
	chromedriver!GetHandleVerifier [0x7ff7f757cb04+1df44]
	chromedriver!GetHandleVerifier [0x7ff7f757cc94+1e0d4]
	chromedriver!GetHandleVerifier [0x7ff7f7560997+1dd7]
	KERNEL32!BaseThreadInitThunk [0x7ff95d6de957+17]
	ntdll!RtlUserThreadStart [0x7ff95ede427c+2c]

2026-06-10 13:46:27 [INFO] [FederationTool] [청운점] 공단툴 지점 버튼 클릭, 롱텀 로그인 시작
2026-06-10 13:46:42 [WARNING] [LoginTool] 공단 메인 프레임 확인 대기 10초 초과 - 자동화 단계로 계속 진행합니다.
2026-06-10 13:46:42 [INFO] [FederationTool] 롱텀 공단 로그인 절차를 완료했습니다.
2026-06-10 13:46:42 [INFO] [FederationTool] 윈도우 전환 준비: handles=['9E5F48965C6F3EC434F5DA335E43437B', '58CB1AB3731A5017DE2B24A9F4BD3779'], current_url=https://www.longtermcare.or.kr/npbs/r/a/104/selectMyBlog.web?menuId=npe0000002835&ltcAdminSym=14183000214
2026-06-10 13:46:42 [INFO] [FederationTool] 로그인 후 공단 청구 자동화 초기화 중...
2026-06-10 13:46:42 [INFO] [FederationTool] 브라우저 윈도우/탭 2번으로 전환했습니다.
2026-06-10 13:46:42 [INFO] [FederationTool] [스냅샷] 초기 상태: handles=['9E5F48965C6F3EC434F5DA335E43437B', '58CB1AB3731A5017DE2B24A9F4BD3779'], current=58CB1AB3731A5017DE2B24A9F4BD3779, title=장기요양정보시스템, url=https://www.longtermcare.or.kr/npbs/xui/manage.html?SESSIONCHECK!xZmOmeDxNfr5duSLWIV1z0kispzkmpsplvav1Pcvt9FwQ6CETeZL2g4wwmFaWjji.amV1c19kb21haW4vbnBic19vcHJfbmV3NDM=&gv_xgateUrl!www.longtermcare.or.kr&gv_isPMSQ!Y&gv_initMenuId!null
2026-06-10 13:46:42 [INFO] [FederationTool] [단계] 팝업 닫기 시작
2026-06-10 13:46:42 [INFO] [FederationTool] 열려있는 알림/모달/팝업 닫기 시도
2026-06-10 13:46:42 [INFO] [FederationTool] [스냅샷] 팝업 닫기 전: handles=['9E5F48965C6F3EC434F5DA335E43437B', '58CB1AB3731A5017DE2B24A9F4BD3779'], current=58CB1AB3731A5017DE2B24A9F4BD3779, title=장기요양정보시스템, url=https://www.longtermcare.or.kr/npbs/xui/manage.html?SESSIONCHECK!xZmOmeDxNfr5duSLWIV1z0kispzkmpsplvav1Pcvt9FwQ6CETeZL2g4wwmFaWjji.amV1c19kb21haW4vbnBic19vcHJfbmV3NDM=&gv_xgateUrl!www.longtermcare.or.kr&gv_isPMSQ!Y&gv_initMenuId!null
2026-06-10 13:46:42 [INFO] [FederationTool] [popup_close] attempt=1
2026-06-10 13:46:42 [INFO] [FederationTool] [창제어] action=close_extra handles=['9E5F48965C6F3EC434F5DA335E43437B', '58CB1AB3731A5017DE2B24A9F4BD3779'] current=58CB1AB3731A5017DE2B24A9F4BD3779
2026-06-10 13:46:43 [INFO] [FederationTool] [요소조회] 공통 버튼 - 닫기 by=xpath value=//button[normalize-space(.)='닫기'] found=0
2026-06-10 13:46:43 [INFO] [FederationTool] [요소조회] 공통 버튼 - 확인 by=xpath value=//button[normalize-space(.)='확인'] found=0
2026-06-10 13:46:43 [INFO] [FederationTool] [요소조회] 공통 링크 - 닫기 by=xpath value=//a[normalize-space(.)='닫기'] found=0
2026-06-10 13:46:43 [INFO] [FederationTool] [요소조회] 공통 링크 - 확인 by=xpath value=//a[normalize-space(.)='확인'] found=0
2026-06-10 13:46:43 [INFO] [FederationTool] [optional_skip] layer_popup_close: selector empty
2026-06-10 13:46:43 [INFO] [FederationTool] [optional_skip] layer_popup_confirm: selector empty
2026-06-10 13:46:43 [INFO] [FederationTool] [optional_skip] browser_popup_close_button: selector empty
2026-06-10 13:46:44 [INFO] [FederationTool] [요소조회] first_modal_close (첫 모달 닫기) by=xpath value=/html/body/div[2]/div[3]/div/div[1]/div/div/div/div/div/div[3]/div/div[2] found=1 timeout=3
2026-06-10 13:46:44 [INFO] [FederationTool] [요소조회] first_modal_close[1] displayed=True enabled=True text=닫기
2026-06-10 13:46:44 [INFO] [FederationTool] [action] first_modal_close: click
2026-06-10 13:46:44 [INFO] [FederationTool] [optional_click_ok] first_modal_close
2026-06-10 13:46:44 [INFO] [FederationTool] [요소조회] second_modal_close (두 번째 모달 닫기) by=xpath value=/html/body/div[2]/div[2]/div/div[1]/div/div/div/div/div/div[3]/div/div[2] found=1 timeout=3
2026-06-10 13:46:44 [INFO] [FederationTool] [요소조회] second_modal_close[1] displayed=True enabled=True text=닫기
2026-06-10 13:46:44 [INFO] [FederationTool] [action] second_modal_close: click
2026-06-10 13:46:44 [INFO] [FederationTool] [optional_click_ok] second_modal_close
2026-06-10 13:46:44 [INFO] [FederationTool] [optional_skip] claim_page_warning_close: selector empty
2026-06-10 13:46:44 [INFO] [FederationTool] [optional_skip] operation_guide_close: selector empty
2026-06-10 13:46:44 [INFO] [FederationTool] [frame_search] iframe found=1
2026-06-10 13:46:44 [INFO] [FederationTool] [frame_enter] iframe 1/1
2026-06-10 13:46:45 [INFO] [FederationTool] [요소조회] 공통 버튼 - 닫기 by=xpath value=//button[normalize-space(.)='닫기'] found=0
2026-06-10 13:46:45 [INFO] [FederationTool] [요소조회] 공통 버튼 - 확인 by=xpath value=//button[normalize-space(.)='확인'] found=0
2026-06-10 13:46:45 [INFO] [FederationTool] [요소조회] 공통 링크 - 닫기 by=xpath value=//a[normalize-space(.)='닫기'] found=0
2026-06-10 13:46:45 [INFO] [FederationTool] [요소조회] 공통 링크 - 확인 by=xpath value=//a[normalize-space(.)='확인'] found=0
2026-06-10 13:46:45 [INFO] [FederationTool] [optional_skip] layer_popup_close: selector empty
2026-06-10 13:46:45 [INFO] [FederationTool] [optional_skip] layer_popup_confirm: selector empty
2026-06-10 13:46:45 [INFO] [FederationTool] [optional_skip] browser_popup_close_button: selector empty
2026-06-10 13:46:45 [INFO] [FederationTool] [optional_skip] first_modal_close: already clicked
2026-06-10 13:46:45 [INFO] [FederationTool] [optional_skip] second_modal_close: already clicked
2026-06-10 13:46:45 [INFO] [FederationTool] [optional_skip] claim_page_warning_close: selector empty
2026-06-10 13:46:45 [INFO] [FederationTool] [optional_skip] operation_guide_close: selector empty
2026-06-10 13:46:45 [INFO] [FederationTool] [popup_close] clicked; stop retry: ['first_modal_close', 'second_modal_close']
2026-06-10 13:46:45 [INFO] [FederationTool] [스냅샷] 팝업 닫기 후: handles=['58CB1AB3731A5017DE2B24A9F4BD3779'], current=58CB1AB3731A5017DE2B24A9F4BD3779, title=장기요양정보시스템, url=https://www.longtermcare.or.kr/npbs/xui/manage.html?SESSIONCHECK!xZmOmeDxNfr5duSLWIV1z0kispzkmpsplvav1Pcvt9FwQ6CETeZL2g4wwmFaWjji.amV1c19kb21haW4vbnBic19vcHJfbmV3NDM=&gv_xgateUrl!www.longtermcare.or.kr&gv_isPMSQ!Y&gv_initMenuId!null
2026-06-10 13:46:45 [INFO] [FederationTool] [단계] 급여비용청구 메뉴 열기
2026-06-10 13:46:45 [INFO] [FederationTool] 상단 메뉴 급여비용청구 열기
2026-06-10 13:46:45 [INFO] [FederationTool] [action] main_menu: hover_click
2026-06-10 13:46:46 [INFO] [FederationTool] [navbar] click payroll_claim_dropdown
2026-06-10 13:46:46 [INFO] [FederationTool] [click_wait] payroll_claim_dropdown (드롭다운 메뉴 - 급여비용청구) by=xpath value=//*[text()='급여비용청구' and @id='mainframe.VFrameSet.frameTop.form.pmnu_subMenu.popupmenuitem.popupmenuitemtext:text'] timeout=5
2026-06-10 13:46:46 [INFO] [FederationTool] [action] payroll_claim_dropdown: click
2026-06-10 13:46:46 [INFO] [FederationTool] [click_ok] payroll_claim_dropdown
2026-06-10 13:46:46 [INFO] [FederationTool] [단계] 메뉴 진입 후 팝업 정리
2026-06-10 13:46:46 [INFO] [FederationTool] 열려있는 알림/모달/팝업 닫기 시도
2026-06-10 13:46:46 [INFO] [FederationTool] [스냅샷] 팝업 닫기 전: handles=['58CB1AB3731A5017DE2B24A9F4BD3779'], current=58CB1AB3731A5017DE2B24A9F4BD3779, title=장기요양정보시스템, url=https://www.longtermcare.or.kr/npbs/xui/manage.html?SESSIONCHECK!xZmOmeDxNfr5duSLWIV1z0kispzkmpsplvav1Pcvt9FwQ6CETeZL2g4wwmFaWjji.amV1c19kb21haW4vbnBic19vcHJfbmV3NDM=&gv_xgateUrl!www.longtermcare.or.kr&gv_isPMSQ!Y&gv_initMenuId!null
2026-06-10 13:46:46 [INFO] [FederationTool] [popup_close] attempt=1
2026-06-10 13:46:46 [INFO] [FederationTool] [창제어] action=close_extra handles=['58CB1AB3731A5017DE2B24A9F4BD3779'] current=58CB1AB3731A5017DE2B24A9F4BD3779
2026-06-10 13:46:47 [INFO] [FederationTool] [요소조회] 공통 버튼 - 닫기 by=xpath value=//button[normalize-space(.)='닫기'] found=0
2026-06-10 13:46:47 [INFO] [FederationTool] [요소조회] 공통 버튼 - 확인 by=xpath value=//button[normalize-space(.)='확인'] found=0
2026-06-10 13:46:47 [INFO] [FederationTool] [요소조회] 공통 링크 - 닫기 by=xpath value=//a[normalize-space(.)='닫기'] found=0
2026-06-10 13:46:47 [INFO] [FederationTool] [요소조회] 공통 링크 - 확인 by=xpath value=//a[normalize-space(.)='확인'] found=0
2026-06-10 13:46:47 [INFO] [FederationTool] [optional_skip] layer_popup_close: selector empty
2026-06-10 13:46:47 [INFO] [FederationTool] [optional_skip] layer_popup_confirm: selector empty
2026-06-10 13:46:47 [INFO] [FederationTool] [optional_skip] browser_popup_close_button: selector empty
2026-06-10 13:46:47 [INFO] [FederationTool] [요소조회] first_modal_close (첫 모달 닫기) by=xpath value=/html/body/div[2]/div[3]/div/div[1]/div/div/div/div/div/div[3]/div/div[2] found=0 timeout=3
2026-06-10 13:46:50 [INFO] [FederationTool] [optional_not_found] first_modal_close: no clickable element within 3s
2026-06-10 13:46:50 [INFO] [FederationTool] [요소조회] second_modal_close (두 번째 모달 닫기) by=xpath value=/html/body/div[2]/div[2]/div/div[1]/div/div/div/div/div/div[3]/div/div[2] found=0 timeout=3
2026-06-10 13:46:54 [INFO] [FederationTool] [optional_not_found] second_modal_close: no clickable element within 3s
2026-06-10 13:46:54 [INFO] [FederationTool] [optional_skip] claim_page_warning_close: selector empty
2026-06-10 13:46:54 [INFO] [FederationTool] [optional_skip] operation_guide_close: selector empty
2026-06-10 13:46:54 [INFO] [FederationTool] [frame_search] iframe found=1
2026-06-10 13:46:54 [INFO] [FederationTool] [frame_enter] iframe 1/1
2026-06-10 13:46:55 [INFO] [FederationTool] [요소조회] 공통 버튼 - 닫기 by=xpath value=//button[normalize-space(.)='닫기'] found=0
2026-06-10 13:46:55 [INFO] [FederationTool] [요소조회] 공통 버튼 - 확인 by=xpath value=//button[normalize-space(.)='확인'] found=0
2026-06-10 13:46:55 [INFO] [FederationTool] [요소조회] 공통 링크 - 닫기 by=xpath value=//a[normalize-space(.)='닫기'] found=0
2026-06-10 13:46:55 [INFO] [FederationTool] [요소조회] 공통 링크 - 확인 by=xpath value=//a[normalize-space(.)='확인'] found=0
2026-06-10 13:46:55 [INFO] [FederationTool] [optional_skip] layer_popup_close: selector empty
2026-06-10 13:46:55 [INFO] [FederationTool] [optional_skip] layer_popup_confirm: selector empty
2026-06-10 13:46:55 [INFO] [FederationTool] [optional_skip] browser_popup_close_button: selector empty
2026-06-10 13:46:55 [INFO] [FederationTool] [요소조회] first_modal_close (첫 모달 닫기) by=xpath value=/html/body/div[2]/div[3]/div/div[1]/div/div/div/div/div/div[3]/div/div[2] found=0 timeout=3
2026-06-10 13:46:58 [INFO] [FederationTool] [optional_not_found] first_modal_close: no clickable element within 3s
2026-06-10 13:46:58 [INFO] [FederationTool] [요소조회] second_modal_close (두 번째 모달 닫기) by=xpath value=/html/body/div[2]/div[2]/div/div[1]/div/div/div/div/div/div[3]/div/div[2] found=0 timeout=3
2026-06-10 13:47:01 [INFO] [FederationTool] [optional_not_found] second_modal_close: no clickable element within 3s
2026-06-10 13:47:01 [INFO] [FederationTool] [optional_skip] claim_page_warning_close: selector empty
2026-06-10 13:47:01 [INFO] [FederationTool] [optional_skip] operation_guide_close: selector empty
2026-06-10 13:47:01 [INFO] [FederationTool] [popup_close] attempt=2
2026-06-10 13:47:01 [INFO] [FederationTool] [창제어] action=close_extra handles=['58CB1AB3731A5017DE2B24A9F4BD3779', '971D91C49FF84C59A638842E89537145'] current=58CB1AB3731A5017DE2B24A9F4BD3779
2026-06-10 13:47:02 [INFO] [FederationTool] [요소조회] 공통 버튼 - 닫기 by=xpath value=//button[normalize-space(.)='닫기'] found=0
2026-06-10 13:47:02 [INFO] [FederationTool] [요소조회] 공통 버튼 - 확인 by=xpath value=//button[normalize-space(.)='확인'] found=0
2026-06-10 13:47:02 [INFO] [FederationTool] [요소조회] 공통 링크 - 닫기 by=xpath value=//a[normalize-space(.)='닫기'] found=0
2026-06-10 13:47:02 [INFO] [FederationTool] [요소조회] 공통 링크 - 확인 by=xpath value=//a[normalize-space(.)='확인'] found=0
2026-06-10 13:47:02 [INFO] [FederationTool] [optional_skip] layer_popup_close: selector empty
2026-06-10 13:47:02 [INFO] [FederationTool] [optional_skip] layer_popup_confirm: selector empty
2026-06-10 13:47:02 [INFO] [FederationTool] [optional_skip] browser_popup_close_button: selector empty
2026-06-10 13:47:02 [INFO] [FederationTool] [요소조회] first_modal_close (첫 모달 닫기) by=xpath value=/html/body/div[2]/div[3]/div/div[1]/div/div/div/div/div/div[3]/div/div[2] found=0 timeout=3
2026-06-10 13:47:05 [INFO] [FederationTool] [optional_not_found] first_modal_close: no clickable element within 3s
2026-06-10 13:47:05 [INFO] [FederationTool] [요소조회] second_modal_close (두 번째 모달 닫기) by=xpath value=/html/body/div[2]/div[2]/div/div[1]/div/div/div/div/div/div[3]/div/div[2] found=0 timeout=3
2026-06-10 13:47:08 [INFO] [FederationTool] [optional_not_found] second_modal_close: no clickable element within 3s
2026-06-10 13:47:08 [INFO] [FederationTool] [optional_skip] claim_page_warning_close: selector empty
2026-06-10 13:47:08 [INFO] [FederationTool] [optional_skip] operation_guide_close: selector empty
2026-06-10 13:47:08 [INFO] [FederationTool] [frame_search] iframe found=1
2026-06-10 13:47:08 [INFO] [FederationTool] [frame_enter] iframe 1/1
2026-06-10 13:47:09 [INFO] [FederationTool] [요소조회] 공통 버튼 - 닫기 by=xpath value=//button[normalize-space(.)='닫기'] found=0
2026-06-10 13:47:09 [INFO] [FederationTool] [요소조회] 공통 버튼 - 확인 by=xpath value=//button[normalize-space(.)='확인'] found=0
2026-06-10 13:47:09 [INFO] [FederationTool] [요소조회] 공통 링크 - 닫기 by=xpath value=//a[normalize-space(.)='닫기'] found=0
2026-06-10 13:47:09 [INFO] [FederationTool] [요소조회] 공통 링크 - 확인 by=xpath value=//a[normalize-space(.)='확인'] found=0
2026-06-10 13:47:09 [INFO] [FederationTool] [optional_skip] layer_popup_close: selector empty
2026-06-10 13:47:09 [INFO] [FederationTool] [optional_skip] layer_popup_confirm: selector empty
2026-06-10 13:47:09 [INFO] [FederationTool] [optional_skip] browser_popup_close_button: selector empty
2026-06-10 13:47:09 [INFO] [FederationTool] [요소조회] first_modal_close (첫 모달 닫기) by=xpath value=/html/body/div[2]/div[3]/div/div[1]/div/div/div/div/div/div[3]/div/div[2] found=0 timeout=3
2026-06-10 13:47:13 [INFO] [FederationTool] [optional_not_found] first_modal_close: no clickable element within 3s
2026-06-10 13:47:13 [INFO] [FederationTool] [요소조회] second_modal_close (두 번째 모달 닫기) by=xpath value=/html/body/div[2]/div[2]/div/div[1]/div/div/div/div/div/div[3]/div/div[2] found=0 timeout=3
2026-06-10 13:47:16 [INFO] [FederationTool] [optional_not_found] second_modal_close: no clickable element within 3s
2026-06-10 13:47:16 [INFO] [FederationTool] [optional_skip] claim_page_warning_close: selector empty
2026-06-10 13:47:16 [INFO] [FederationTool] [optional_skip] operation_guide_close: selector empty
2026-06-10 13:47:16 [INFO] [FederationTool] [스냅샷] 팝업 닫기 후: handles=['58CB1AB3731A5017DE2B24A9F4BD3779'], current=58CB1AB3731A5017DE2B24A9F4BD3779, title=장기요양정보시스템, url=https://www.longtermcare.or.kr/npbs/xui/manage.html?SESSIONCHECK!xZmOmeDxNfr5duSLWIV1z0kispzkmpsplvav1Pcvt9FwQ6CETeZL2g4wwmFaWjji.amV1c19kb21haW4vbnBic19vcHJfbmV3NDM=&gv_xgateUrl!www.longtermcare.or.kr&gv_isPMSQ!Y&gv_initMenuId!null
2026-06-10 13:47:16 [INFO] [FederationTool] [단계] 청구하기 버튼 클릭
2026-06-10 13:47:16 [INFO] [FederationTool] 청구하기 버튼 클릭
2026-06-10 13:47:16 [ERROR] [FederationTool] 청구 명세서 자동화 중 오류: 요소 설정이 없습니다: claim_button
2026-06-10 14:07:46 [INFO] [FederationTool] [청운점] 공단툴 지점 버튼 클릭, 롱텀 로그인 시작
2026-06-10 14:08:02 [WARNING] [LoginTool] 공단 메인 프레임 확인 대기 10초 초과 - 자동화 단계로 계속 진행합니다.
2026-06-10 14:08:02 [INFO] [FederationTool] 롱텀 공단 로그인 절차를 완료했습니다.
2026-06-10 14:08:02 [INFO] [FederationTool] 윈도우 전환 준비: handles=['A7B3478F62B754229503B405ABCEF4B7', 'E3D28CA1B32D67CA29F8DE30516FF0D4'], current_url=https://www.longtermcare.or.kr/npbs/r/a/104/selectMyBlog.web?menuId=npe0000002835&ltcAdminSym=14183000214
2026-06-10 14:08:02 [INFO] [FederationTool] 로그인 후 공단 청구 자동화 초기화 중...
2026-06-10 14:08:02 [INFO] [FederationTool] 브라우저 윈도우/탭 2번으로 전환했습니다.
2026-06-10 14:08:02 [INFO] [FederationTool] [스냅샷] 초기 상태: handles=['A7B3478F62B754229503B405ABCEF4B7', 'E3D28CA1B32D67CA29F8DE30516FF0D4'], current=E3D28CA1B32D67CA29F8DE30516FF0D4, title=장기요양정보시스템, url=https://www.longtermcare.or.kr/npbs/xui/manage.html?SESSIONCHECK!b0YsHszy0x2W2nkBaYUp1ZGmQ760Sqh7lhuDb1ND6Kce5msZTxpBC51AjgMWhEkm.amV1c19kb21haW4vbnBic19vcHJfbmV3NDI=&gv_xgateUrl!www.longtermcare.or.kr&gv_isPMSQ!Y&gv_initMenuId!null
2026-06-10 14:08:02 [INFO] [FederationTool] [단계] 팝업 닫기 시작
2026-06-10 14:08:02 [INFO] [FederationTool] 열려있는 알림/모달/팝업 닫기 시도
2026-06-10 14:08:02 [INFO] [FederationTool] [스냅샷] 팝업 닫기 전: handles=['A7B3478F62B754229503B405ABCEF4B7', 'E3D28CA1B32D67CA29F8DE30516FF0D4'], current=E3D28CA1B32D67CA29F8DE30516FF0D4, title=장기요양정보시스템, url=https://www.longtermcare.or.kr/npbs/xui/manage.html?SESSIONCHECK!b0YsHszy0x2W2nkBaYUp1ZGmQ760Sqh7lhuDb1ND6Kce5msZTxpBC51AjgMWhEkm.amV1c19kb21haW4vbnBic19vcHJfbmV3NDI=&gv_xgateUrl!www.longtermcare.or.kr&gv_isPMSQ!Y&gv_initMenuId!null
2026-06-10 14:08:02 [INFO] [FederationTool] [popup_close] attempt=1
2026-06-10 14:08:02 [INFO] [FederationTool] [요소조회] 공통 버튼 - 닫기 by=xpath value=//button[normalize-space(.)='닫기'] found=0
2026-06-10 14:08:02 [INFO] [FederationTool] [요소조회] 공통 버튼 - 확인 by=xpath value=//button[normalize-space(.)='확인'] found=0
2026-06-10 14:08:02 [INFO] [FederationTool] [요소조회] 공통 링크 - 닫기 by=xpath value=//a[normalize-space(.)='닫기'] found=0
2026-06-10 14:08:02 [INFO] [FederationTool] [요소조회] 공통 링크 - 확인 by=xpath value=//a[normalize-space(.)='확인'] found=0
2026-06-10 14:08:02 [INFO] [FederationTool] [optional_skip] layer_popup_close: selector empty
2026-06-10 14:08:02 [INFO] [FederationTool] [optional_skip] layer_popup_confirm: selector empty
2026-06-10 14:08:02 [INFO] [FederationTool] [optional_skip] browser_popup_close_button: selector empty
2026-06-10 14:08:02 [INFO] [FederationTool] [요소조회] first_modal_close (첫 모달 닫기) by=xpath value=/html/body/div[2]/div[3]/div/div[1]/div/div/div/div/div/div[3]/div/div[2] found=1 timeout=3
2026-06-10 14:08:02 [INFO] [FederationTool] [요소조회] first_modal_close[1] displayed=True enabled=True text=닫기
2026-06-10 14:08:02 [INFO] [FederationTool] [action] first_modal_close: click
2026-06-10 14:08:02 [INFO] [FederationTool] [optional_click_ok] first_modal_close
2026-06-10 14:08:02 [INFO] [FederationTool] [요소조회] second_modal_close (두 번째 모달 닫기) by=xpath value=/html/body/div[2]/div[2]/div/div[1]/div/div/div/div/div/div[3]/div/div[2] found=1 timeout=3
2026-06-10 14:08:02 [INFO] [FederationTool] [요소조회] second_modal_close[1] displayed=True enabled=True text=닫기
2026-06-10 14:08:02 [INFO] [FederationTool] [action] second_modal_close: click
2026-06-10 14:08:02 [INFO] [FederationTool] [optional_click_ok] second_modal_close
2026-06-10 14:08:02 [INFO] [FederationTool] [optional_skip] claim_page_warning_close: selector empty
2026-06-10 14:08:02 [INFO] [FederationTool] [optional_skip] operation_guide_close: selector empty
2026-06-10 14:08:02 [INFO] [FederationTool] [frame_search] iframe found=1
2026-06-10 14:08:02 [INFO] [FederationTool] [frame_enter] iframe 1/1
2026-06-10 14:08:02 [INFO] [FederationTool] [요소조회] 공통 버튼 - 닫기 by=xpath value=//button[normalize-space(.)='닫기'] found=0
2026-06-10 14:08:02 [INFO] [FederationTool] [요소조회] 공통 버튼 - 확인 by=xpath value=//button[normalize-space(.)='확인'] found=0
2026-06-10 14:08:02 [INFO] [FederationTool] [요소조회] 공통 링크 - 닫기 by=xpath value=//a[normalize-space(.)='닫기'] found=0
2026-06-10 14:08:02 [INFO] [FederationTool] [요소조회] 공통 링크 - 확인 by=xpath value=//a[normalize-space(.)='확인'] found=0
2026-06-10 14:08:02 [INFO] [FederationTool] [optional_skip] layer_popup_close: selector empty
2026-06-10 14:08:02 [INFO] [FederationTool] [optional_skip] layer_popup_confirm: selector empty
2026-06-10 14:08:02 [INFO] [FederationTool] [optional_skip] browser_popup_close_button: selector empty
2026-06-10 14:08:02 [INFO] [FederationTool] [optional_skip] first_modal_close: already clicked
2026-06-10 14:08:02 [INFO] [FederationTool] [optional_skip] second_modal_close: already clicked
2026-06-10 14:08:02 [INFO] [FederationTool] [optional_skip] claim_page_warning_close: selector empty
2026-06-10 14:08:02 [INFO] [FederationTool] [optional_skip] operation_guide_close: selector empty
2026-06-10 14:08:02 [INFO] [FederationTool] [popup_close] clicked; stop retry: ['first_modal_close', 'second_modal_close']
2026-06-10 14:08:02 [INFO] [FederationTool] [스냅샷] 팝업 닫기 후: handles=['A7B3478F62B754229503B405ABCEF4B7', 'E3D28CA1B32D67CA29F8DE30516FF0D4'], current=E3D28CA1B32D67CA29F8DE30516FF0D4, title=장기요양정보시스템, url=https://www.longtermcare.or.kr/npbs/xui/manage.html?SESSIONCHECK!b0YsHszy0x2W2nkBaYUp1ZGmQ760Sqh7lhuDb1ND6Kce5msZTxpBC51AjgMWhEkm.amV1c19kb21haW4vbnBic19vcHJfbmV3NDI=&gv_xgateUrl!www.longtermcare.or.kr&gv_isPMSQ!Y&gv_initMenuId!null
2026-06-10 14:08:02 [INFO] [FederationTool] [단계] 급여비용청구 메뉴 열기
2026-06-10 14:08:02 [INFO] [FederationTool] 상단 메뉴 급여비용청구 열기
2026-06-10 14:08:03 [INFO] [FederationTool] [action] main_menu: hover_click
2026-06-10 14:08:03 [INFO] [FederationTool] [navbar] click payroll_claim_dropdown
2026-06-10 14:08:03 [INFO] [FederationTool] [click_wait] payroll_claim_dropdown (드롭다운 메뉴 - 급여비용청구) by=xpath value=//*[text()='급여비용청구' and @id='mainframe.VFrameSet.frameTop.form.pmnu_subMenu.popupmenuitem.popupmenuitemtext:text'] timeout=5
2026-06-10 14:08:03 [INFO] [FederationTool] [action] payroll_claim_dropdown: click
2026-06-10 14:08:03 [INFO] [FederationTool] [click_ok] payroll_claim_dropdown
2026-06-10 14:08:03 [INFO] [FederationTool] [단계] 메뉴 진입 후 팝업 정리
2026-06-10 14:08:03 [INFO] [FederationTool] 열려있는 알림/모달/팝업 닫기 시도
2026-06-10 14:08:03 [INFO] [FederationTool] [스냅샷] 팝업 닫기 전: handles=['A7B3478F62B754229503B405ABCEF4B7', 'E3D28CA1B32D67CA29F8DE30516FF0D4'], current=E3D28CA1B32D67CA29F8DE30516FF0D4, title=장기요양정보시스템, url=https://www.longtermcare.or.kr/npbs/xui/manage.html?SESSIONCHECK!b0YsHszy0x2W2nkBaYUp1ZGmQ760Sqh7lhuDb1ND6Kce5msZTxpBC51AjgMWhEkm.amV1c19kb21haW4vbnBic19vcHJfbmV3NDI=&gv_xgateUrl!www.longtermcare.or.kr&gv_isPMSQ!Y&gv_initMenuId!null
2026-06-10 14:08:03 [INFO] [FederationTool] [popup_close] attempt=1
2026-06-10 14:08:03 [INFO] [FederationTool] [요소조회] 공통 버튼 - 닫기 by=xpath value=//button[normalize-space(.)='닫기'] found=0
2026-06-10 14:08:03 [INFO] [FederationTool] [요소조회] 공통 버튼 - 확인 by=xpath value=//button[normalize-space(.)='확인'] found=0
2026-06-10 14:08:03 [INFO] [FederationTool] [요소조회] 공통 링크 - 닫기 by=xpath value=//a[normalize-space(.)='닫기'] found=0
2026-06-10 14:08:03 [INFO] [FederationTool] [요소조회] 공통 링크 - 확인 by=xpath value=//a[normalize-space(.)='확인'] found=0
2026-06-10 14:08:03 [INFO] [FederationTool] [optional_skip] layer_popup_close: selector empty
2026-06-10 14:08:03 [INFO] [FederationTool] [optional_skip] layer_popup_confirm: selector empty
2026-06-10 14:08:03 [INFO] [FederationTool] [optional_skip] browser_popup_close_button: selector empty
2026-06-10 14:08:03 [INFO] [FederationTool] [요소조회] first_modal_close (첫 모달 닫기) by=xpath value=/html/body/div[2]/div[3]/div/div[1]/div/div/div/div/div/div[3]/div/div[2] found=0 timeout=3
2026-06-10 14:08:06 [INFO] [FederationTool] [optional_not_found] first_modal_close: no clickable element within 3s
2026-06-10 14:08:06 [INFO] [FederationTool] [요소조회] second_modal_close (두 번째 모달 닫기) by=xpath value=/html/body/div[2]/div[2]/div/div[1]/div/div/div/div/div/div[3]/div/div[2] found=0 timeout=3
2026-06-10 14:08:09 [INFO] [FederationTool] [optional_not_found] second_modal_close: no clickable element within 3s
2026-06-10 14:08:09 [INFO] [FederationTool] [optional_skip] claim_page_warning_close: selector empty
2026-06-10 14:08:09 [INFO] [FederationTool] [optional_skip] operation_guide_close: selector empty
2026-06-10 14:08:10 [INFO] [FederationTool] [frame_search] iframe found=1
2026-06-10 14:08:10 [INFO] [FederationTool] [frame_enter] iframe 1/1
2026-06-10 14:08:10 [INFO] [FederationTool] [요소조회] 공통 버튼 - 닫기 by=xpath value=//button[normalize-space(.)='닫기'] found=0
2026-06-10 14:08:10 [INFO] [FederationTool] [요소조회] 공통 버튼 - 확인 by=xpath value=//button[normalize-space(.)='확인'] found=0
2026-06-10 14:08:10 [INFO] [FederationTool] [요소조회] 공통 링크 - 닫기 by=xpath value=//a[normalize-space(.)='닫기'] found=0
2026-06-10 14:08:10 [INFO] [FederationTool] [요소조회] 공통 링크 - 확인 by=xpath value=//a[normalize-space(.)='확인'] found=0
2026-06-10 14:08:10 [INFO] [FederationTool] [optional_skip] layer_popup_close: selector empty
2026-06-10 14:08:10 [INFO] [FederationTool] [optional_skip] layer_popup_confirm: selector empty
2026-06-10 14:08:10 [INFO] [FederationTool] [optional_skip] browser_popup_close_button: selector empty
2026-06-10 14:08:10 [INFO] [FederationTool] [요소조회] first_modal_close (첫 모달 닫기) by=xpath value=/html/body/div[2]/div[3]/div/div[1]/div/div/div/div/div/div[3]/div/div[2] found=0 timeout=3
2026-06-10 14:08:13 [INFO] [FederationTool] [optional_not_found] first_modal_close: no clickable element within 3s
2026-06-10 14:08:13 [INFO] [FederationTool] [요소조회] second_modal_close (두 번째 모달 닫기) by=xpath value=/html/body/div[2]/div[2]/div/div[1]/div/div/div/div/div/div[3]/div/div[2] found=0 timeout=3
2026-06-10 14:08:16 [INFO] [FederationTool] [optional_not_found] second_modal_close: no clickable element within 3s
2026-06-10 14:08:16 [INFO] [FederationTool] [optional_skip] claim_page_warning_close: selector empty
2026-06-10 14:08:16 [INFO] [FederationTool] [optional_skip] operation_guide_close: selector empty
2026-06-10 14:08:16 [INFO] [FederationTool] [popup_close] attempt=2
2026-06-10 14:08:16 [INFO] [FederationTool] [요소조회] 공통 버튼 - 닫기 by=xpath value=//button[normalize-space(.)='닫기'] found=0
2026-06-10 14:08:16 [INFO] [FederationTool] [요소조회] 공통 버튼 - 확인 by=xpath value=//button[normalize-space(.)='확인'] found=0
2026-06-10 14:08:16 [INFO] [FederationTool] [요소조회] 공통 링크 - 닫기 by=xpath value=//a[normalize-space(.)='닫기'] found=0
2026-06-10 14:08:16 [INFO] [FederationTool] [요소조회] 공통 링크 - 확인 by=xpath value=//a[normalize-space(.)='확인'] found=0
2026-06-10 14:08:16 [INFO] [FederationTool] [optional_skip] layer_popup_close: selector empty
2026-06-10 14:08:16 [INFO] [FederationTool] [optional_skip] layer_popup_confirm: selector empty
2026-06-10 14:08:16 [INFO] [FederationTool] [optional_skip] browser_popup_close_button: selector empty
2026-06-10 14:08:16 [INFO] [FederationTool] [요소조회] first_modal_close (첫 모달 닫기) by=xpath value=/html/body/div[2]/div[3]/div/div[1]/div/div/div/div/div/div[3]/div/div[2] found=0 timeout=3
2026-06-10 14:08:19 [INFO] [FederationTool] [optional_not_found] first_modal_close: no clickable element within 3s
2026-06-10 14:08:19 [INFO] [FederationTool] [요소조회] second_modal_close (두 번째 모달 닫기) by=xpath value=/html/body/div[2]/div[2]/div/div[1]/div/div/div/div/div/div[3]/div/div[2] found=0 timeout=3
2026-06-10 14:08:22 [INFO] [FederationTool] [optional_not_found] second_modal_close: no clickable element within 3s
2026-06-10 14:08:22 [INFO] [FederationTool] [optional_skip] claim_page_warning_close: selector empty
2026-06-10 14:08:22 [INFO] [FederationTool] [optional_skip] operation_guide_close: selector empty
2026-06-10 14:08:22 [INFO] [FederationTool] [frame_search] iframe found=1
2026-06-10 14:08:22 [INFO] [FederationTool] [frame_enter] iframe 1/1
2026-06-10 14:08:22 [INFO] [FederationTool] [요소조회] 공통 버튼 - 닫기 by=xpath value=//button[normalize-space(.)='닫기'] found=0
2026-06-10 14:08:22 [INFO] [FederationTool] [요소조회] 공통 버튼 - 확인 by=xpath value=//button[normalize-space(.)='확인'] found=0
2026-06-10 14:08:22 [INFO] [FederationTool] [요소조회] 공통 링크 - 닫기 by=xpath value=//a[normalize-space(.)='닫기'] found=0
2026-06-10 14:08:22 [INFO] [FederationTool] [요소조회] 공통 링크 - 확인 by=xpath value=//a[normalize-space(.)='확인'] found=0
2026-06-10 14:08:22 [INFO] [FederationTool] [optional_skip] layer_popup_close: selector empty
2026-06-10 14:08:22 [INFO] [FederationTool] [optional_skip] layer_popup_confirm: selector empty
2026-06-10 14:08:22 [INFO] [FederationTool] [optional_skip] browser_popup_close_button: selector empty
2026-06-10 14:08:22 [INFO] [FederationTool] [요소조회] first_modal_close (첫 모달 닫기) by=xpath value=/html/body/div[2]/div[3]/div/div[1]/div/div/div/div/div/div[3]/div/div[2] found=0 timeout=3
2026-06-10 14:08:25 [INFO] [FederationTool] [optional_not_found] first_modal_close: no clickable element within 3s
2026-06-10 14:08:25 [INFO] [FederationTool] [요소조회] second_modal_close (두 번째 모달 닫기) by=xpath value=/html/body/div[2]/div[2]/div/div[1]/div/div/div/div/div/div[3]/div/div[2] found=0 timeout=3
2026-06-10 14:08:28 [INFO] [FederationTool] [optional_not_found] second_modal_close: no clickable element within 3s
2026-06-10 14:08:28 [INFO] [FederationTool] [optional_skip] claim_page_warning_close: selector empty
2026-06-10 14:08:28 [INFO] [FederationTool] [optional_skip] operation_guide_close: selector empty
2026-06-10 14:08:28 [INFO] [FederationTool] [스냅샷] 팝업 닫기 후: handles=['A7B3478F62B754229503B405ABCEF4B7', 'E3D28CA1B32D67CA29F8DE30516FF0D4', 'AB6BA26B9A08E46E83EB05EBB37AE17F'], current=E3D28CA1B32D67CA29F8DE30516FF0D4, title=장기요양정보시스템, url=https://www.longtermcare.or.kr/npbs/xui/manage.html?SESSIONCHECK!b0YsHszy0x2W2nkBaYUp1ZGmQ760Sqh7lhuDb1ND6Kce5msZTxpBC51AjgMWhEkm.amV1c19kb21haW4vbnBic19vcHJfbmV3NDI=&gv_xgateUrl!www.longtermcare.or.kr&gv_isPMSQ!Y&gv_initMenuId!null
2026-06-10 14:08:28 [INFO] [FederationTool] [단계] 청구하기 버튼 클릭
2026-06-10 14:08:28 [INFO] [FederationTool] 청구하기 버튼 클릭
2026-06-10 14:08:28 [ERROR] [FederationTool] 청구 명세서 자동화 중 오류: 요소 설정이 없습니다: claim_button
2026-06-10 14:08:52 [INFO] [FederationTool] [청운점] 공단툴 지점 버튼 클릭, 롱텀 로그인 시작
2026-06-10 14:09:07 [WARNING] [LoginTool] 공단 메인 프레임 확인 대기 10초 초과 - 자동화 단계로 계속 진행합니다.
2026-06-10 14:09:07 [INFO] [FederationTool] 롱텀 공단 로그인 절차를 완료했습니다.
2026-06-10 14:09:07 [INFO] [FederationTool] 윈도우 전환 준비: handles=['E8C605B1B67789F0FF68D70F831153CF', 'F0EEFC81A805D3FE423E04D1AE5FA8D2'], current_url=https://www.longtermcare.or.kr/npbs/r/a/104/selectMyBlog.web?menuId=npe0000002835&ltcAdminSym=14183000214
2026-06-10 14:09:07 [INFO] [FederationTool] 로그인 후 공단 청구 자동화 초기화 중...
2026-06-10 14:09:07 [INFO] [FederationTool] 브라우저 윈도우/탭 2번으로 전환했습니다.
2026-06-10 14:09:07 [INFO] [FederationTool] [스냅샷] 초기 상태: handles=['E8C605B1B67789F0FF68D70F831153CF', 'F0EEFC81A805D3FE423E04D1AE5FA8D2'], current=F0EEFC81A805D3FE423E04D1AE5FA8D2, title=장기요양정보시스템, url=https://www.longtermcare.or.kr/npbs/xui/manage.html?SESSIONCHECK!n1umCSYU2RqbbLWBa450Ipaz2Q5jM4tvlyX9h9MPV5b7M9h1TMtUpduaCJPhWwTq.amV1c19kb21haW4vbnBic19vcHJfbmV3MjI=&gv_xgateUrl!www.longtermcare.or.kr&gv_isPMSQ!Y&gv_initMenuId!null
2026-06-10 14:09:07 [INFO] [FederationTool] [단계] 팝업 닫기 시작
2026-06-10 14:09:07 [INFO] [FederationTool] 열려있는 알림/모달/팝업 닫기 시도
2026-06-10 14:09:07 [INFO] [FederationTool] [스냅샷] 팝업 닫기 전: handles=['E8C605B1B67789F0FF68D70F831153CF', 'F0EEFC81A805D3FE423E04D1AE5FA8D2'], current=F0EEFC81A805D3FE423E04D1AE5FA8D2, title=장기요양정보시스템, url=https://www.longtermcare.or.kr/npbs/xui/manage.html?SESSIONCHECK!n1umCSYU2RqbbLWBa450Ipaz2Q5jM4tvlyX9h9MPV5b7M9h1TMtUpduaCJPhWwTq.amV1c19kb21haW4vbnBic19vcHJfbmV3MjI=&gv_xgateUrl!www.longtermcare.or.kr&gv_isPMSQ!Y&gv_initMenuId!null
2026-06-10 14:09:07 [INFO] [FederationTool] [popup_close] attempt=1
2026-06-10 14:09:07 [INFO] [FederationTool] [요소조회] 공통 버튼 - 닫기 by=xpath value=//button[normalize-space(.)='닫기'] found=0
2026-06-10 14:09:07 [INFO] [FederationTool] [요소조회] 공통 버튼 - 확인 by=xpath value=//button[normalize-space(.)='확인'] found=0
2026-06-10 14:09:07 [INFO] [FederationTool] [요소조회] 공통 링크 - 닫기 by=xpath value=//a[normalize-space(.)='닫기'] found=0
2026-06-10 14:09:07 [INFO] [FederationTool] [요소조회] 공통 링크 - 확인 by=xpath value=//a[normalize-space(.)='확인'] found=0
2026-06-10 14:09:07 [INFO] [FederationTool] [optional_skip] layer_popup_close: selector empty
2026-06-10 14:09:07 [INFO] [FederationTool] [optional_skip] layer_popup_confirm: selector empty
2026-06-10 14:09:07 [INFO] [FederationTool] [optional_skip] browser_popup_close_button: selector empty
2026-06-10 14:09:07 [INFO] [FederationTool] [요소조회] first_modal_close (첫 모달 닫기) by=xpath value=/html/body/div[2]/div[3]/div/div[1]/div/div/div/div/div/div[3]/div/div[2] found=1 timeout=3
2026-06-10 14:09:07 [INFO] [FederationTool] [요소조회] first_modal_close[1] displayed=True enabled=True text=닫기
2026-06-10 14:09:07 [INFO] [FederationTool] [action] first_modal_close: click
2026-06-10 14:09:07 [INFO] [FederationTool] [optional_click_ok] first_modal_close
2026-06-10 14:09:07 [INFO] [FederationTool] [요소조회] second_modal_close (두 번째 모달 닫기) by=xpath value=/html/body/div[2]/div[2]/div/div[1]/div/div/div/div/div/div[3]/div/div[2] found=1 timeout=3
2026-06-10 14:09:07 [INFO] [FederationTool] [요소조회] second_modal_close[1] displayed=True enabled=True text=닫기
2026-06-10 14:09:07 [INFO] [FederationTool] [action] second_modal_close: click
2026-06-10 14:09:07 [INFO] [FederationTool] [optional_click_ok] second_modal_close
2026-06-10 14:09:07 [INFO] [FederationTool] [optional_skip] claim_page_warning_close: selector empty
2026-06-10 14:09:07 [INFO] [FederationTool] [optional_skip] operation_guide_close: selector empty
2026-06-10 14:09:07 [INFO] [FederationTool] [frame_search] iframe found=1
2026-06-10 14:09:07 [INFO] [FederationTool] [frame_enter] iframe 1/1
2026-06-10 14:09:07 [INFO] [FederationTool] [요소조회] 공통 버튼 - 닫기 by=xpath value=//button[normalize-space(.)='닫기'] found=0
2026-06-10 14:09:07 [INFO] [FederationTool] [요소조회] 공통 버튼 - 확인 by=xpath value=//button[normalize-space(.)='확인'] found=0
2026-06-10 14:09:07 [INFO] [FederationTool] [요소조회] 공통 링크 - 닫기 by=xpath value=//a[normalize-space(.)='닫기'] found=0
2026-06-10 14:09:07 [INFO] [FederationTool] [요소조회] 공통 링크 - 확인 by=xpath value=//a[normalize-space(.)='확인'] found=0
2026-06-10 14:09:07 [INFO] [FederationTool] [optional_skip] layer_popup_close: selector empty
2026-06-10 14:09:07 [INFO] [FederationTool] [optional_skip] layer_popup_confirm: selector empty
2026-06-10 14:09:07 [INFO] [FederationTool] [optional_skip] browser_popup_close_button: selector empty
2026-06-10 14:09:07 [INFO] [FederationTool] [optional_skip] first_modal_close: already clicked
2026-06-10 14:09:07 [INFO] [FederationTool] [optional_skip] second_modal_close: already clicked
2026-06-10 14:09:07 [INFO] [FederationTool] [optional_skip] claim_page_warning_close: selector empty
2026-06-10 14:09:07 [INFO] [FederationTool] [optional_skip] operation_guide_close: selector empty
2026-06-10 14:09:07 [INFO] [FederationTool] [popup_close] clicked; stop retry: ['first_modal_close', 'second_modal_close']
2026-06-10 14:09:07 [INFO] [FederationTool] [스냅샷] 팝업 닫기 후: handles=['E8C605B1B67789F0FF68D70F831153CF', 'F0EEFC81A805D3FE423E04D1AE5FA8D2'], current=F0EEFC81A805D3FE423E04D1AE5FA8D2, title=장기요양정보시스템, url=https://www.longtermcare.or.kr/npbs/xui/manage.html?SESSIONCHECK!n1umCSYU2RqbbLWBa450Ipaz2Q5jM4tvlyX9h9MPV5b7M9h1TMtUpduaCJPhWwTq.amV1c19kb21haW4vbnBic19vcHJfbmV3MjI=&gv_xgateUrl!www.longtermcare.or.kr&gv_isPMSQ!Y&gv_initMenuId!null
2026-06-10 14:09:07 [INFO] [FederationTool] [단계] 급여비용청구 메뉴 열기
2026-06-10 14:09:07 [INFO] [FederationTool] 상단 메뉴 급여비용청구 열기
2026-06-10 14:09:08 [INFO] [FederationTool] [action] main_menu: hover_click
2026-06-10 14:09:08 [INFO] [FederationTool] [navbar] click payroll_claim_dropdown
2026-06-10 14:09:08 [INFO] [FederationTool] [click_wait] payroll_claim_dropdown (드롭다운 메뉴 - 급여비용청구) by=xpath value=//*[text()='급여비용청구' and @id='mainframe.VFrameSet.frameTop.form.pmnu_subMenu.popupmenuitem.popupmenuitemtext:text'] timeout=5
2026-06-10 14:09:08 [INFO] [FederationTool] [action] payroll_claim_dropdown: click
2026-06-10 14:09:08 [INFO] [FederationTool] [click_ok] payroll_claim_dropdown
2026-06-10 14:09:08 [INFO] [FederationTool] [단계] 메뉴 진입 후 팝업 정리
2026-06-10 14:09:08 [INFO] [FederationTool] 열려있는 알림/모달/팝업 닫기 시도
2026-06-10 14:09:08 [INFO] [FederationTool] [스냅샷] 팝업 닫기 전: handles=['E8C605B1B67789F0FF68D70F831153CF', 'F0EEFC81A805D3FE423E04D1AE5FA8D2'], current=F0EEFC81A805D3FE423E04D1AE5FA8D2, title=장기요양정보시스템, url=https://www.longtermcare.or.kr/npbs/xui/manage.html?SESSIONCHECK!n1umCSYU2RqbbLWBa450Ipaz2Q5jM4tvlyX9h9MPV5b7M9h1TMtUpduaCJPhWwTq.amV1c19kb21haW4vbnBic19vcHJfbmV3MjI=&gv_xgateUrl!www.longtermcare.or.kr&gv_isPMSQ!Y&gv_initMenuId!null
2026-06-10 14:09:08 [INFO] [FederationTool] [popup_close] attempt=1
2026-06-10 14:09:08 [INFO] [FederationTool] [요소조회] 공통 버튼 - 닫기 by=xpath value=//button[normalize-space(.)='닫기'] found=0
2026-06-10 14:09:08 [INFO] [FederationTool] [요소조회] 공통 버튼 - 확인 by=xpath value=//button[normalize-space(.)='확인'] found=0
2026-06-10 14:09:08 [INFO] [FederationTool] [요소조회] 공통 링크 - 닫기 by=xpath value=//a[normalize-space(.)='닫기'] found=0
2026-06-10 14:09:08 [INFO] [FederationTool] [요소조회] 공통 링크 - 확인 by=xpath value=//a[normalize-space(.)='확인'] found=0
2026-06-10 14:09:08 [INFO] [FederationTool] [optional_skip] layer_popup_close: selector empty
2026-06-10 14:09:08 [INFO] [FederationTool] [optional_skip] layer_popup_confirm: selector empty
2026-06-10 14:09:08 [INFO] [FederationTool] [optional_skip] browser_popup_close_button: selector empty
2026-06-10 14:09:08 [INFO] [FederationTool] [요소조회] first_modal_close (첫 모달 닫기) by=xpath value=/html/body/div[2]/div[3]/div/div[1]/div/div/div/div/div/div[3]/div/div[2] found=0 timeout=3
2026-06-10 14:09:11 [INFO] [FederationTool] [optional_not_found] first_modal_close: no clickable element within 3s
2026-06-10 14:09:11 [INFO] [FederationTool] [요소조회] second_modal_close (두 번째 모달 닫기) by=xpath value=/html/body/div[2]/div[2]/div/div[1]/div/div/div/div/div/div[3]/div/div[2] found=0 timeout=3
2026-06-10 14:09:15 [INFO] [FederationTool] [optional_not_found] second_modal_close: no clickable element within 3s
2026-06-10 14:09:15 [INFO] [FederationTool] [optional_skip] claim_page_warning_close: selector empty
2026-06-10 14:09:15 [INFO] [FederationTool] [optional_skip] operation_guide_close: selector empty
2026-06-10 14:09:15 [INFO] [FederationTool] [frame_search] iframe found=1
2026-06-10 14:09:15 [INFO] [FederationTool] [frame_enter] iframe 1/1
2026-06-10 14:09:15 [INFO] [FederationTool] [요소조회] 공통 버튼 - 닫기 by=xpath value=//button[normalize-space(.)='닫기'] found=0
2026-06-10 14:09:15 [INFO] [FederationTool] [요소조회] 공통 버튼 - 확인 by=xpath value=//button[normalize-space(.)='확인'] found=0
2026-06-10 14:09:15 [INFO] [FederationTool] [요소조회] 공통 링크 - 닫기 by=xpath value=//a[normalize-space(.)='닫기'] found=0
2026-06-10 14:09:15 [INFO] [FederationTool] [요소조회] 공통 링크 - 확인 by=xpath value=//a[normalize-space(.)='확인'] found=0
2026-06-10 14:09:15 [INFO] [FederationTool] [optional_skip] layer_popup_close: selector empty
2026-06-10 14:09:15 [INFO] [FederationTool] [optional_skip] layer_popup_confirm: selector empty
2026-06-10 14:09:15 [INFO] [FederationTool] [optional_skip] browser_popup_close_button: selector empty
2026-06-10 14:09:15 [INFO] [FederationTool] [요소조회] first_modal_close (첫 모달 닫기) by=xpath value=/html/body/div[2]/div[3]/div/div[1]/div/div/div/div/div/div[3]/div/div[2] found=0 timeout=3
2026-06-10 14:09:18 [INFO] [FederationTool] [optional_not_found] first_modal_close: no clickable element within 3s
2026-06-10 14:09:18 [INFO] [FederationTool] [요소조회] second_modal_close (두 번째 모달 닫기) by=xpath value=/html/body/div[2]/div[2]/div/div[1]/div/div/div/div/div/div[3]/div/div[2] found=0 timeout=3
2026-06-10 14:09:21 [INFO] [FederationTool] [optional_not_found] second_modal_close: no clickable element within 3s
2026-06-10 14:09:21 [INFO] [FederationTool] [optional_skip] claim_page_warning_close: selector empty
2026-06-10 14:09:21 [INFO] [FederationTool] [optional_skip] operation_guide_close: selector empty
2026-06-10 14:09:21 [INFO] [FederationTool] [popup_close] attempt=2
2026-06-10 14:09:21 [INFO] [FederationTool] [요소조회] 공통 버튼 - 닫기 by=xpath value=//button[normalize-space(.)='닫기'] found=0
2026-06-10 14:09:21 [INFO] [FederationTool] [요소조회] 공통 버튼 - 확인 by=xpath value=//button[normalize-space(.)='확인'] found=0
2026-06-10 14:09:21 [INFO] [FederationTool] [요소조회] 공통 링크 - 닫기 by=xpath value=//a[normalize-space(.)='닫기'] found=0
2026-06-10 14:09:21 [INFO] [FederationTool] [요소조회] 공통 링크 - 확인 by=xpath value=//a[normalize-space(.)='확인'] found=0
2026-06-10 14:09:21 [INFO] [FederationTool] [optional_skip] layer_popup_close: selector empty
2026-06-10 14:09:21 [INFO] [FederationTool] [optional_skip] layer_popup_confirm: selector empty
2026-06-10 14:09:21 [INFO] [FederationTool] [optional_skip] browser_popup_close_button: selector empty
2026-06-10 14:09:21 [INFO] [FederationTool] [요소조회] first_modal_close (첫 모달 닫기) by=xpath value=/html/body/div[2]/div[3]/div/div[1]/div/div/div/div/div/div[3]/div/div[2] found=0 timeout=3
2026-06-10 14:09:24 [INFO] [FederationTool] [optional_not_found] first_modal_close: no clickable element within 3s
2026-06-10 14:09:24 [INFO] [FederationTool] [요소조회] second_modal_close (두 번째 모달 닫기) by=xpath value=/html/body/div[2]/div[2]/div/div[1]/div/div/div/div/div/div[3]/div/div[2] found=0 timeout=3
2026-06-10 14:09:27 [INFO] [FederationTool] [optional_not_found] second_modal_close: no clickable element within 3s
2026-06-10 14:09:27 [INFO] [FederationTool] [optional_skip] claim_page_warning_close: selector empty
2026-06-10 14:09:27 [INFO] [FederationTool] [optional_skip] operation_guide_close: selector empty
2026-06-10 14:09:27 [INFO] [FederationTool] [frame_search] iframe found=1
2026-06-10 14:09:27 [INFO] [FederationTool] [frame_enter] iframe 1/1
2026-06-10 14:09:27 [INFO] [FederationTool] [요소조회] 공통 버튼 - 닫기 by=xpath value=//button[normalize-space(.)='닫기'] found=0
2026-06-10 14:09:27 [INFO] [FederationTool] [요소조회] 공통 버튼 - 확인 by=xpath value=//button[normalize-space(.)='확인'] found=0
2026-06-10 14:09:27 [INFO] [FederationTool] [요소조회] 공통 링크 - 닫기 by=xpath value=//a[normalize-space(.)='닫기'] found=0
2026-06-10 14:09:27 [INFO] [FederationTool] [요소조회] 공통 링크 - 확인 by=xpath value=//a[normalize-space(.)='확인'] found=0
2026-06-10 14:09:27 [INFO] [FederationTool] [optional_skip] layer_popup_close: selector empty
2026-06-10 14:09:27 [INFO] [FederationTool] [optional_skip] layer_popup_confirm: selector empty
2026-06-10 14:09:27 [INFO] [FederationTool] [optional_skip] browser_popup_close_button: selector empty
2026-06-10 14:09:27 [INFO] [FederationTool] [요소조회] first_modal_close (첫 모달 닫기) by=xpath value=/html/body/div[2]/div[3]/div/div[1]/div/div/div/div/div/div[3]/div/div[2] found=0 timeout=3
2026-06-10 14:09:30 [INFO] [FederationTool] [optional_not_found] first_modal_close: no clickable element within 3s
2026-06-10 14:09:30 [INFO] [FederationTool] [요소조회] second_modal_close (두 번째 모달 닫기) by=xpath value=/html/body/div[2]/div[2]/div/div[1]/div/div/div/div/div/div[3]/div/div[2] found=0 timeout=3
2026-06-10 14:09:33 [INFO] [FederationTool] [optional_not_found] second_modal_close: no clickable element within 3s
2026-06-10 14:09:33 [INFO] [FederationTool] [optional_skip] claim_page_warning_close: selector empty
2026-06-10 14:09:33 [INFO] [FederationTool] [optional_skip] operation_guide_close: selector empty
2026-06-10 14:09:33 [INFO] [FederationTool] [스냅샷] 팝업 닫기 후: handles=['E8C605B1B67789F0FF68D70F831153CF', 'F0EEFC81A805D3FE423E04D1AE5FA8D2', '64946754862A64AAF0E533FA22F97C5C'], current=F0EEFC81A805D3FE423E04D1AE5FA8D2, title=장기요양정보시스템, url=https://www.longtermcare.or.kr/npbs/xui/manage.html?SESSIONCHECK!n1umCSYU2RqbbLWBa450Ipaz2Q5jM4tvlyX9h9MPV5b7M9h1TMtUpduaCJPhWwTq.amV1c19kb21haW4vbnBic19vcHJfbmV3MjI=&gv_xgateUrl!www.longtermcare.or.kr&gv_isPMSQ!Y&gv_initMenuId!null
2026-06-10 14:09:33 [INFO] [FederationTool] [단계] 청구하기 버튼 클릭
2026-06-10 14:09:33 [INFO] [FederationTool] 청구하기 버튼 클릭
2026-06-10 14:09:33 [ERROR] [FederationTool] 청구 명세서 자동화 중 오류: 요소 설정이 없습니다: claim_button
2026-06-10 14:50:35 [INFO] [LoginTool] [청운점] 로그인 시도, 기관기호=14183000214, 타입=케어포
2026-06-10 14:50:37 [INFO] [LoginTool] 케어포 로그인 필드 입력 및 버튼 클릭을 완료했습니다.
2026-06-10 15:23:35 [INFO] [LoginTool] [분당점] 로그인 시도, 기관기호=14161000183, 타입=케어포
2026-06-10 15:23:39 [INFO] [LoginTool] 케어포 로그인 필드 입력 및 버튼 클릭을 완료했습니다.
2026-06-10 15:28:47 [INFO] [LoginTool] [분당점] 로그인 시도, 기관기호=14161000183, 타입=롱텀
2026-06-10 15:29:03 [WARNING] [LoginTool] 공단 메인 프레임 확인 대기 10초 초과 - 자동화 단계로 계속 진행합니다.
2026-06-10 15:29:03 [INFO] [LoginTool] 롱텀 공단 로그인 절차를 완료했습니다.
2026-06-10 15:29:19 [INFO] [LoginTool] [탄현점] 로그인 시도, 기관기호=14128000972, 타입=롱텀
2026-06-10 15:29:34 [WARNING] [LoginTool] 공단 메인 프레임 확인 대기 10초 초과 - 자동화 단계로 계속 진행합니다.
2026-06-10 15:29:34 [INFO] [LoginTool] 롱텀 공단 로그인 절차를 완료했습니다.
2026-06-10 15:34:22 [INFO] [LoginTool] [수원점] 로그인 시도, 기관기호=14111000765, 타입=롱텀
2026-06-10 15:34:37 [WARNING] [LoginTool] 공단 메인 프레임 확인 대기 10초 초과 - 자동화 단계로 계속 진행합니다.
2026-06-10 15:34:37 [INFO] [LoginTool] 롱텀 공단 로그인 절차를 완료했습니다.
2026-06-10 15:35:29 [INFO] [LoginTool] [양평점] 로그인 시도, 기관기호=14183000182, 타입=롱텀
2026-06-10 15:35:44 [WARNING] [LoginTool] 공단 메인 프레임 확인 대기 10초 초과 - 자동화 단계로 계속 진행합니다.
2026-06-10 15:35:44 [INFO] [LoginTool] 롱텀 공단 로그인 절차를 완료했습니다.
2026-06-10 15:36:15 [INFO] [LoginTool] [분당3관] 로그인 시도, 기관기호=14161000224, 타입=롱텀
2026-06-10 15:36:31 [WARNING] [LoginTool] 공단 메인 프레임 확인 대기 10초 초과 - 자동화 단계로 계속 진행합니다.
2026-06-10 15:36:31 [INFO] [LoginTool] 롱텀 공단 로그인 절차를 완료했습니다.
2026-06-10 15:36:40 [INFO] [LoginTool] [장기점] 로그인 시도, 기관기호=14157000438, 타입=롱텀
2026-06-10 15:36:55 [WARNING] [LoginTool] 공단 메인 프레임 확인 대기 10초 초과 - 자동화 단계로 계속 진행합니다.
2026-06-10 15:36:55 [INFO] [LoginTool] 롱텀 공단 로그인 절차를 완료했습니다.
2026-06-10 16:00:17 [INFO] [LoginTool] [분당점] 로그인 시도, 기관기호=14161000183, 타입=케어포
2026-06-10 16:00:19 [INFO] [LoginTool] 케어포 로그인 필드 입력 및 버튼 클릭을 완료했습니다.
2026-06-10 16:02:14 [INFO] [LoginTool] [화성점] 로그인 시도, 기관기호=14159000792, 타입=케어포
2026-06-10 16:02:16 [INFO] [LoginTool] 케어포 로그인 필드 입력 및 버튼 클릭을 완료했습니다.
2026-06-10 16:02:52 [INFO] [LoginTool] [운양점] 로그인 시도, 기관기호=14157000521, 타입=케어포
2026-06-10 16:02:54 [INFO] [LoginTool] 케어포 로그인 필드 입력 및 버튼 클릭을 완료했습니다.
2026-06-10 16:04:08 [INFO] [LoginTool] [아산점] 로그인 시도, 기관기호=14420000352, 타입=케어포
2026-06-10 16:04:11 [INFO] [LoginTool] 케어포 로그인 필드 입력 및 버튼 클릭을 완료했습니다.
2026-06-10 16:10:35 [INFO] [LoginTool] [아산점] 로그인 시도, 기관기호=14420000352, 타입=롱텀
2026-06-10 16:10:51 [WARNING] [LoginTool] 공단 메인 프레임 확인 대기 10초 초과 - 자동화 단계로 계속 진행합니다.
2026-06-10 16:10:51 [INFO] [LoginTool] 롱텀 공단 로그인 절차를 완료했습니다.
2026-06-10 16:11:33 [INFO] [LoginTool] [운양점] 로그인 시도, 기관기호=14157000521, 타입=롱텀
2026-06-10 16:11:34 [INFO] [LoginTool] [운양점] 로그인 시도, 기관기호=14157000521, 타입=케어포
2026-06-10 16:11:38 [INFO] [LoginTool] 케어포 로그인 필드 입력 및 버튼 클릭을 완료했습니다.
2026-06-10 16:11:48 [WARNING] [LoginTool] 공단 메인 프레임 확인 대기 10초 초과 - 자동화 단계로 계속 진행합니다.
2026-06-10 16:11:48 [INFO] [LoginTool] 롱텀 공단 로그인 절차를 완료했습니다.
2026-06-10 16:14:33 [INFO] [LoginTool] [운양점] 로그인 시도, 기관기호=14157000521, 타입=케어포
2026-06-10 16:14:36 [INFO] [LoginTool] 케어포 로그인 필드 입력 및 버튼 클릭을 완료했습니다.
2026-06-10 16:16:01 [INFO] [LoginTool] [화성점] 로그인 시도, 기관기호=14159000792, 타입=케어포
2026-06-10 16:16:03 [INFO] [LoginTool] 케어포 로그인 필드 입력 및 버튼 클릭을 완료했습니다.
2026-06-10 16:35:42 [INFO] [LoginTool] [양평점] 로그인 시도, 기관기호=14183000182, 타입=롱텀
2026-06-10 16:35:45 [ERROR] [LoginTool] Chrome 자동화 실패: Message: session not created: Chrome failed to start: crashed.
  (session not created: DevToolsActivePort file doesn't exist)
  (The process started from chrome location C:\Program Files\Google\Chrome\Application\chrome.exe is no longer running, so ChromeDriver is assuming that Chrome has crashed.); For documentation on this error, please visit: https://www.selenium.dev/documentation/webdriver/troubleshooting/errors#sessionnotcreatedexception
Stacktrace:
	chromedriver!GetHandleVerifier [0x7ff7f7573435+14875]
	chromedriver!GetHandleVerifier [0x7ff7f7573490+148d0]
	chromedriver!(No symbol) [0x7ff7f70c778d]
	chromedriver!(No symbol) [0x7ff7f710908b]
	chromedriver!(No symbol) [0x7ff7f7104359]
	chromedriver!(No symbol) [0x7ff7f7157f11]
	chromedriver!(No symbol) [0x7ff7f7157776]
	chromedriver!(No symbol) [0x7ff7f7113eb0]
	chromedriver!(No symbol) [0x7ff7f7114e23]
	chromedriver!GetHandleVerifier [0x7ff7f7b56c91+5f80d1]
	chromedriver!GetHandleVerifier [0x7ff7f7b5101b+5f245b]
	chromedriver!GetHandleVerifier [0x7ff7f7b76305+617745]
	chromedriver!GetHandleVerifier [0x7ff7f75903ee+3182e]
	chromedriver!GetHandleVerifier [0x7ff7f7598b0c+39f4c]
	chromedriver!GetHandleVerifier [0x7ff7f757cb04+1df44]
	chromedriver!GetHandleVerifier [0x7ff7f757cc94+1e0d4]
	chromedriver!GetHandleVerifier [0x7ff7f7560997+1dd7]
	KERNEL32!BaseThreadInitThunk [0x7ff95d6de957+17]
	ntdll!RtlUserThreadStart [0x7ff95ede427c+2c]

2026-06-10 16:35:55 [INFO] [LoginTool] [양평점] 로그인 시도, 기관기호=14183000182, 타입=롱텀
2026-06-10 16:36:11 [WARNING] [LoginTool] 공단 메인 프레임 확인 대기 10초 초과 - 자동화 단계로 계속 진행합니다.
2026-06-10 16:36:11 [INFO] [LoginTool] 롱텀 공단 로그인 절차를 완료했습니다.
2026-06-10 16:39:17 [INFO] [LoginTool] [일산본점] 로그인 시도, 기관기호=14128001633, 타입=롱텀
2026-06-10 16:39:32 [WARNING] [LoginTool] 공단 메인 프레임 확인 대기 10초 초과 - 자동화 단계로 계속 진행합니다.
2026-06-10 16:39:32 [INFO] [LoginTool] 롱텀 공단 로그인 절차를 완료했습니다.
2026-06-10 17:09:34 [INFO] [LoginTool] [천안점] 로그인 시도, 기관기호=14413000646, 타입=롱텀
2026-06-10 17:09:37 [ERROR] [LoginTool] Chrome 자동화 실패: Message: invalid session id: session deleted as the browser has closed the connection
from disconnected: not connected to DevTools
  (Session info: chrome=149.0.7827.54); For documentation on this error, please visit: https://www.selenium.dev/documentation/webdriver/troubleshooting/errors#invalidsessionidexception
Stacktrace:
	chromedriver!GetHandleVerifier [0x7ff7f7573435+14875]
	chromedriver!GetHandleVerifier [0x7ff7f7573490+148d0]
	chromedriver!(No symbol) [0x7ff7f70c778d]
	chromedriver!(No symbol) [0x7ff7f70b2c02]
	chromedriver!(No symbol) [0x7ff7f70d8f0c]
	chromedriver!(No symbol) [0x7ff7f71513c0]
	chromedriver!(No symbol) [0x7ff7f70f1656]
	chromedriver!(No symbol) [0x7ff7f7113eb0]
	chromedriver!(No symbol) [0x7ff7f7114e23]
	chromedriver!GetHandleVerifier [0x7ff7f7b56c91+5f80d1]
	chromedriver!GetHandleVerifier [0x7ff7f7b5101b+5f245b]
	chromedriver!GetHandleVerifier [0x7ff7f7b76305+617745]
	chromedriver!GetHandleVerifier [0x7ff7f75903ee+3182e]
	chromedriver!GetHandleVerifier [0x7ff7f7598b0c+39f4c]
	chromedriver!GetHandleVerifier [0x7ff7f757cb04+1df44]
	chromedriver!GetHandleVerifier [0x7ff7f757cc94+1e0d4]
	chromedriver!GetHandleVerifier [0x7ff7f7560997+1dd7]
	KERNEL32!BaseThreadInitThunk [0x7ff95d6de957+17]
	ntdll!RtlUserThreadStart [0x7ff95ede427c+2c]

2026-06-10 17:09:38 [INFO] [LoginTool] [천안점] 로그인 시도, 기관기호=14413000646, 타입=케어포
2026-06-10 17:09:41 [INFO] [LoginTool] 케어포 로그인 필드 입력 및 버튼 클릭을 완료했습니다.
2026-06-10 17:10:32 [INFO] [LoginTool] [양평점] 로그인 시도, 기관기호=14183000182, 타입=케어포
2026-06-10 17:10:34 [INFO] [LoginTool] 케어포 로그인 필드 입력 및 버튼 클릭을 완료했습니다.
2026-06-10 17:10:56 [INFO] [LoginTool] [장기점] 로그인 시도, 기관기호=14157000438, 타입=케어포
2026-06-10 17:10:58 [INFO] [LoginTool] 케어포 로그인 필드 입력 및 버튼 클릭을 완료했습니다.
2026-06-10 17:43:10 [INFO] [LoginTool] [성남점] 로그인 시도, 기관기호=14113000834, 타입=롱텀
2026-06-10 17:43:25 [WARNING] [LoginTool] 공단 메인 프레임 확인 대기 10초 초과 - 자동화 단계로 계속 진행합니다.
2026-06-10 17:43:25 [INFO] [LoginTool] 롱텀 공단 로그인 절차를 완료했습니다.
2026-06-10 17:50:38 [INFO] [LoginTool] [탄현점] 로그인 시도, 기관기호=14128000972, 타입=롱텀
2026-06-10 17:50:55 [WARNING] [LoginTool] 공단 메인 프레임 확인 대기 10초 초과 - 자동화 단계로 계속 진행합니다.
2026-06-10 17:50:55 [INFO] [LoginTool] 롱텀 공단 로그인 절차를 완료했습니다.
2026-06-10 17:52:54 [INFO] [LoginTool] [장기점] 로그인 시도, 기관기호=14157000438, 타입=롱텀
2026-06-10 17:53:10 [WARNING] [LoginTool] 공단 메인 프레임 확인 대기 10초 초과 - 자동화 단계로 계속 진행합니다.
2026-06-10 17:53:10 [INFO] [LoginTool] 롱텀 공단 로그인 절차를 완료했습니다.
2026-06-10 17:54:12 [INFO] [LoginTool] [탄현점] 로그인 시도, 기관기호=14128000972, 타입=롱텀
2026-06-10 17:54:28 [WARNING] [LoginTool] 공단 메인 프레임 확인 대기 10초 초과 - 자동화 단계로 계속 진행합니다.
2026-06-10 17:54:28 [INFO] [LoginTool] 롱텀 공단 로그인 절차를 완료했습니다.
2026-06-11 05:51:52 [INFO] [LoginTool] [아산점] 로그인 시도, 기관기호=14420000352, 타입=케어포
2026-06-11 05:52:00 [INFO] [LoginTool] 케어포 로그인 필드 입력 및 버튼 클릭을 완료했습니다.
2026-06-11 06:24:16 [INFO] [LoginTool] [아산점] 로그인 시도, 기관기호=14420000352, 타입=케어포
2026-06-11 06:24:19 [INFO] [LoginTool] 케어포 로그인 필드 입력 및 버튼 클릭을 완료했습니다.
2026-06-11 06:26:00 [INFO] [LoginTool] [양평점] 로그인 시도, 기관기호=14183000182, 타입=케어포
2026-06-11 06:26:03 [INFO] [LoginTool] 케어포 로그인 필드 입력 및 버튼 클릭을 완료했습니다.
2026-06-11 06:26:26 [INFO] [LoginTool] [성남점] 로그인 시도, 기관기호=14113000834, 타입=케어포
2026-06-11 06:26:29 [INFO] [LoginTool] 케어포 로그인 필드 입력 및 버튼 클릭을 완료했습니다.
2026-06-11 06:28:33 [INFO] [LoginTool] [아산점] 로그인 시도, 기관기호=14420000352, 타입=케어포
2026-06-11 06:28:36 [INFO] [LoginTool] 케어포 로그인 필드 입력 및 버튼 클릭을 완료했습니다.
2026-06-11 06:37:27 [INFO] [LoginTool] [양천점] 로그인 시도, 기관기호=11147000548, 타입=케어포
2026-06-11 06:37:29 [INFO] [LoginTool] 케어포 로그인 필드 입력 및 버튼 클릭을 완료했습니다.
2026-06-11 06:40:18 [INFO] [LoginTool] [분당점] 로그인 시도, 기관기호=14161000183, 타입=케어포
2026-06-11 06:40:21 [INFO] [LoginTool] 케어포 로그인 필드 입력 및 버튼 클릭을 완료했습니다.
2026-06-11 06:42:43 [INFO] [LoginTool] [화성점] 로그인 시도, 기관기호=14159000792, 타입=케어포
2026-06-11 06:42:46 [INFO] [LoginTool] 케어포 로그인 필드 입력 및 버튼 클릭을 완료했습니다.
2026-06-11 06:50:31 [INFO] [LoginTool] [수원점] 로그인 시도, 기관기호=14111000765, 타입=케어포
2026-06-11 06:50:34 [INFO] [LoginTool] 케어포 로그인 필드 입력 및 버튼 클릭을 완료했습니다.
2026-06-11 07:51:25 [INFO] [LoginTool] [분당점] 로그인 시도, 기관기호=14161000183, 타입=케어포
2026-06-11 07:51:28 [INFO] [LoginTool] 케어포 로그인 필드 입력 및 버튼 클릭을 완료했습니다.
2026-06-11 08:13:53 [INFO] [LoginTool] [천안점] 로그인 시도, 기관기호=14413000646, 타입=케어포
2026-06-11 08:13:56 [INFO] [LoginTool] 케어포 로그인 필드 입력 및 버튼 클릭을 완료했습니다.
2026-06-11 09:04:55 [INFO] [LoginTool] [분당점] 로그인 시도, 기관기호=14161000183, 타입=롱텀
2026-06-11 09:05:02 [ERROR] [LoginTool] Chrome 자동화 실패: Alert Text: 인증서 암호를 입력하십시오.
Message: unexpected alert open: {Alert text : 인증서 암호를 입력하십시오.}
  (Session info: chrome=149.0.7827.103)
Stacktrace:
	chromedriver!GetHandleVerifier [0x7ff7f9863435+14875]
	chromedriver!GetHandleVerifier [0x7ff7f9863490+148d0]
	chromedriver!(No symbol) [0x7ff7f93b778d]
	chromedriver!(No symbol) [0x7ff7f945f48f]
	chromedriver!(No symbol) [0x7ff7f9403eb0]
	chromedriver!(No symbol) [0x7ff7f9404e23]
	chromedriver!GetHandleVerifier [0x7ff7f9e46c91+5f80d1]
	chromedriver!GetHandleVerifier [0x7ff7f9e4101b+5f245b]
	chromedriver!GetHandleVerifier [0x7ff7f9e66305+617745]
	chromedriver!GetHandleVerifier [0x7ff7f98803ee+3182e]
	chromedriver!GetHandleVerifier [0x7ff7f9888b0c+39f4c]
	chromedriver!GetHandleVerifier [0x7ff7f986cb04+1df44]
	chromedriver!GetHandleVerifier [0x7ff7f986cc94+1e0d4]
	chromedriver!GetHandleVerifier [0x7ff7f9850997+1dd7]
	KERNEL32!BaseThreadInitThunk [0x7ffbfebee957+17]
	ntdll!RtlUserThreadStart [0x7ffbff647c1c+2c]

2026-06-11 09:05:07 [INFO] [LoginTool] [분당점] 로그인 시도, 기관기호=14161000183, 타입=롱텀
2026-06-11 09:05:23 [WARNING] [LoginTool] 공단 메인 프레임 확인 대기 10초 초과 - 자동화 단계로 계속 진행합니다.
2026-06-11 09:05:23 [INFO] [LoginTool] 롱텀 공단 로그인 절차를 완료했습니다.
2026-06-11 09:05:56 [INFO] [LoginTool] [분당3관] 로그인 시도, 기관기호=14161000224, 타입=롱텀
2026-06-11 09:06:12 [WARNING] [LoginTool] 공단 메인 프레임 확인 대기 10초 초과 - 자동화 단계로 계속 진행합니다.
2026-06-11 09:06:12 [INFO] [LoginTool] 롱텀 공단 로그인 절차를 완료했습니다.
2026-06-11 09:13:13 [INFO] [LoginTool] [분당점] 로그인 시도, 기관기호=14161000183, 타입=롱텀
2026-06-11 09:13:30 [WARNING] [LoginTool] 공단 메인 프레임 확인 대기 10초 초과 - 자동화 단계로 계속 진행합니다.
2026-06-11 09:13:30 [INFO] [LoginTool] 롱텀 공단 로그인 절차를 완료했습니다.
2026-06-11 09:15:26 [INFO] [LoginTool] [분당점] 로그인 시도, 기관기호=14161000183, 타입=케어포
2026-06-11 09:15:29 [INFO] [LoginTool] 케어포 로그인 필드 입력 및 버튼 클릭을 완료했습니다.
2026-06-11 09:32:16 [INFO] [LoginTool] [분당점] 로그인 시도, 기관기호=14161000183, 타입=케어포
2026-06-11 09:32:19 [INFO] [LoginTool] 케어포 로그인 필드 입력 및 버튼 클릭을 완료했습니다.
2026-06-11 10:27:02 [INFO] [LoginTool] [분당3관] 로그인 시도, 기관기호=14161000224, 타입=롱텀
2026-06-11 10:27:19 [WARNING] [LoginTool] 공단 메인 프레임 확인 대기 10초 초과 - 자동화 단계로 계속 진행합니다.
2026-06-11 10:27:19 [INFO] [LoginTool] 롱텀 공단 로그인 절차를 완료했습니다.
2026-06-11 10:30:22 [INFO] [LoginTool] [분당점] 로그인 시도, 기관기호=14161000183, 타입=롱텀
2026-06-11 10:30:38 [WARNING] [LoginTool] 공단 메인 프레임 확인 대기 10초 초과 - 자동화 단계로 계속 진행합니다.
2026-06-11 10:30:38 [INFO] [LoginTool] 롱텀 공단 로그인 절차를 완료했습니다.
2026-06-11 17:54:32 [INFO] [LoginTool] [일산본점] 로그인 시도, 기관기호=14128001633, 타입=케어포
2026-06-11 17:54:35 [INFO] [LoginTool] 케어포 로그인 필드 입력 및 버튼 클릭을 완료했습니다.
2026-06-12 08:03:01 [INFO] [LoginTool] [청운점] 로그인 시도, 기관기호=14183000214, 타입=롱텀
2026-06-12 08:03:20 [WARNING] [LoginTool] 공단 메인 프레임 확인 대기 10초 초과 - 자동화 단계로 계속 진행합니다.
2026-06-12 08:03:20 [INFO] [LoginTool] 롱텀 공단 로그인 절차를 완료했습니다.
2026-06-12 08:06:45 [INFO] [LoginTool] [일산본점] 로그인 시도, 기관기호=14128001633, 타입=롱텀
2026-06-12 08:07:00 [WARNING] [LoginTool] 공단 메인 프레임 확인 대기 10초 초과 - 자동화 단계로 계속 진행합니다.
2026-06-12 08:07:00 [INFO] [LoginTool] 롱텀 공단 로그인 절차를 완료했습니다.
2026-06-12 08:33:38 [INFO] [FederationTool] [청운점] 공단툴 지점 버튼 클릭, 롱텀 로그인 시작
2026-06-12 08:33:53 [WARNING] [LoginTool] 공단 메인 프레임 확인 대기 10초 초과 - 자동화 단계로 계속 진행합니다.
2026-06-12 08:33:53 [INFO] [FederationTool] 롱텀 공단 로그인 절차를 완료했습니다.
2026-06-12 08:33:53 [INFO] [FederationTool] 윈도우 전환 준비: handles=['35FB889847FB08134BF8AD525E2D042A', 'AA0E4866FF5C21EB56F6C0BAEF815407'], current_url=https://www.longtermcare.or.kr/npbs/r/a/104/selectMyBlog.web?menuId=npe0000002835&ltcAdminSym=14183000214
2026-06-12 08:33:53 [INFO] [FederationTool] 로그인 후 공단 청구 자동화 초기화 중...
2026-06-12 08:33:53 [INFO] [FederationTool] 브라우저 윈도우/탭 2번으로 전환했습니다.
2026-06-12 08:33:53 [INFO] [FederationTool] [스냅샷] 초기 상태: handles=['35FB889847FB08134BF8AD525E2D042A', 'AA0E4866FF5C21EB56F6C0BAEF815407'], current=AA0E4866FF5C21EB56F6C0BAEF815407, title=장기요양정보시스템, url=https://www.longtermcare.or.kr/npbs/xui/manage.html?SESSIONCHECK!sqcagyDRNulS2gi8Gk4pb4J8G1vUZkSGjiAYGa8bkzygNjnITHGsa39iv86imELD.amV1c19kb21haW4vbnBic19vcHJfbmV3MzI=&gv_xgateUrl!www.longtermcare.or.kr&gv_isPMSQ!Y&gv_initMenuId!null
2026-06-12 08:33:53 [INFO] [FederationTool] [단계] 팝업 닫기 시작
2026-06-12 08:33:53 [INFO] [FederationTool] 열려있는 알림/모달/팝업 닫기 시도
2026-06-12 08:33:53 [INFO] [FederationTool] [스냅샷] 팝업 닫기 전: handles=['35FB889847FB08134BF8AD525E2D042A', 'AA0E4866FF5C21EB56F6C0BAEF815407'], current=AA0E4866FF5C21EB56F6C0BAEF815407, title=장기요양정보시스템, url=https://www.longtermcare.or.kr/npbs/xui/manage.html?SESSIONCHECK!sqcagyDRNulS2gi8Gk4pb4J8G1vUZkSGjiAYGa8bkzygNjnITHGsa39iv86imELD.amV1c19kb21haW4vbnBic19vcHJfbmV3MzI=&gv_xgateUrl!www.longtermcare.or.kr&gv_isPMSQ!Y&gv_initMenuId!null
2026-06-12 08:33:53 [INFO] [FederationTool] [popup_close] attempt=1
2026-06-12 08:33:53 [INFO] [FederationTool] [요소조회] 공통 버튼 - 닫기 by=xpath value=//button[normalize-space(.)='닫기'] found=0
2026-06-12 08:33:53 [INFO] [FederationTool] [요소조회] 공통 버튼 - 확인 by=xpath value=//button[normalize-space(.)='확인'] found=0
2026-06-12 08:33:53 [INFO] [FederationTool] [요소조회] 공통 링크 - 닫기 by=xpath value=//a[normalize-space(.)='닫기'] found=0
2026-06-12 08:33:53 [INFO] [FederationTool] [요소조회] 공통 링크 - 확인 by=xpath value=//a[normalize-space(.)='확인'] found=0
2026-06-12 08:33:53 [INFO] [FederationTool] [optional_skip] layer_popup_close: selector empty
2026-06-12 08:33:53 [INFO] [FederationTool] [optional_skip] layer_popup_confirm: selector empty
2026-06-12 08:33:53 [INFO] [FederationTool] [optional_skip] browser_popup_close_button: selector empty
2026-06-12 08:33:53 [INFO] [FederationTool] [요소조회] first_modal_close (첫 모달 닫기) by=xpath value=/html/body/div[2]/div[3]/div/div[1]/div/div/div/div/div/div[3]/div/div[2] found=1 timeout=3
2026-06-12 08:33:53 [INFO] [FederationTool] [요소조회] first_modal_close[1] displayed=True enabled=True text=닫기
2026-06-12 08:33:54 [INFO] [FederationTool] [action] first_modal_close: click
2026-06-12 08:33:54 [INFO] [FederationTool] [optional_click_ok] first_modal_close
2026-06-12 08:33:54 [INFO] [FederationTool] [요소조회] second_modal_close (두 번째 모달 닫기) by=xpath value=/html/body/div[2]/div[2]/div/div[1]/div/div/div/div/div/div[3]/div/div[2] found=1 timeout=3
2026-06-12 08:33:54 [INFO] [FederationTool] [요소조회] second_modal_close[1] displayed=True enabled=True text=닫기
2026-06-12 08:33:54 [INFO] [FederationTool] [action] second_modal_close: click
2026-06-12 08:33:54 [INFO] [FederationTool] [optional_click_ok] second_modal_close
2026-06-12 08:33:54 [INFO] [FederationTool] [optional_skip] claim_page_warning_close: selector empty
2026-06-12 08:33:54 [INFO] [FederationTool] [optional_skip] operation_guide_close: selector empty
2026-06-12 08:33:54 [INFO] [FederationTool] [frame_search] iframe found=1
2026-06-12 08:33:54 [INFO] [FederationTool] [frame_enter] iframe 1/1
2026-06-12 08:33:54 [INFO] [FederationTool] [요소조회] 공통 버튼 - 닫기 by=xpath value=//button[normalize-space(.)='닫기'] found=0
2026-06-12 08:33:54 [INFO] [FederationTool] [요소조회] 공통 버튼 - 확인 by=xpath value=//button[normalize-space(.)='확인'] found=0
2026-06-12 08:33:54 [INFO] [FederationTool] [요소조회] 공통 링크 - 닫기 by=xpath value=//a[normalize-space(.)='닫기'] found=0
2026-06-12 08:33:54 [INFO] [FederationTool] [요소조회] 공통 링크 - 확인 by=xpath value=//a[normalize-space(.)='확인'] found=0
2026-06-12 08:33:54 [INFO] [FederationTool] [optional_skip] layer_popup_close: selector empty
2026-06-12 08:33:54 [INFO] [FederationTool] [optional_skip] layer_popup_confirm: selector empty
2026-06-12 08:33:54 [INFO] [FederationTool] [optional_skip] browser_popup_close_button: selector empty
2026-06-12 08:33:54 [INFO] [FederationTool] [optional_skip] first_modal_close: already clicked
2026-06-12 08:33:54 [INFO] [FederationTool] [optional_skip] second_modal_close: already clicked
2026-06-12 08:33:54 [INFO] [FederationTool] [optional_skip] claim_page_warning_close: selector empty
2026-06-12 08:33:54 [INFO] [FederationTool] [optional_skip] operation_guide_close: selector empty
2026-06-12 08:33:54 [INFO] [FederationTool] [popup_close] clicked; stop retry: ['first_modal_close', 'second_modal_close']
2026-06-12 08:33:54 [INFO] [FederationTool] [스냅샷] 팝업 닫기 후: handles=['35FB889847FB08134BF8AD525E2D042A', 'AA0E4866FF5C21EB56F6C0BAEF815407'], current=AA0E4866FF5C21EB56F6C0BAEF815407, title=장기요양정보시스템, url=https://www.longtermcare.or.kr/npbs/xui/manage.html?SESSIONCHECK!sqcagyDRNulS2gi8Gk4pb4J8G1vUZkSGjiAYGa8bkzygNjnITHGsa39iv86imELD.amV1c19kb21haW4vbnBic19vcHJfbmV3MzI=&gv_xgateUrl!www.longtermcare.or.kr&gv_isPMSQ!Y&gv_initMenuId!null
2026-06-12 08:33:54 [INFO] [FederationTool] [단계] 급여비용청구 메뉴 열기
2026-06-12 08:33:54 [INFO] [FederationTool] 상단 메뉴 급여비용청구 열기
2026-06-12 08:33:54 [INFO] [FederationTool] [action] main_menu: hover_click
2026-06-12 08:33:55 [INFO] [FederationTool] [navbar] click payroll_claim_dropdown
2026-06-12 08:33:55 [INFO] [FederationTool] [click_wait] payroll_claim_dropdown (드롭다운 메뉴 - 급여비용청구) by=xpath value=//*[text()='급여비용청구' and @id='mainframe.VFrameSet.frameTop.form.pmnu_subMenu.popupmenuitem.popupmenuitemtext:text'] timeout=5
2026-06-12 08:33:55 [INFO] [FederationTool] [action] payroll_claim_dropdown: click
2026-06-12 08:33:55 [INFO] [FederationTool] [click_ok] payroll_claim_dropdown
2026-06-12 08:33:55 [INFO] [FederationTool] [단계] 메뉴 진입 후 팝업 정리
2026-06-12 08:33:55 [INFO] [FederationTool] 열려있는 알림/모달/팝업 닫기 시도
2026-06-12 08:33:55 [INFO] [FederationTool] [스냅샷] 팝업 닫기 전: handles=['35FB889847FB08134BF8AD525E2D042A', 'AA0E4866FF5C21EB56F6C0BAEF815407'], current=AA0E4866FF5C21EB56F6C0BAEF815407, title=장기요양정보시스템, url=https://www.longtermcare.or.kr/npbs/xui/manage.html?SESSIONCHECK!sqcagyDRNulS2gi8Gk4pb4J8G1vUZkSGjiAYGa8bkzygNjnITHGsa39iv86imELD.amV1c19kb21haW4vbnBic19vcHJfbmV3MzI=&gv_xgateUrl!www.longtermcare.or.kr&gv_isPMSQ!Y&gv_initMenuId!null
2026-06-12 08:33:55 [INFO] [FederationTool] [popup_close] attempt=1
2026-06-12 08:33:55 [INFO] [FederationTool] [요소조회] 공통 버튼 - 닫기 by=xpath value=//button[normalize-space(.)='닫기'] found=0
2026-06-12 08:33:55 [INFO] [FederationTool] [요소조회] 공통 버튼 - 확인 by=xpath value=//button[normalize-space(.)='확인'] found=0
2026-06-12 08:33:55 [INFO] [FederationTool] [요소조회] 공통 링크 - 닫기 by=xpath value=//a[normalize-space(.)='닫기'] found=0
2026-06-12 08:33:55 [INFO] [FederationTool] [요소조회] 공통 링크 - 확인 by=xpath value=//a[normalize-space(.)='확인'] found=0
2026-06-12 08:33:55 [INFO] [FederationTool] [optional_skip] layer_popup_close: selector empty
2026-06-12 08:33:55 [INFO] [FederationTool] [optional_skip] layer_popup_confirm: selector empty
2026-06-12 08:33:55 [INFO] [FederationTool] [optional_skip] browser_popup_close_button: selector empty
2026-06-12 08:33:55 [INFO] [FederationTool] [요소조회] first_modal_close (첫 모달 닫기) by=xpath value=/html/body/div[2]/div[3]/div/div[1]/div/div/div/div/div/div[3]/div/div[2] found=0 timeout=3
2026-06-12 08:33:58 [INFO] [FederationTool] [optional_not_found] first_modal_close: no clickable element within 3s
2026-06-12 08:33:58 [INFO] [FederationTool] [요소조회] second_modal_close (두 번째 모달 닫기) by=xpath value=/html/body/div[2]/div[2]/div/div[1]/div/div/div/div/div/div[3]/div/div[2] found=0 timeout=3
2026-06-12 08:34:01 [INFO] [FederationTool] [optional_not_found] second_modal_close: no clickable element within 3s
2026-06-12 08:34:01 [INFO] [FederationTool] [optional_skip] claim_page_warning_close: selector empty
2026-06-12 08:34:01 [INFO] [FederationTool] [optional_skip] operation_guide_close: selector empty
2026-06-12 08:34:01 [INFO] [FederationTool] [frame_search] iframe found=1
2026-06-12 08:34:01 [INFO] [FederationTool] [frame_enter] iframe 1/1
2026-06-12 08:34:01 [INFO] [FederationTool] [요소조회] 공통 버튼 - 닫기 by=xpath value=//button[normalize-space(.)='닫기'] found=0
2026-06-12 08:34:01 [INFO] [FederationTool] [요소조회] 공통 버튼 - 확인 by=xpath value=//button[normalize-space(.)='확인'] found=0
2026-06-12 08:34:01 [INFO] [FederationTool] [요소조회] 공통 링크 - 닫기 by=xpath value=//a[normalize-space(.)='닫기'] found=0
2026-06-12 08:34:01 [INFO] [FederationTool] [요소조회] 공통 링크 - 확인 by=xpath value=//a[normalize-space(.)='확인'] found=0
2026-06-12 08:34:01 [INFO] [FederationTool] [optional_skip] layer_popup_close: selector empty
2026-06-12 08:34:01 [INFO] [FederationTool] [optional_skip] layer_popup_confirm: selector empty
2026-06-12 08:34:01 [INFO] [FederationTool] [optional_skip] browser_popup_close_button: selector empty
2026-06-12 08:34:01 [INFO] [FederationTool] [요소조회] first_modal_close (첫 모달 닫기) by=xpath value=/html/body/div[2]/div[3]/div/div[1]/div/div/div/div/div/div[3]/div/div[2] found=0 timeout=3
2026-06-12 08:34:05 [INFO] [FederationTool] [optional_not_found] first_modal_close: no clickable element within 3s
2026-06-12 08:34:05 [INFO] [FederationTool] [요소조회] second_modal_close (두 번째 모달 닫기) by=xpath value=/html/body/div[2]/div[2]/div/div[1]/div/div/div/div/div/div[3]/div/div[2] found=0 timeout=3
2026-06-12 08:34:08 [INFO] [FederationTool] [optional_not_found] second_modal_close: no clickable element within 3s
2026-06-12 08:34:08 [INFO] [FederationTool] [optional_skip] claim_page_warning_close: selector empty
2026-06-12 08:34:08 [INFO] [FederationTool] [optional_skip] operation_guide_close: selector empty
2026-06-12 08:34:08 [INFO] [FederationTool] [popup_close] attempt=2
2026-06-12 08:34:08 [INFO] [FederationTool] [요소조회] 공통 버튼 - 닫기 by=xpath value=//button[normalize-space(.)='닫기'] found=0
2026-06-12 08:34:08 [INFO] [FederationTool] [요소조회] 공통 버튼 - 확인 by=xpath value=//button[normalize-space(.)='확인'] found=0
2026-06-12 08:34:08 [INFO] [FederationTool] [요소조회] 공통 링크 - 닫기 by=xpath value=//a[normalize-space(.)='닫기'] found=0
2026-06-12 08:34:08 [INFO] [FederationTool] [요소조회] 공통 링크 - 확인 by=xpath value=//a[normalize-space(.)='확인'] found=0
2026-06-12 08:34:08 [INFO] [FederationTool] [optional_skip] layer_popup_close: selector empty
2026-06-12 08:34:08 [INFO] [FederationTool] [optional_skip] layer_popup_confirm: selector empty
2026-06-12 08:34:08 [INFO] [FederationTool] [optional_skip] browser_popup_close_button: selector empty
2026-06-12 08:34:08 [INFO] [FederationTool] [요소조회] first_modal_close (첫 모달 닫기) by=xpath value=/html/body/div[2]/div[3]/div/div[1]/div/div/div/div/div/div[3]/div/div[2] found=0 timeout=3
2026-06-12 08:34:11 [INFO] [FederationTool] [optional_not_found] first_modal_close: no clickable element within 3s
2026-06-12 08:34:11 [INFO] [FederationTool] [요소조회] second_modal_close (두 번째 모달 닫기) by=xpath value=/html/body/div[2]/div[2]/div/div[1]/div/div/div/div/div/div[3]/div/div[2] found=0 timeout=3
2026-06-12 08:34:14 [INFO] [FederationTool] [optional_not_found] second_modal_close: no clickable element within 3s
2026-06-12 08:34:14 [INFO] [FederationTool] [optional_skip] claim_page_warning_close: selector empty
2026-06-12 08:34:14 [INFO] [FederationTool] [optional_skip] operation_guide_close: selector empty
2026-06-12 08:34:14 [INFO] [FederationTool] [frame_search] iframe found=1
2026-06-12 08:34:14 [INFO] [FederationTool] [frame_enter] iframe 1/1
2026-06-12 08:34:14 [INFO] [FederationTool] [요소조회] 공통 버튼 - 닫기 by=xpath value=//button[normalize-space(.)='닫기'] found=0
2026-06-12 08:34:14 [INFO] [FederationTool] [요소조회] 공통 버튼 - 확인 by=xpath value=//button[normalize-space(.)='확인'] found=0
2026-06-12 08:34:14 [INFO] [FederationTool] [요소조회] 공통 링크 - 닫기 by=xpath value=//a[normalize-space(.)='닫기'] found=0
2026-06-12 08:34:14 [INFO] [FederationTool] [요소조회] 공통 링크 - 확인 by=xpath value=//a[normalize-space(.)='확인'] found=0
2026-06-12 08:34:14 [INFO] [FederationTool] [optional_skip] layer_popup_close: selector empty
2026-06-12 08:34:14 [INFO] [FederationTool] [optional_skip] layer_popup_confirm: selector empty
2026-06-12 08:34:14 [INFO] [FederationTool] [optional_skip] browser_popup_close_button: selector empty
2026-06-12 08:34:14 [INFO] [FederationTool] [요소조회] first_modal_close (첫 모달 닫기) by=xpath value=/html/body/div[2]/div[3]/div/div[1]/div/div/div/div/div/div[3]/div/div[2] found=0 timeout=3
2026-06-12 08:34:17 [INFO] [FederationTool] [optional_not_found] first_modal_close: no clickable element within 3s
2026-06-12 08:34:17 [INFO] [FederationTool] [요소조회] second_modal_close (두 번째 모달 닫기) by=xpath value=/html/body/div[2]/div[2]/div/div[1]/div/div/div/div/div/div[3]/div/div[2] found=0 timeout=3
2026-06-12 08:34:20 [INFO] [FederationTool] [optional_not_found] second_modal_close: no clickable element within 3s
2026-06-12 08:34:20 [INFO] [FederationTool] [optional_skip] claim_page_warning_close: selector empty
2026-06-12 08:34:20 [INFO] [FederationTool] [optional_skip] operation_guide_close: selector empty
2026-06-12 08:34:20 [INFO] [FederationTool] [스냅샷] 팝업 닫기 후: handles=['35FB889847FB08134BF8AD525E2D042A', 'AA0E4866FF5C21EB56F6C0BAEF815407', '1EC14F54F6F8D4BFF323C80060BAB1E8'], current=AA0E4866FF5C21EB56F6C0BAEF815407, title=장기요양정보시스템, url=https://www.longtermcare.or.kr/npbs/xui/manage.html?SESSIONCHECK!sqcagyDRNulS2gi8Gk4pb4J8G1vUZkSGjiAYGa8bkzygNjnITHGsa39iv86imELD.amV1c19kb21haW4vbnBic19vcHJfbmV3MzI=&gv_xgateUrl!www.longtermcare.or.kr&gv_isPMSQ!Y&gv_initMenuId!null
2026-06-12 08:34:20 [INFO] [FederationTool] [단계] 청구하기 버튼 클릭
2026-06-12 08:34:20 [INFO] [FederationTool] 청구하기 버튼 클릭
2026-06-12 08:34:20 [ERROR] [FederationTool] 청구 명세서 자동화 중 오류: 요소 설정이 없습니다: claim_button
2026-06-12 08:40:02 [INFO] [LoginTool] [탄현점] 로그인 시도, 기관기호=14128000972, 타입=케어포
2026-06-12 08:40:04 [INFO] [LoginTool] 케어포 로그인 필드 입력 및 버튼 클릭을 완료했습니다.
2026-06-12 08:41:22 [INFO] [LoginTool] [신탄현점] 로그인 시도, 기관기호=12334087833, 타입=케어포
2026-06-12 08:41:25 [INFO] [LoginTool] 케어포 로그인 필드 입력 및 버튼 클릭을 완료했습니다.
2026-06-12 08:45:58 [INFO] [FederationTool] [청운점] 공단툴 지점 버튼 클릭, 롱텀 로그인 시작
2026-06-12 08:46:13 [WARNING] [LoginTool] 공단 메인 프레임 확인 대기 10초 초과 - 자동화 단계로 계속 진행합니다.
2026-06-12 08:46:13 [INFO] [FederationTool] 롱텀 공단 로그인 절차를 완료했습니다.
2026-06-12 08:46:13 [INFO] [FederationTool] 윈도우 전환 준비: handles=['EFD9974E5E2B396AEDD9718FAA7C2130', 'E4DDD7967DC9E7414F803ACB741F84FA'], current_url=https://www.longtermcare.or.kr/npbs/r/a/104/selectMyBlog.web?menuId=npe0000002835&ltcAdminSym=14183000214
2026-06-12 08:46:13 [INFO] [FederationTool] 로그인 후 공단 청구 자동화 초기화 중...
2026-06-12 08:46:13 [INFO] [FederationTool] 브라우저 윈도우/탭 2번으로 전환했습니다.
2026-06-12 08:46:13 [INFO] [FederationTool] [스냅샷] 초기 상태: handles=['EFD9974E5E2B396AEDD9718FAA7C2130', 'E4DDD7967DC9E7414F803ACB741F84FA'], current=E4DDD7967DC9E7414F803ACB741F84FA, title=장기요양정보시스템, url=https://www.longtermcare.or.kr/npbs/xui/manage.html?SESSIONCHECK!IYLmweIhIv11glyXup4olj79bH2VkIoMjR3nfC2dkkRSJkaMTr1wYJPc91595dUd.amV1c19kb21haW4vbnBic19vcHJfbmV3NDQ=&gv_xgateUrl!www.longtermcare.or.kr&gv_isPMSQ!Y&gv_initMenuId!null
2026-06-12 08:46:13 [INFO] [FederationTool] [단계] 팝업 닫기 시작
2026-06-12 08:46:13 [INFO] [FederationTool] 열려있는 알림/모달/팝업 닫기 시도
2026-06-12 08:46:13 [INFO] [FederationTool] [스냅샷] 팝업 닫기 전: handles=['EFD9974E5E2B396AEDD9718FAA7C2130', 'E4DDD7967DC9E7414F803ACB741F84FA'], current=E4DDD7967DC9E7414F803ACB741F84FA, title=장기요양정보시스템, url=https://www.longtermcare.or.kr/npbs/xui/manage.html?SESSIONCHECK!IYLmweIhIv11glyXup4olj79bH2VkIoMjR3nfC2dkkRSJkaMTr1wYJPc91595dUd.amV1c19kb21haW4vbnBic19vcHJfbmV3NDQ=&gv_xgateUrl!www.longtermcare.or.kr&gv_isPMSQ!Y&gv_initMenuId!null
2026-06-12 08:46:13 [INFO] [FederationTool] [popup_window_close] closed=1 handles_before=['EFD9974E5E2B396AEDD9718FAA7C2130', 'E4DDD7967DC9E7414F803ACB741F84FA']
2026-06-12 08:46:13 [INFO] [FederationTool] [popup_close] attempt=1
2026-06-12 08:46:13 [INFO] [FederationTool] [요소조회] 공통 버튼 - 닫기 by=xpath value=//button[normalize-space(.)='닫기'] found=0
2026-06-12 08:46:13 [INFO] [FederationTool] [요소조회] 공통 버튼 - 확인 by=xpath value=//button[normalize-space(.)='확인'] found=0
2026-06-12 08:46:13 [INFO] [FederationTool] [요소조회] 공통 링크 - 닫기 by=xpath value=//a[normalize-space(.)='닫기'] found=0
2026-06-12 08:46:13 [INFO] [FederationTool] [요소조회] 공통 링크 - 확인 by=xpath value=//a[normalize-space(.)='확인'] found=0
2026-06-12 08:46:13 [INFO] [FederationTool] [optional_skip] layer_popup_close: selector empty
2026-06-12 08:46:13 [INFO] [FederationTool] [optional_skip] layer_popup_confirm: selector empty
2026-06-12 08:46:13 [INFO] [FederationTool] [optional_skip] browser_popup_close_button: selector empty
2026-06-12 08:46:13 [INFO] [FederationTool] [요소조회] first_modal_close (첫 모달 닫기) by=xpath value=/html/body/div[2]/div[3]/div/div[1]/div/div/div/div/div/div[3]/div/div[2] found=1 timeout=3
2026-06-12 08:46:13 [INFO] [FederationTool] [요소조회] first_modal_close[1] displayed=True enabled=True text=닫기
2026-06-12 08:46:13 [INFO] [FederationTool] [action] first_modal_close: click
2026-06-12 08:46:13 [INFO] [FederationTool] [optional_click_ok] first_modal_close
2026-06-12 08:46:13 [INFO] [FederationTool] [요소조회] second_modal_close (두 번째 모달 닫기) by=xpath value=/html/body/div[2]/div[2]/div/div[1]/div/div/div/div/div/div[3]/div/div[2] found=1 timeout=3
2026-06-12 08:46:13 [INFO] [FederationTool] [요소조회] second_modal_close[1] displayed=True enabled=True text=닫기
2026-06-12 08:46:13 [INFO] [FederationTool] [action] second_modal_close: click
2026-06-12 08:46:13 [INFO] [FederationTool] [optional_click_ok] second_modal_close
2026-06-12 08:46:13 [INFO] [FederationTool] [optional_skip] claim_page_warning_close: selector empty
2026-06-12 08:46:13 [INFO] [FederationTool] [optional_skip] operation_guide_close: selector empty
2026-06-12 08:46:13 [INFO] [FederationTool] [frame_search] iframe found=1
2026-06-12 08:46:13 [INFO] [FederationTool] [frame_enter] iframe 1/1
2026-06-12 08:46:13 [INFO] [FederationTool] [요소조회] 공통 버튼 - 닫기 by=xpath value=//button[normalize-space(.)='닫기'] found=0
2026-06-12 08:46:13 [INFO] [FederationTool] [요소조회] 공통 버튼 - 확인 by=xpath value=//button[normalize-space(.)='확인'] found=0
2026-06-12 08:46:13 [INFO] [FederationTool] [요소조회] 공통 링크 - 닫기 by=xpath value=//a[normalize-space(.)='닫기'] found=0
2026-06-12 08:46:13 [INFO] [FederationTool] [요소조회] 공통 링크 - 확인 by=xpath value=//a[normalize-space(.)='확인'] found=0
2026-06-12 08:46:13 [INFO] [FederationTool] [optional_skip] layer_popup_close: selector empty
2026-06-12 08:46:13 [INFO] [FederationTool] [optional_skip] layer_popup_confirm: selector empty
2026-06-12 08:46:13 [INFO] [FederationTool] [optional_skip] browser_popup_close_button: selector empty
2026-06-12 08:46:13 [INFO] [FederationTool] [optional_skip] first_modal_close: already clicked
2026-06-12 08:46:13 [INFO] [FederationTool] [optional_skip] second_modal_close: already clicked
2026-06-12 08:46:13 [INFO] [FederationTool] [optional_skip] claim_page_warning_close: selector empty
2026-06-12 08:46:13 [INFO] [FederationTool] [optional_skip] operation_guide_close: selector empty
2026-06-12 08:46:13 [INFO] [FederationTool] [popup_close] clicked; stop retry: ['first_modal_close', 'second_modal_close']
2026-06-12 08:46:13 [INFO] [FederationTool] [스냅샷] 팝업 닫기 후: handles=['E4DDD7967DC9E7414F803ACB741F84FA'], current=E4DDD7967DC9E7414F803ACB741F84FA, title=장기요양정보시스템, url=https://www.longtermcare.or.kr/npbs/xui/manage.html?SESSIONCHECK!IYLmweIhIv11glyXup4olj79bH2VkIoMjR3nfC2dkkRSJkaMTr1wYJPc91595dUd.amV1c19kb21haW4vbnBic19vcHJfbmV3NDQ=&gv_xgateUrl!www.longtermcare.or.kr&gv_isPMSQ!Y&gv_initMenuId!null
2026-06-12 08:46:13 [INFO] [FederationTool] [단계] 급여비용청구 메뉴 열기
2026-06-12 08:46:13 [INFO] [FederationTool] 상단 메뉴 급여비용청구 열기
2026-06-12 08:46:14 [INFO] [FederationTool] [action] main_menu: hover_click
2026-06-12 08:46:14 [INFO] [FederationTool] [navbar] click payroll_claim_dropdown
2026-06-12 08:46:14 [INFO] [FederationTool] [click_wait] payroll_claim_dropdown (드롭다운 메뉴 - 급여비용청구) by=xpath value=//*[text()='급여비용청구' and @id='mainframe.VFrameSet.frameTop.form.pmnu_subMenu.popupmenuitem.popupmenuitemtext:text'] timeout=5
2026-06-12 08:46:14 [INFO] [FederationTool] [action] payroll_claim_dropdown: click
2026-06-12 08:46:14 [INFO] [FederationTool] [click_ok] payroll_claim_dropdown
2026-06-12 08:46:14 [INFO] [FederationTool] [단계] 메뉴 진입 후 팝업 정리
2026-06-12 08:46:14 [INFO] [FederationTool] 열려있는 알림/모달/팝업 닫기 시도
2026-06-12 08:46:14 [INFO] [FederationTool] [스냅샷] 팝업 닫기 전: handles=['E4DDD7967DC9E7414F803ACB741F84FA'], current=E4DDD7967DC9E7414F803ACB741F84FA, title=장기요양정보시스템, url=https://www.longtermcare.or.kr/npbs/xui/manage.html?SESSIONCHECK!IYLmweIhIv11glyXup4olj79bH2VkIoMjR3nfC2dkkRSJkaMTr1wYJPc91595dUd.amV1c19kb21haW4vbnBic19vcHJfbmV3NDQ=&gv_xgateUrl!www.longtermcare.or.kr&gv_isPMSQ!Y&gv_initMenuId!null
2026-06-12 08:46:14 [INFO] [FederationTool] [popup_window_close] closed=0 handles_before=['E4DDD7967DC9E7414F803ACB741F84FA']
2026-06-12 08:46:14 [INFO] [FederationTool] [popup_close] attempt=1
2026-06-12 08:46:14 [INFO] [FederationTool] [요소조회] 공통 버튼 - 닫기 by=xpath value=//button[normalize-space(.)='닫기'] found=0
2026-06-12 08:46:14 [INFO] [FederationTool] [요소조회] 공통 버튼 - 확인 by=xpath value=//button[normalize-space(.)='확인'] found=0
2026-06-12 08:46:14 [INFO] [FederationTool] [요소조회] 공통 링크 - 닫기 by=xpath value=//a[normalize-space(.)='닫기'] found=0
2026-06-12 08:46:14 [INFO] [FederationTool] [요소조회] 공통 링크 - 확인 by=xpath value=//a[normalize-space(.)='확인'] found=0
2026-06-12 08:46:14 [INFO] [FederationTool] [optional_skip] layer_popup_close: selector empty
2026-06-12 08:46:14 [INFO] [FederationTool] [optional_skip] layer_popup_confirm: selector empty
2026-06-12 08:46:14 [INFO] [FederationTool] [optional_skip] browser_popup_close_button: selector empty
2026-06-12 08:46:14 [INFO] [FederationTool] [요소조회] first_modal_close (첫 모달 닫기) by=xpath value=/html/body/div[2]/div[3]/div/div[1]/div/div/div/div/div/div[3]/div/div[2] found=0 timeout=3
2026-06-12 08:46:17 [INFO] [FederationTool] [optional_not_found] first_modal_close: no clickable element within 3s
2026-06-12 08:46:18 [INFO] [FederationTool] [요소조회] second_modal_close (두 번째 모달 닫기) by=xpath value=/html/body/div[2]/div[2]/div/div[1]/div/div/div/div/div/div[3]/div/div[2] found=0 timeout=3
2026-06-12 08:46:21 [INFO] [FederationTool] [optional_not_found] second_modal_close: no clickable element within 3s
2026-06-12 08:46:21 [INFO] [FederationTool] [optional_skip] claim_page_warning_close: selector empty
2026-06-12 08:46:21 [INFO] [FederationTool] [optional_skip] operation_guide_close: selector empty
2026-06-12 08:46:21 [INFO] [FederationTool] [frame_search] iframe found=1
2026-06-12 08:46:21 [INFO] [FederationTool] [frame_enter] iframe 1/1
2026-06-12 08:46:21 [INFO] [FederationTool] [요소조회] 공통 버튼 - 닫기 by=xpath value=//button[normalize-space(.)='닫기'] found=0
2026-06-12 08:46:21 [INFO] [FederationTool] [요소조회] 공통 버튼 - 확인 by=xpath value=//button[normalize-space(.)='확인'] found=0
2026-06-12 08:46:21 [INFO] [FederationTool] [요소조회] 공통 링크 - 닫기 by=xpath value=//a[normalize-space(.)='닫기'] found=0
2026-06-12 08:46:21 [INFO] [FederationTool] [요소조회] 공통 링크 - 확인 by=xpath value=//a[normalize-space(.)='확인'] found=0
2026-06-12 08:46:21 [INFO] [FederationTool] [optional_skip] layer_popup_close: selector empty
2026-06-12 08:46:21 [INFO] [FederationTool] [optional_skip] layer_popup_confirm: selector empty
2026-06-12 08:46:21 [INFO] [FederationTool] [optional_skip] browser_popup_close_button: selector empty
2026-06-12 08:46:21 [INFO] [FederationTool] [요소조회] first_modal_close (첫 모달 닫기) by=xpath value=/html/body/div[2]/div[3]/div/div[1]/div/div/div/div/div/div[3]/div/div[2] found=0 timeout=3
2026-06-12 08:46:24 [INFO] [FederationTool] [optional_not_found] first_modal_close: no clickable element within 3s
2026-06-12 08:46:24 [INFO] [FederationTool] [요소조회] second_modal_close (두 번째 모달 닫기) by=xpath value=/html/body/div[2]/div[2]/div/div[1]/div/div/div/div/div/div[3]/div/div[2] found=0 timeout=3
2026-06-12 08:46:27 [INFO] [FederationTool] [optional_not_found] second_modal_close: no clickable element within 3s
2026-06-12 08:46:27 [INFO] [FederationTool] [optional_skip] claim_page_warning_close: selector empty
2026-06-12 08:46:27 [INFO] [FederationTool] [optional_skip] operation_guide_close: selector empty
2026-06-12 08:46:27 [INFO] [FederationTool] [popup_close] attempt=2
2026-06-12 08:46:27 [INFO] [FederationTool] [요소조회] 공통 버튼 - 닫기 by=xpath value=//button[normalize-space(.)='닫기'] found=0
2026-06-12 08:46:27 [INFO] [FederationTool] [요소조회] 공통 버튼 - 확인 by=xpath value=//button[normalize-space(.)='확인'] found=0
2026-06-12 08:46:27 [INFO] [FederationTool] [요소조회] 공통 링크 - 닫기 by=xpath value=//a[normalize-space(.)='닫기'] found=0
2026-06-12 08:46:27 [INFO] [FederationTool] [요소조회] 공통 링크 - 확인 by=xpath value=//a[normalize-space(.)='확인'] found=0
2026-06-12 08:46:27 [INFO] [FederationTool] [optional_skip] layer_popup_close: selector empty
2026-06-12 08:46:27 [INFO] [FederationTool] [optional_skip] layer_popup_confirm: selector empty
2026-06-12 08:46:27 [INFO] [FederationTool] [optional_skip] browser_popup_close_button: selector empty
2026-06-12 08:46:27 [INFO] [FederationTool] [요소조회] first_modal_close (첫 모달 닫기) by=xpath value=/html/body/div[2]/div[3]/div/div[1]/div/div/div/div/div/div[3]/div/div[2] found=0 timeout=3
2026-06-12 08:46:30 [INFO] [FederationTool] [optional_not_found] first_modal_close: no clickable element within 3s
2026-06-12 08:46:30 [INFO] [FederationTool] [요소조회] second_modal_close (두 번째 모달 닫기) by=xpath value=/html/body/div[2]/div[2]/div/div[1]/div/div/div/div/div/div[3]/div/div[2] found=0 timeout=3
2026-06-12 08:46:33 [INFO] [FederationTool] [optional_not_found] second_modal_close: no clickable element within 3s
2026-06-12 08:46:33 [INFO] [FederationTool] [optional_skip] claim_page_warning_close: selector empty
2026-06-12 08:46:33 [INFO] [FederationTool] [optional_skip] operation_guide_close: selector empty
2026-06-12 08:46:33 [INFO] [FederationTool] [frame_search] iframe found=1
2026-06-12 08:46:33 [INFO] [FederationTool] [frame_enter] iframe 1/1
2026-06-12 08:46:33 [INFO] [FederationTool] [요소조회] 공통 버튼 - 닫기 by=xpath value=//button[normalize-space(.)='닫기'] found=0
2026-06-12 08:46:33 [INFO] [FederationTool] [요소조회] 공통 버튼 - 확인 by=xpath value=//button[normalize-space(.)='확인'] found=0
2026-06-12 08:46:33 [INFO] [FederationTool] [요소조회] 공통 링크 - 닫기 by=xpath value=//a[normalize-space(.)='닫기'] found=0
2026-06-12 08:46:33 [INFO] [FederationTool] [요소조회] 공통 링크 - 확인 by=xpath value=//a[normalize-space(.)='확인'] found=0
2026-06-12 08:46:33 [INFO] [FederationTool] [optional_skip] layer_popup_close: selector empty
2026-06-12 08:46:33 [INFO] [FederationTool] [optional_skip] layer_popup_confirm: selector empty
2026-06-12 08:46:33 [INFO] [FederationTool] [optional_skip] browser_popup_close_button: selector empty
2026-06-12 08:46:33 [INFO] [FederationTool] [요소조회] first_modal_close (첫 모달 닫기) by=xpath value=/html/body/div[2]/div[3]/div/div[1]/div/div/div/div/div/div[3]/div/div[2] found=0 timeout=3
2026-06-12 08:46:37 [INFO] [FederationTool] [optional_not_found] first_modal_close: no clickable element within 3s
2026-06-12 08:46:37 [INFO] [FederationTool] [요소조회] second_modal_close (두 번째 모달 닫기) by=xpath value=/html/body/div[2]/div[2]/div/div[1]/div/div/div/div/div/div[3]/div/div[2] found=0 timeout=3
2026-06-12 08:46:40 [INFO] [FederationTool] [optional_not_found] second_modal_close: no clickable element within 3s
2026-06-12 08:46:40 [INFO] [FederationTool] [optional_skip] claim_page_warning_close: selector empty
2026-06-12 08:46:40 [INFO] [FederationTool] [optional_skip] operation_guide_close: selector empty
2026-06-12 08:46:40 [INFO] [FederationTool] [스냅샷] 팝업 닫기 후: handles=['E4DDD7967DC9E7414F803ACB741F84FA', '47932919E45C4E51EEF7443FC626A0A1'], current=E4DDD7967DC9E7414F803ACB741F84FA, title=장기요양정보시스템, url=https://www.longtermcare.or.kr/npbs/xui/manage.html?SESSIONCHECK!IYLmweIhIv11glyXup4olj79bH2VkIoMjR3nfC2dkkRSJkaMTr1wYJPc91595dUd.amV1c19kb21haW4vbnBic19vcHJfbmV3NDQ=&gv_xgateUrl!www.longtermcare.or.kr&gv_isPMSQ!Y&gv_initMenuId!null
2026-06-12 08:46:40 [INFO] [FederationTool] [단계] 청구하기 버튼 클릭
2026-06-12 08:46:40 [INFO] [FederationTool] 청구하기 버튼 클릭
2026-06-12 08:46:40 [ERROR] [FederationTool] 청구 명세서 자동화 중 오류: 요소 설정이 없습니다: claim_button
2026-06-12 08:52:45 [INFO] [FederationTool] [청운점] 공단툴 지점 버튼 클릭, 롱텀 로그인 시작
2026-06-12 08:53:00 [WARNING] [LoginTool] 공단 메인 프레임 확인 대기 10초 초과 - 자동화 단계로 계속 진행합니다.
2026-06-12 08:53:00 [INFO] [FederationTool] 롱텀 공단 로그인 절차를 완료했습니다.
2026-06-12 08:53:00 [INFO] [FederationTool] 윈도우 전환 준비: handles=['F235F9AFFA64D37CD2156F33752A9A70', '2C347B7744648574117C9F27E05AEA26'], current_url=https://www.longtermcare.or.kr/npbs/r/a/104/selectMyBlog.web?menuId=npe0000002835&ltcAdminSym=14183000214
2026-06-12 08:53:00 [INFO] [FederationTool] 로그인 후 공단 청구 자동화 초기화 중...
2026-06-12 08:53:00 [INFO] [FederationTool] 브라우저 윈도우/탭 2번으로 전환했습니다.
2026-06-12 08:53:01 [INFO] [FederationTool] [스냅샷] 초기 상태: handles=['F235F9AFFA64D37CD2156F33752A9A70', '2C347B7744648574117C9F27E05AEA26'], current=2C347B7744648574117C9F27E05AEA26, title=장기요양정보시스템, url=https://www.longtermcare.or.kr/npbs/xui/manage.html?SESSIONCHECK!RYWupIhdsZqkGjnSNArdPcI7EGQPfsd1jncIjvmHaDoh16czTxxEfoZHEaHznaai.amV1c19kb21haW4vbnBic19vcHJfbmV3MTQ=&gv_xgateUrl!www.longtermcare.or.kr&gv_isPMSQ!Y&gv_initMenuId!null
2026-06-12 08:53:01 [INFO] [FederationTool] [단계] 팝업 닫기 시작
2026-06-12 08:53:01 [INFO] [FederationTool] 열려있는 알림/모달/팝업 닫기 시도
2026-06-12 08:53:01 [INFO] [FederationTool] [스냅샷] 팝업 닫기 전: handles=['F235F9AFFA64D37CD2156F33752A9A70', '2C347B7744648574117C9F27E05AEA26'], current=2C347B7744648574117C9F27E05AEA26, title=장기요양정보시스템, url=https://www.longtermcare.or.kr/npbs/xui/manage.html?SESSIONCHECK!RYWupIhdsZqkGjnSNArdPcI7EGQPfsd1jncIjvmHaDoh16czTxxEfoZHEaHznaai.amV1c19kb21haW4vbnBic19vcHJfbmV3MTQ=&gv_xgateUrl!www.longtermcare.or.kr&gv_isPMSQ!Y&gv_initMenuId!null
2026-06-12 08:53:01 [INFO] [FederationTool] [popup_window_close] closed=1 handles_before=['F235F9AFFA64D37CD2156F33752A9A70', '2C347B7744648574117C9F27E05AEA26']
2026-06-12 08:53:01 [INFO] [FederationTool] [popup_close] attempt=1
2026-06-12 08:53:01 [INFO] [FederationTool] [요소조회] 공통 버튼 - 닫기 by=xpath value=//button[normalize-space(.)='닫기'] found=0
2026-06-12 08:53:01 [INFO] [FederationTool] [요소조회] 공통 버튼 - 확인 by=xpath value=//button[normalize-space(.)='확인'] found=0
2026-06-12 08:53:01 [INFO] [FederationTool] [요소조회] 공통 링크 - 닫기 by=xpath value=//a[normalize-space(.)='닫기'] found=0
2026-06-12 08:53:01 [INFO] [FederationTool] [요소조회] 공통 링크 - 확인 by=xpath value=//a[normalize-space(.)='확인'] found=0
2026-06-12 08:53:01 [INFO] [FederationTool] [optional_skip] layer_popup_close: selector empty
2026-06-12 08:53:01 [INFO] [FederationTool] [optional_skip] layer_popup_confirm: selector empty
2026-06-12 08:53:01 [INFO] [FederationTool] [optional_skip] browser_popup_close_button: selector empty
2026-06-12 08:53:01 [INFO] [FederationTool] [요소조회] first_modal_close (첫 모달 닫기) by=xpath value=/html/body/div[2]/div[3]/div/div[1]/div/div/div/div/div/div[3]/div/div[2] found=1 timeout=3
2026-06-12 08:53:01 [INFO] [FederationTool] [요소조회] first_modal_close[1] displayed=True enabled=True text=닫기
2026-06-12 08:53:01 [INFO] [FederationTool] [action] first_modal_close: click
2026-06-12 08:53:01 [INFO] [FederationTool] [optional_click_ok] first_modal_close
2026-06-12 08:53:01 [INFO] [FederationTool] [요소조회] second_modal_close (두 번째 모달 닫기) by=xpath value=/html/body/div[2]/div[2]/div/div[1]/div/div/div/div/div/div[3]/div/div[2] found=1 timeout=3
2026-06-12 08:53:01 [INFO] [FederationTool] [요소조회] second_modal_close[1] displayed=True enabled=True text=닫기
2026-06-12 08:53:01 [INFO] [FederationTool] [action] second_modal_close: click
2026-06-12 08:53:01 [INFO] [FederationTool] [optional_click_ok] second_modal_close
2026-06-12 08:53:01 [INFO] [FederationTool] [optional_skip] claim_page_warning_close: selector empty
2026-06-12 08:53:01 [INFO] [FederationTool] [optional_skip] operation_guide_close: selector empty
2026-06-12 08:53:01 [INFO] [FederationTool] [frame_search] iframe found=1
2026-06-12 08:53:01 [INFO] [FederationTool] [frame_enter] iframe 1/1
2026-06-12 08:53:01 [INFO] [FederationTool] [요소조회] 공통 버튼 - 닫기 by=xpath value=//button[normalize-space(.)='닫기'] found=0
2026-06-12 08:53:01 [INFO] [FederationTool] [요소조회] 공통 버튼 - 확인 by=xpath value=//button[normalize-space(.)='확인'] found=0
2026-06-12 08:53:01 [INFO] [FederationTool] [요소조회] 공통 링크 - 닫기 by=xpath value=//a[normalize-space(.)='닫기'] found=0
2026-06-12 08:53:01 [INFO] [FederationTool] [요소조회] 공통 링크 - 확인 by=xpath value=//a[normalize-space(.)='확인'] found=0
2026-06-12 08:53:01 [INFO] [FederationTool] [optional_skip] layer_popup_close: selector empty
2026-06-12 08:53:01 [INFO] [FederationTool] [optional_skip] layer_popup_confirm: selector empty
2026-06-12 08:53:01 [INFO] [FederationTool] [optional_skip] browser_popup_close_button: selector empty
2026-06-12 08:53:01 [INFO] [FederationTool] [optional_skip] first_modal_close: already clicked
2026-06-12 08:53:01 [INFO] [FederationTool] [optional_skip] second_modal_close: already clicked
2026-06-12 08:53:01 [INFO] [FederationTool] [optional_skip] claim_page_warning_close: selector empty
2026-06-12 08:53:01 [INFO] [FederationTool] [optional_skip] operation_guide_close: selector empty
2026-06-12 08:53:01 [INFO] [FederationTool] [popup_close] clicked; stop retry: ['first_modal_close', 'second_modal_close']
2026-06-12 08:53:01 [INFO] [FederationTool] [스냅샷] 팝업 닫기 후: handles=['2C347B7744648574117C9F27E05AEA26'], current=2C347B7744648574117C9F27E05AEA26, title=장기요양정보시스템, url=https://www.longtermcare.or.kr/npbs/xui/manage.html?SESSIONCHECK!RYWupIhdsZqkGjnSNArdPcI7EGQPfsd1jncIjvmHaDoh16czTxxEfoZHEaHznaai.amV1c19kb21haW4vbnBic19vcHJfbmV3MTQ=&gv_xgateUrl!www.longtermcare.or.kr&gv_isPMSQ!Y&gv_initMenuId!null
2026-06-12 08:53:01 [INFO] [FederationTool] [단계] 급여비용청구 메뉴 열기
2026-06-12 08:53:01 [INFO] [FederationTool] 상단 메뉴 급여비용청구 열기
2026-06-12 08:53:01 [INFO] [FederationTool] [action] main_menu: hover_click
2026-06-12 08:53:02 [INFO] [FederationTool] [navbar] click payroll_claim_dropdown
2026-06-12 08:53:02 [INFO] [FederationTool] [click_wait] payroll_claim_dropdown (드롭다운 메뉴 - 급여비용청구) by=xpath value=//*[text()='급여비용청구' and @id='mainframe.VFrameSet.frameTop.form.pmnu_subMenu.popupmenuitem.popupmenuitemtext:text'] timeout=5
2026-06-12 08:53:02 [INFO] [FederationTool] [action] payroll_claim_dropdown: click
2026-06-12 08:53:02 [INFO] [FederationTool] [click_ok] payroll_claim_dropdown
2026-06-12 08:53:02 [INFO] [FederationTool] [단계] 메뉴 진입 후 팝업 정리
2026-06-12 08:53:02 [INFO] [FederationTool] 열려있는 알림/모달/팝업 닫기 시도
2026-06-12 08:53:02 [INFO] [FederationTool] [스냅샷] 팝업 닫기 전: handles=['2C347B7744648574117C9F27E05AEA26'], current=2C347B7744648574117C9F27E05AEA26, title=장기요양정보시스템, url=https://www.longtermcare.or.kr/npbs/xui/manage.html?SESSIONCHECK!RYWupIhdsZqkGjnSNArdPcI7EGQPfsd1jncIjvmHaDoh16czTxxEfoZHEaHznaai.amV1c19kb21haW4vbnBic19vcHJfbmV3MTQ=&gv_xgateUrl!www.longtermcare.or.kr&gv_isPMSQ!Y&gv_initMenuId!null
2026-06-12 08:53:02 [INFO] [FederationTool] [popup_window_close] closed=0 handles_before=['2C347B7744648574117C9F27E05AEA26']
2026-06-12 08:53:02 [INFO] [FederationTool] [popup_close] attempt=1
2026-06-12 08:53:02 [INFO] [FederationTool] [요소조회] 공통 버튼 - 닫기 by=xpath value=//button[normalize-space(.)='닫기'] found=0
2026-06-12 08:53:02 [INFO] [FederationTool] [요소조회] 공통 버튼 - 확인 by=xpath value=//button[normalize-space(.)='확인'] found=0
2026-06-12 08:53:02 [INFO] [FederationTool] [요소조회] 공통 링크 - 닫기 by=xpath value=//a[normalize-space(.)='닫기'] found=0
2026-06-12 08:53:02 [INFO] [FederationTool] [요소조회] 공통 링크 - 확인 by=xpath value=//a[normalize-space(.)='확인'] found=0
2026-06-12 08:53:02 [INFO] [FederationTool] [optional_skip] layer_popup_close: selector empty
2026-06-12 08:53:02 [INFO] [FederationTool] [optional_skip] layer_popup_confirm: selector empty
2026-06-12 08:53:02 [INFO] [FederationTool] [optional_skip] browser_popup_close_button: selector empty
2026-06-12 08:53:02 [INFO] [FederationTool] [요소조회] first_modal_close (첫 모달 닫기) by=xpath value=/html/body/div[2]/div[3]/div/div[1]/div/div/div/div/div/div[3]/div/div[2] found=0 timeout=3
2026-06-12 08:53:05 [INFO] [FederationTool] [optional_not_found] first_modal_close: no clickable element within 3s
2026-06-12 08:53:05 [INFO] [FederationTool] [요소조회] second_modal_close (두 번째 모달 닫기) by=xpath value=/html/body/div[2]/div[2]/div/div[1]/div/div/div/div/div/div[3]/div/div[2] found=0 timeout=3
2026-06-12 08:53:09 [INFO] [FederationTool] [optional_not_found] second_modal_close: no clickable element within 3s
2026-06-12 08:53:09 [INFO] [FederationTool] [optional_skip] claim_page_warning_close: selector empty
2026-06-12 08:53:09 [INFO] [FederationTool] [optional_skip] operation_guide_close: selector empty
2026-06-12 08:53:09 [INFO] [FederationTool] [frame_search] iframe found=1
2026-06-12 08:53:09 [INFO] [FederationTool] [frame_enter] iframe 1/1
2026-06-12 08:53:09 [INFO] [FederationTool] [요소조회] 공통 버튼 - 닫기 by=xpath value=//button[normalize-space(.)='닫기'] found=0
2026-06-12 08:53:09 [INFO] [FederationTool] [요소조회] 공통 버튼 - 확인 by=xpath value=//button[normalize-space(.)='확인'] found=0
2026-06-12 08:53:09 [INFO] [FederationTool] [요소조회] 공통 링크 - 닫기 by=xpath value=//a[normalize-space(.)='닫기'] found=0
2026-06-12 08:53:09 [INFO] [FederationTool] [요소조회] 공통 링크 - 확인 by=xpath value=//a[normalize-space(.)='확인'] found=0
2026-06-12 08:53:09 [INFO] [FederationTool] [optional_skip] layer_popup_close: selector empty
2026-06-12 08:53:09 [INFO] [FederationTool] [optional_skip] layer_popup_confirm: selector empty
2026-06-12 08:53:09 [INFO] [FederationTool] [optional_skip] browser_popup_close_button: selector empty
2026-06-12 08:53:09 [INFO] [FederationTool] [요소조회] first_modal_close (첫 모달 닫기) by=xpath value=/html/body/div[2]/div[3]/div/div[1]/div/div/div/div/div/div[3]/div/div[2] found=0 timeout=3
2026-06-12 08:53:12 [INFO] [FederationTool] [optional_not_found] first_modal_close: no clickable element within 3s
2026-06-12 08:53:12 [INFO] [FederationTool] [요소조회] second_modal_close (두 번째 모달 닫기) by=xpath value=/html/body/div[2]/div[2]/div/div[1]/div/div/div/div/div/div[3]/div/div[2] found=0 timeout=3
2026-06-12 08:53:15 [INFO] [FederationTool] [optional_not_found] second_modal_close: no clickable element within 3s
2026-06-12 08:53:15 [INFO] [FederationTool] [optional_skip] claim_page_warning_close: selector empty
2026-06-12 08:53:15 [INFO] [FederationTool] [optional_skip] operation_guide_close: selector empty
2026-06-12 08:53:15 [INFO] [FederationTool] [popup_close] attempt=2
2026-06-12 08:53:15 [INFO] [FederationTool] [요소조회] 공통 버튼 - 닫기 by=xpath value=//button[normalize-space(.)='닫기'] found=0
2026-06-12 08:53:15 [INFO] [FederationTool] [요소조회] 공통 버튼 - 확인 by=xpath value=//button[normalize-space(.)='확인'] found=0
2026-06-12 08:53:15 [INFO] [FederationTool] [요소조회] 공통 링크 - 닫기 by=xpath value=//a[normalize-space(.)='닫기'] found=0
2026-06-12 08:53:15 [INFO] [FederationTool] [요소조회] 공통 링크 - 확인 by=xpath value=//a[normalize-space(.)='확인'] found=0
2026-06-12 08:53:15 [INFO] [FederationTool] [optional_skip] layer_popup_close: selector empty
2026-06-12 08:53:15 [INFO] [FederationTool] [optional_skip] layer_popup_confirm: selector empty
2026-06-12 08:53:15 [INFO] [FederationTool] [optional_skip] browser_popup_close_button: selector empty
2026-06-12 08:53:15 [INFO] [FederationTool] [요소조회] first_modal_close (첫 모달 닫기) by=xpath value=/html/body/div[2]/div[3]/div/div[1]/div/div/div/div/div/div[3]/div/div[2] found=0 timeout=3
2026-06-12 08:53:18 [INFO] [FederationTool] [optional_not_found] first_modal_close: no clickable element within 3s
2026-06-12 08:53:18 [INFO] [FederationTool] [요소조회] second_modal_close (두 번째 모달 닫기) by=xpath value=/html/body/div[2]/div[2]/div/div[1]/div/div/div/div/div/div[3]/div/div[2] found=0 timeout=3
2026-06-12 08:53:20 [INFO] [FederationTool] [요소처리오류] second_modal_close: InvalidSessionIdException: Message: invalid session id: session deleted as the browser has closed the connection
from disconnected: not connected to DevTools
  (Session info: chrome=149.0.7827.104); For documentation on this error, please visit: https://www.selenium.dev/documentation/webdriver/troubleshooting/errors#invalidsessionidexception
Stacktrace:
	chromedriver!GetHandleVerifier [0x7ff6ad68fd95+15395]
	chromedriver!GetHandleVerifier [0x7ff6ad68fdf0+153f0]
	chromedriver!(No symbol) [0x7ff6ad1c78fd]
	chromedriver!(No symbol) [0x7ff6ad1b2d72]
	chromedriver!(No symbol) [0x7ff6ad1d9046]
	chromedriver!(No symbol) [0x7ff6ad251480]
	chromedriver!(No symbol) [0x7ff6ad26e3d2]
	chromedriver!(No symbol) [0x7ff6ad213a58]
	chromedriver!(No symbol) [0x7ff6ad214953]
	chromedriver!GetHandleVerifier [0x7ff6adc55511+5dab11]
	chromedriver!GetHandleVerifier [0x7ff6adc4f8fb+5d4efb]
	chromedriver!GetHandleVerifier [0x7ff6adc73205+5f8805]
	chromedriver!GetHandleVerifier [0x7ff6ad6acc6e+3226e]
	chromedriver!GetHandleVerifier [0x7ff6ad6b562c+3ac2c]
	chromedriver!GetHandleVerifier [0x7ff6ad699984+1ef84]
	chromedriver!GetHandleVerifier [0x7ff6ad699b14+1f114]
	chromedriver!GetHandleVerifier [0x7ff6ad67ca77+2077]
	KERNEL32!BaseThreadInitThunk [0x7ffbfebee957+17]
	ntdll!RtlUserThreadStart [0x7ffbff647c1c+2c]

2026-06-12 08:53:20 [INFO] [FederationTool] [optional_skip] claim_page_warning_close: selector empty
2026-06-12 08:53:20 [INFO] [FederationTool] [optional_skip] operation_guide_close: selector empty
2026-06-12 08:53:20 [ERROR] [FederationTool] 청구 명세서 자동화 중 오류: Message: invalid session id; For documentation on this error, please visit: https://www.selenium.dev/documentation/webdriver/troubleshooting/errors#invalidsessionidexception
Stacktrace:
	chromedriver!GetHandleVerifier [0x7ff6ad68fd95+15395]
	chromedriver!GetHandleVerifier [0x7ff6ad68fdf0+153f0]
	chromedriver!(No symbol) [0x7ff6ad1c76e6]
	chromedriver!(No symbol) [0x7ff6ad212ad3]
	chromedriver!(No symbol) [0x7ff6ad249c82]
	chromedriver!(No symbol) [0x7ff6ad243aa2]
	chromedriver!(No symbol) [0x7ff6ad243263]
	chromedriver!(No symbol) [0x7ff6ad1903e5]
	chromedriver!GetHandleVerifier [0x7ff6adc55511+5dab11]
	chromedriver!GetHandleVerifier [0x7ff6adc4f8fb+5d4efb]
	chromedriver!GetHandleVerifier [0x7ff6adc73205+5f8805]
	chromedriver!GetHandleVerifier [0x7ff6ad6acc6e+3226e]
	chromedriver!GetHandleVerifier [0x7ff6ad6b562c+3ac2c]
	chromedriver!(No symbol) [0x7ff6ad18f188]
	chromedriver!GetHandleVerifier [0x7ff6ade11238+796838]
	KERNEL32!BaseThreadInitThunk [0x7ffbfebee957+17]
	ntdll!RtlUserThreadStart [0x7ffbff647c1c+2c]

2026-06-12 08:53:38 [INFO] [FederationTool] [청운점] 공단툴 지점 버튼 클릭, 롱텀 로그인 시작
2026-06-12 08:53:53 [WARNING] [LoginTool] 공단 메인 프레임 확인 대기 10초 초과 - 자동화 단계로 계속 진행합니다.
2026-06-12 08:53:53 [INFO] [FederationTool] 롱텀 공단 로그인 절차를 완료했습니다.
2026-06-12 08:53:53 [INFO] [FederationTool] 윈도우 전환 준비: handles=['507F0985480744A8263EC648A42A5F83', 'D8540BC93D4D48DB5ADF2AFDBD788273'], current_url=https://www.longtermcare.or.kr/npbs/r/a/104/selectMyBlog.web?menuId=npe0000002835&ltcAdminSym=14183000214
2026-06-12 08:53:53 [INFO] [FederationTool] 로그인 후 공단 청구 자동화 초기화 중...
2026-06-12 08:53:53 [INFO] [FederationTool] 브라우저 윈도우/탭 2번으로 전환했습니다.
2026-06-12 08:53:53 [INFO] [FederationTool] [스냅샷] 초기 상태: handles=['507F0985480744A8263EC648A42A5F83', 'D8540BC93D4D48DB5ADF2AFDBD788273'], current=D8540BC93D4D48DB5ADF2AFDBD788273, title=장기요양정보시스템, url=https://www.longtermcare.or.kr/npbs/xui/manage.html?SESSIONCHECK!1iIv8QPcc9zfdcrYNMsoCK40KetaAI3YjfXV6Tz0xNb1Q6BlTI1RaQ643pJT7F8f.amV1c19kb21haW4vbnBic19vcHJfbmV3MjM=&gv_xgateUrl!www.longtermcare.or.kr&gv_isPMSQ!Y&gv_initMenuId!null
2026-06-12 08:53:53 [INFO] [FederationTool] [단계] 팝업 닫기 시작
2026-06-12 08:53:53 [INFO] [FederationTool] 열려있는 알림/모달/팝업 닫기 시도
2026-06-12 08:53:53 [INFO] [FederationTool] [스냅샷] 팝업 닫기 전: handles=['507F0985480744A8263EC648A42A5F83', 'D8540BC93D4D48DB5ADF2AFDBD788273'], current=D8540BC93D4D48DB5ADF2AFDBD788273, title=장기요양정보시스템, url=https://www.longtermcare.or.kr/npbs/xui/manage.html?SESSIONCHECK!1iIv8QPcc9zfdcrYNMsoCK40KetaAI3YjfXV6Tz0xNb1Q6BlTI1RaQ643pJT7F8f.amV1c19kb21haW4vbnBic19vcHJfbmV3MjM=&gv_xgateUrl!www.longtermcare.or.kr&gv_isPMSQ!Y&gv_initMenuId!null
2026-06-12 08:53:54 [INFO] [FederationTool] [popup_window_close] closed=1 handles_before=['507F0985480744A8263EC648A42A5F83', 'D8540BC93D4D48DB5ADF2AFDBD788273']
2026-06-12 08:53:54 [INFO] [FederationTool] [popup_close] attempt=1
2026-06-12 08:53:54 [INFO] [FederationTool] [요소조회] 공통 버튼 - 닫기 by=xpath value=//button[normalize-space(.)='닫기'] found=0
2026-06-12 08:53:54 [INFO] [FederationTool] [요소조회] 공통 버튼 - 확인 by=xpath value=//button[normalize-space(.)='확인'] found=0
2026-06-12 08:53:54 [INFO] [FederationTool] [요소조회] 공통 링크 - 닫기 by=xpath value=//a[normalize-space(.)='닫기'] found=0
2026-06-12 08:53:54 [INFO] [FederationTool] [요소조회] 공통 링크 - 확인 by=xpath value=//a[normalize-space(.)='확인'] found=0
2026-06-12 08:53:54 [INFO] [FederationTool] [optional_skip] layer_popup_close: selector empty
2026-06-12 08:53:54 [INFO] [FederationTool] [optional_skip] layer_popup_confirm: selector empty
2026-06-12 08:53:54 [INFO] [FederationTool] [optional_skip] browser_popup_close_button: selector empty
2026-06-12 08:53:54 [INFO] [FederationTool] [요소조회] first_modal_close (첫 모달 닫기) by=xpath value=/html/body/div[2]/div[3]/div/div[1]/div/div/div/div/div/div[3]/div/div[2] found=1 timeout=3
2026-06-12 08:53:54 [INFO] [FederationTool] [요소조회] first_modal_close[1] displayed=True enabled=True text=닫기
2026-06-12 08:53:54 [INFO] [FederationTool] [action] first_modal_close: click
2026-06-12 08:53:54 [INFO] [FederationTool] [optional_click_ok] first_modal_close
2026-06-12 08:53:54 [INFO] [FederationTool] [요소조회] second_modal_close (두 번째 모달 닫기) by=xpath value=/html/body/div[2]/div[2]/div/div[1]/div/div/div/div/div/div[3]/div/div[2] found=1 timeout=3
2026-06-12 08:53:54 [INFO] [FederationTool] [요소조회] second_modal_close[1] displayed=True enabled=True text=닫기
2026-06-12 08:53:54 [INFO] [FederationTool] [action] second_modal_close: click
2026-06-12 08:53:54 [INFO] [FederationTool] [optional_click_ok] second_modal_close
2026-06-12 08:53:54 [INFO] [FederationTool] [optional_skip] claim_page_warning_close: selector empty
2026-06-12 08:53:54 [INFO] [FederationTool] [optional_skip] operation_guide_close: selector empty
2026-06-12 08:53:54 [INFO] [FederationTool] [frame_search] iframe found=1
2026-06-12 08:53:54 [INFO] [FederationTool] [frame_enter] iframe 1/1
2026-06-12 08:53:54 [INFO] [FederationTool] [요소조회] 공통 버튼 - 닫기 by=xpath value=//button[normalize-space(.)='닫기'] found=0
2026-06-12 08:53:54 [INFO] [FederationTool] [요소조회] 공통 버튼 - 확인 by=xpath value=//button[normalize-space(.)='확인'] found=0
2026-06-12 08:53:54 [INFO] [FederationTool] [요소조회] 공통 링크 - 닫기 by=xpath value=//a[normalize-space(.)='닫기'] found=0
2026-06-12 08:53:54 [INFO] [FederationTool] [요소조회] 공통 링크 - 확인 by=xpath value=//a[normalize-space(.)='확인'] found=0
2026-06-12 08:53:54 [INFO] [FederationTool] [optional_skip] layer_popup_close: selector empty
2026-06-12 08:53:54 [INFO] [FederationTool] [optional_skip] layer_popup_confirm: selector empty
2026-06-12 08:53:54 [INFO] [FederationTool] [optional_skip] browser_popup_close_button: selector empty
2026-06-12 08:53:54 [INFO] [FederationTool] [optional_skip] first_modal_close: already clicked
2026-06-12 08:53:54 [INFO] [FederationTool] [optional_skip] second_modal_close: already clicked
2026-06-12 08:53:54 [INFO] [FederationTool] [optional_skip] claim_page_warning_close: selector empty
2026-06-12 08:53:54 [INFO] [FederationTool] [optional_skip] operation_guide_close: selector empty
2026-06-12 08:53:54 [INFO] [FederationTool] [popup_close] clicked; stop retry: ['first_modal_close', 'second_modal_close']
2026-06-12 08:53:54 [INFO] [FederationTool] [스냅샷] 팝업 닫기 후: handles=['D8540BC93D4D48DB5ADF2AFDBD788273'], current=D8540BC93D4D48DB5ADF2AFDBD788273, title=장기요양정보시스템, url=https://www.longtermcare.or.kr/npbs/xui/manage.html?SESSIONCHECK!1iIv8QPcc9zfdcrYNMsoCK40KetaAI3YjfXV6Tz0xNb1Q6BlTI1RaQ643pJT7F8f.amV1c19kb21haW4vbnBic19vcHJfbmV3MjM=&gv_xgateUrl!www.longtermcare.or.kr&gv_isPMSQ!Y&gv_initMenuId!null
2026-06-12 08:53:54 [INFO] [FederationTool] [단계] 급여비용청구 메뉴 열기
2026-06-12 08:53:54 [INFO] [FederationTool] 상단 메뉴 급여비용청구 열기
2026-06-12 08:53:54 [INFO] [FederationTool] [action] main_menu: hover_click
2026-06-12 08:53:55 [INFO] [FederationTool] [navbar] click payroll_claim_dropdown
2026-06-12 08:53:55 [INFO] [FederationTool] [click_wait] payroll_claim_dropdown (드롭다운 메뉴 - 급여비용청구) by=xpath value=//*[text()='급여비용청구' and @id='mainframe.VFrameSet.frameTop.form.pmnu_subMenu.popupmenuitem.popupmenuitemtext:text'] timeout=5
2026-06-12 08:53:55 [INFO] [FederationTool] [action] payroll_claim_dropdown: click
2026-06-12 08:53:55 [INFO] [FederationTool] [click_ok] payroll_claim_dropdown
2026-06-12 08:53:55 [INFO] [FederationTool] [단계] 메뉴 진입 후 팝업 정리
2026-06-12 08:53:55 [INFO] [FederationTool] 열려있는 알림/모달/팝업 닫기 시도
2026-06-12 08:53:55 [INFO] [FederationTool] [스냅샷] 팝업 닫기 전: handles=['D8540BC93D4D48DB5ADF2AFDBD788273'], current=D8540BC93D4D48DB5ADF2AFDBD788273, title=장기요양정보시스템, url=https://www.longtermcare.or.kr/npbs/xui/manage.html?SESSIONCHECK!1iIv8QPcc9zfdcrYNMsoCK40KetaAI3YjfXV6Tz0xNb1Q6BlTI1RaQ643pJT7F8f.amV1c19kb21haW4vbnBic19vcHJfbmV3MjM=&gv_xgateUrl!www.longtermcare.or.kr&gv_isPMSQ!Y&gv_initMenuId!null
2026-06-12 08:53:55 [INFO] [FederationTool] [popup_window_close] closed=0 handles_before=['D8540BC93D4D48DB5ADF2AFDBD788273']
2026-06-12 08:53:55 [INFO] [FederationTool] [popup_close] attempt=1
2026-06-12 08:53:55 [INFO] [FederationTool] [요소조회] 공통 버튼 - 닫기 by=xpath value=//button[normalize-space(.)='닫기'] found=0
2026-06-12 08:53:55 [INFO] [FederationTool] [요소조회] 공통 버튼 - 확인 by=xpath value=//button[normalize-space(.)='확인'] found=0
2026-06-12 08:53:55 [INFO] [FederationTool] [요소조회] 공통 링크 - 닫기 by=xpath value=//a[normalize-space(.)='닫기'] found=0
2026-06-12 08:53:55 [INFO] [FederationTool] [요소조회] 공통 링크 - 확인 by=xpath value=//a[normalize-space(.)='확인'] found=0
2026-06-12 08:53:55 [INFO] [FederationTool] [optional_skip] layer_popup_close: selector empty
2026-06-12 08:53:55 [INFO] [FederationTool] [optional_skip] layer_popup_confirm: selector empty
2026-06-12 08:53:55 [INFO] [FederationTool] [optional_skip] browser_popup_close_button: selector empty
2026-06-12 08:53:55 [INFO] [FederationTool] [요소조회] first_modal_close (첫 모달 닫기) by=xpath value=/html/body/div[2]/div[3]/div/div[1]/div/div/div/div/div/div[3]/div/div[2] found=0 timeout=3
2026-06-12 08:53:58 [INFO] [FederationTool] [optional_not_found] first_modal_close: no clickable element within 3s
2026-06-12 08:53:58 [INFO] [FederationTool] [요소조회] second_modal_close (두 번째 모달 닫기) by=xpath value=/html/body/div[2]/div[2]/div/div[1]/div/div/div/div/div/div[3]/div/div[2] found=0 timeout=3
2026-06-12 08:54:01 [INFO] [FederationTool] [optional_not_found] second_modal_close: no clickable element within 3s
2026-06-12 08:54:01 [INFO] [FederationTool] [optional_skip] claim_page_warning_close: selector empty
2026-06-12 08:54:01 [INFO] [FederationTool] [optional_skip] operation_guide_close: selector empty
2026-06-12 08:54:01 [INFO] [FederationTool] [frame_search] iframe found=1
2026-06-12 08:54:01 [INFO] [FederationTool] [frame_enter] iframe 1/1
2026-06-12 08:54:01 [INFO] [FederationTool] [요소조회] 공통 버튼 - 닫기 by=xpath value=//button[normalize-space(.)='닫기'] found=0
2026-06-12 08:54:01 [INFO] [FederationTool] [요소조회] 공통 버튼 - 확인 by=xpath value=//button[normalize-space(.)='확인'] found=0
2026-06-12 08:54:01 [INFO] [FederationTool] [요소조회] 공통 링크 - 닫기 by=xpath value=//a[normalize-space(.)='닫기'] found=0
2026-06-12 08:54:01 [INFO] [FederationTool] [요소조회] 공통 링크 - 확인 by=xpath value=//a[normalize-space(.)='확인'] found=0
2026-06-12 08:54:01 [INFO] [FederationTool] [optional_skip] layer_popup_close: selector empty
2026-06-12 08:54:01 [INFO] [FederationTool] [optional_skip] layer_popup_confirm: selector empty
2026-06-12 08:54:01 [INFO] [FederationTool] [optional_skip] browser_popup_close_button: selector empty
2026-06-12 08:54:01 [INFO] [FederationTool] [요소조회] first_modal_close (첫 모달 닫기) by=xpath value=/html/body/div[2]/div[3]/div/div[1]/div/div/div/div/div/div[3]/div/div[2] found=0 timeout=3
2026-06-12 08:54:05 [INFO] [FederationTool] [optional_not_found] first_modal_close: no clickable element within 3s
2026-06-12 08:54:05 [INFO] [FederationTool] [요소조회] second_modal_close (두 번째 모달 닫기) by=xpath value=/html/body/div[2]/div[2]/div/div[1]/div/div/div/div/div/div[3]/div/div[2] found=0 timeout=3
2026-06-12 08:54:06 [INFO] [FederationTool] [요소처리오류] second_modal_close: InvalidSessionIdException: Message: invalid session id: session deleted as the browser has closed the connection
from disconnected: not connected to DevTools
  (Session info: chrome=149.0.7827.104); For documentation on this error, please visit: https://www.selenium.dev/documentation/webdriver/troubleshooting/errors#invalidsessionidexception
Stacktrace:
	chromedriver!GetHandleVerifier [0x7ff6ad68fd95+15395]
	chromedriver!GetHandleVerifier [0x7ff6ad68fdf0+153f0]
	chromedriver!(No symbol) [0x7ff6ad1c78fd]
	chromedriver!(No symbol) [0x7ff6ad1b2d72]
	chromedriver!(No symbol) [0x7ff6ad1d9046]
	chromedriver!(No symbol) [0x7ff6ad251480]
	chromedriver!(No symbol) [0x7ff6ad26e3d2]
	chromedriver!(No symbol) [0x7ff6ad213a58]
	chromedriver!(No symbol) [0x7ff6ad214953]
	chromedriver!GetHandleVerifier [0x7ff6adc55511+5dab11]
	chromedriver!GetHandleVerifier [0x7ff6adc4f8fb+5d4efb]
	chromedriver!GetHandleVerifier [0x7ff6adc73205+5f8805]
	chromedriver!GetHandleVerifier [0x7ff6ad6acc6e+3226e]
	chromedriver!GetHandleVerifier [0x7ff6ad6b562c+3ac2c]
	chromedriver!GetHandleVerifier [0x7ff6ad699984+1ef84]
	chromedriver!GetHandleVerifier [0x7ff6ad699b14+1f114]
	chromedriver!GetHandleVerifier [0x7ff6ad67ca77+2077]
	KERNEL32!BaseThreadInitThunk [0x7ffbfebee957+17]
	ntdll!RtlUserThreadStart [0x7ffbff647c1c+2c]

2026-06-12 08:54:06 [INFO] [FederationTool] [optional_skip] claim_page_warning_close: selector empty
2026-06-12 08:54:06 [INFO] [FederationTool] [optional_skip] operation_guide_close: selector empty
2026-06-12 08:54:06 [INFO] [FederationTool] [popup_close] attempt=2
2026-06-12 08:54:06 [INFO] [FederationTool] [요소처리오류] 공통 버튼 - 닫기: InvalidSessionIdException: Message: invalid session id; For documentation on this error, please visit: https://www.selenium.dev/documentation/webdriver/troubleshooting/errors#invalidsessionidexception
Stacktrace:
	chromedriver!GetHandleVerifier [0x7ff6ad68fd95+15395]
	chromedriver!GetHandleVerifier [0x7ff6ad68fdf0+153f0]
	chromedriver!(No symbol) [0x7ff6ad1c76e6]
	chromedriver!(No symbol) [0x7ff6ad212ad3]
	chromedriver!(No symbol) [0x7ff6ad249c82]
	chromedriver!(No symbol) [0x7ff6ad243aa2]
	chromedriver!(No symbol) [0x7ff6ad243263]
	chromedriver!(No symbol) [0x7ff6ad1903e5]
	chromedriver!GetHandleVerifier [0x7ff6adc55511+5dab11]
	chromedriver!GetHandleVerifier [0x7ff6adc4f8fb+5d4efb]
	chromedriver!GetHandleVerifier [0x7ff6adc73205+5f8805]
	chromedriver!GetHandleVerifier [0x7ff6ad6acc6e+3226e]
	chromedriver!GetHandleVerifier [0x7ff6ad6b562c+3ac2c]
	chromedriver!(No symbol) [0x7ff6ad18f188]
	chromedriver!GetHandleVerifier [0x7ff6ade11238+796838]
	KERNEL32!BaseThreadInitThunk [0x7ffbfebee957+17]
	ntdll!RtlUserThreadStart [0x7ffbff647c1c+2c]

2026-06-12 08:54:06 [INFO] [FederationTool] [요소처리오류] 공통 버튼 - 확인: InvalidSessionIdException: Message: invalid session id; For documentation on this error, please visit: https://www.selenium.dev/documentation/webdriver/troubleshooting/errors#invalidsessionidexception
Stacktrace:
	chromedriver!GetHandleVerifier [0x7ff6ad68fd95+15395]
	chromedriver!GetHandleVerifier [0x7ff6ad68fdf0+153f0]
	chromedriver!(No symbol) [0x7ff6ad1c76e6]
	chromedriver!(No symbol) [0x7ff6ad212ad3]
	chromedriver!(No symbol) [0x7ff6ad249c82]
	chromedriver!(No symbol) [0x7ff6ad243aa2]
	chromedriver!(No symbol) [0x7ff6ad243263]
	chromedriver!(No symbol) [0x7ff6ad1903e5]
	chromedriver!GetHandleVerifier [0x7ff6adc55511+5dab11]
	chromedriver!GetHandleVerifier [0x7ff6adc4f8fb+5d4efb]
	chromedriver!GetHandleVerifier [0x7ff6adc73205+5f8805]
	chromedriver!GetHandleVerifier [0x7ff6ad6acc6e+3226e]
	chromedriver!GetHandleVerifier [0x7ff6ad6b562c+3ac2c]
	chromedriver!(No symbol) [0x7ff6ad18f188]
	chromedriver!GetHandleVerifier [0x7ff6ade11238+796838]
	KERNEL32!BaseThreadInitThunk [0x7ffbfebee957+17]
	ntdll!RtlUserThreadStart [0x7ffbff647c1c+2c]

2026-06-12 08:54:06 [INFO] [FederationTool] [요소처리오류] 공통 링크 - 닫기: InvalidSessionIdException: Message: invalid session id; For documentation on this error, please visit: https://www.selenium.dev/documentation/webdriver/troubleshooting/errors#invalidsessionidexception
Stacktrace:
	chromedriver!GetHandleVerifier [0x7ff6ad68fd95+15395]
	chromedriver!GetHandleVerifier [0x7ff6ad68fdf0+153f0]
	chromedriver!(No symbol) [0x7ff6ad1c76e6]
	chromedriver!(No symbol) [0x7ff6ad212ad3]
	chromedriver!(No symbol) [0x7ff6ad249c82]
	chromedriver!(No symbol) [0x7ff6ad243aa2]
	chromedriver!(No symbol) [0x7ff6ad243263]
	chromedriver!(No symbol) [0x7ff6ad1903e5]
	chromedriver!GetHandleVerifier [0x7ff6adc55511+5dab11]
	chromedriver!GetHandleVerifier [0x7ff6adc4f8fb+5d4efb]
	chromedriver!GetHandleVerifier [0x7ff6adc73205+5f8805]
	chromedriver!GetHandleVerifier [0x7ff6ad6acc6e+3226e]
	chromedriver!GetHandleVerifier [0x7ff6ad6b562c+3ac2c]
	chromedriver!(No symbol) [0x7ff6ad18f188]
	chromedriver!GetHandleVerifier [0x7ff6ade11238+796838]
	KERNEL32!BaseThreadInitThunk [0x7ffbfebee957+17]
	ntdll!RtlUserThreadStart [0x7ffbff647c1c+2c]

2026-06-12 08:54:06 [INFO] [FederationTool] [요소처리오류] 공통 링크 - 확인: InvalidSessionIdException: Message: invalid session id; For documentation on this error, please visit: https://www.selenium.dev/documentation/webdriver/troubleshooting/errors#invalidsessionidexception
Stacktrace:
	chromedriver!GetHandleVerifier [0x7ff6ad68fd95+15395]
	chromedriver!GetHandleVerifier [0x7ff6ad68fdf0+153f0]
	chromedriver!(No symbol) [0x7ff6ad1c76e6]
	chromedriver!(No symbol) [0x7ff6ad212ad3]
	chromedriver!(No symbol) [0x7ff6ad249c82]
	chromedriver!(No symbol) [0x7ff6ad243aa2]
	chromedriver!(No symbol) [0x7ff6ad243263]
	chromedriver!(No symbol) [0x7ff6ad1903e5]
	chromedriver!GetHandleVerifier [0x7ff6adc55511+5dab11]
	chromedriver!GetHandleVerifier [0x7ff6adc4f8fb+5d4efb]
	chromedriver!GetHandleVerifier [0x7ff6adc73205+5f8805]
	chromedriver!GetHandleVerifier [0x7ff6ad6acc6e+3226e]
	chromedriver!GetHandleVerifier [0x7ff6ad6b562c+3ac2c]
	chromedriver!(No symbol) [0x7ff6ad18f188]
	chromedriver!GetHandleVerifier [0x7ff6ade11238+796838]
	KERNEL32!BaseThreadInitThunk [0x7ffbfebee957+17]
	ntdll!RtlUserThreadStart [0x7ffbff647c1c+2c]

2026-06-12 08:54:06 [INFO] [FederationTool] [optional_skip] layer_popup_close: selector empty
2026-06-12 08:54:06 [INFO] [FederationTool] [optional_skip] layer_popup_confirm: selector empty
2026-06-12 08:54:06 [INFO] [FederationTool] [optional_skip] browser_popup_close_button: selector empty
2026-06-12 08:54:06 [INFO] [FederationTool] [요소처리오류] first_modal_close: InvalidSessionIdException: Message: invalid session id; For documentation on this error, please visit: https://www.selenium.dev/documentation/webdriver/troubleshooting/errors#invalidsessionidexception
Stacktrace:
	chromedriver!GetHandleVerifier [0x7ff6ad68fd95+15395]
	chromedriver!GetHandleVerifier [0x7ff6ad68fdf0+153f0]
	chromedriver!(No symbol) [0x7ff6ad1c76e6]
	chromedriver!(No symbol) [0x7ff6ad212ad3]
	chromedriver!(No symbol) [0x7ff6ad249c82]
	chromedriver!(No symbol) [0x7ff6ad243aa2]
	chromedriver!(No symbol) [0x7ff6ad243263]
	chromedriver!(No symbol) [0x7ff6ad1903e5]
	chromedriver!GetHandleVerifier [0x7ff6adc55511+5dab11]
	chromedriver!GetHandleVerifier [0x7ff6adc4f8fb+5d4efb]
	chromedriver!GetHandleVerifier [0x7ff6adc73205+5f8805]
	chromedriver!GetHandleVerifier [0x7ff6ad6acc6e+3226e]
	chromedriver!GetHandleVerifier [0x7ff6ad6b562c+3ac2c]
	chromedriver!(No symbol) [0x7ff6ad18f188]
	chromedriver!GetHandleVerifier [0x7ff6ade11238+796838]
	KERNEL32!BaseThreadInitThunk [0x7ffbfebee957+17]
	ntdll!RtlUserThreadStart [0x7ffbff647c1c+2c]

2026-06-12 08:54:06 [INFO] [FederationTool] [요소처리오류] second_modal_close: InvalidSessionIdException: Message: invalid session id; For documentation on this error, please visit: https://www.selenium.dev/documentation/webdriver/troubleshooting/errors#invalidsessionidexception
Stacktrace:
	chromedriver!GetHandleVerifier [0x7ff6ad68fd95+15395]
	chromedriver!GetHandleVerifier [0x7ff6ad68fdf0+153f0]
	chromedriver!(No symbol) [0x7ff6ad1c76e6]
	chromedriver!(No symbol) [0x7ff6ad212ad3]
	chromedriver!(No symbol) [0x7ff6ad249c82]
	chromedriver!(No symbol) [0x7ff6ad243aa2]
	chromedriver!(No symbol) [0x7ff6ad243263]
	chromedriver!(No symbol) [0x7ff6ad1903e5]
	chromedriver!GetHandleVerifier [0x7ff6adc55511+5dab11]
	chromedriver!GetHandleVerifier [0x7ff6adc4f8fb+5d4efb]
	chromedriver!GetHandleVerifier [0x7ff6adc73205+5f8805]
	chromedriver!GetHandleVerifier [0x7ff6ad6acc6e+3226e]
	chromedriver!GetHandleVerifier [0x7ff6ad6b562c+3ac2c]
	chromedriver!(No symbol) [0x7ff6ad18f188]
	chromedriver!GetHandleVerifier [0x7ff6ade11238+796838]
	KERNEL32!BaseThreadInitThunk [0x7ffbfebee957+17]
	ntdll!RtlUserThreadStart [0x7ffbff647c1c+2c]

2026-06-12 08:54:06 [INFO] [FederationTool] [optional_skip] claim_page_warning_close: selector empty
2026-06-12 08:54:06 [INFO] [FederationTool] [optional_skip] operation_guide_close: selector empty
2026-06-12 08:54:06 [ERROR] [FederationTool] 청구 명세서 자동화 중 오류: Message: invalid session id; For documentation on this error, please visit: https://www.selenium.dev/documentation/webdriver/troubleshooting/errors#invalidsessionidexception
Stacktrace:
	chromedriver!GetHandleVerifier [0x7ff6ad68fd95+15395]
	chromedriver!GetHandleVerifier [0x7ff6ad68fdf0+153f0]
	chromedriver!(No symbol) [0x7ff6ad1c76e6]
	chromedriver!(No symbol) [0x7ff6ad212ad3]
	chromedriver!(No symbol) [0x7ff6ad249c82]
	chromedriver!(No symbol) [0x7ff6ad243aa2]
	chromedriver!(No symbol) [0x7ff6ad243263]
	chromedriver!(No symbol) [0x7ff6ad1903e5]
	chromedriver!GetHandleVerifier [0x7ff6adc55511+5dab11]
	chromedriver!GetHandleVerifier [0x7ff6adc4f8fb+5d4efb]
	chromedriver!GetHandleVerifier [0x7ff6adc73205+5f8805]
	chromedriver!GetHandleVerifier [0x7ff6ad6acc6e+3226e]
	chromedriver!GetHandleVerifier [0x7ff6ad6b562c+3ac2c]
	chromedriver!(No symbol) [0x7ff6ad18f188]
	chromedriver!GetHandleVerifier [0x7ff6ade11238+796838]
	KERNEL32!BaseThreadInitThunk [0x7ffbfebee957+17]
	ntdll!RtlUserThreadStart [0x7ffbff647c1c+2c]

2026-06-12 08:54:31 [INFO] [LoginTool] [성남점] 로그인 시도, 기관기호=14113000834, 타입=케어포
2026-06-12 08:54:33 [INFO] [LoginTool] 케어포 로그인 필드 입력 및 버튼 클릭을 완료했습니다.
2026-06-12 08:58:15 [INFO] [LoginTool] [성남점] 로그인 시도, 기관기호=14113000834, 타입=롱텀
2026-06-12 08:58:30 [WARNING] [LoginTool] 공단 메인 프레임 확인 대기 10초 초과 - 자동화 단계로 계속 진행합니다.
2026-06-12 08:58:30 [INFO] [LoginTool] 롱텀 공단 로그인 절차를 완료했습니다.
2026-06-12 10:20:54 [INFO] [LoginTool] [분당점] 로그인 시도, 기관기호=14161000183, 타입=케어포
2026-06-12 10:20:56 [INFO] [LoginTool] 케어포 로그인 필드 입력 및 버튼 클릭을 완료했습니다.
2026-06-12 10:30:32 [INFO] [LoginTool] [성남점] 로그인 시도, 기관기호=14113000834, 타입=롱텀
2026-06-12 10:30:48 [WARNING] [LoginTool] 공단 메인 프레임 확인 대기 10초 초과 - 자동화 단계로 계속 진행합니다.
2026-06-12 10:30:48 [INFO] [LoginTool] 롱텀 공단 로그인 절차를 완료했습니다.
2026-06-12 10:39:03 [INFO] [LoginTool] [장기점] 로그인 시도, 기관기호=14157000438, 타입=롱텀
2026-06-12 10:39:19 [WARNING] [LoginTool] 공단 메인 프레임 확인 대기 10초 초과 - 자동화 단계로 계속 진행합니다.
2026-06-12 10:39:19 [INFO] [LoginTool] 롱텀 공단 로그인 절차를 완료했습니다.
2026-06-12 10:51:43 [INFO] [LoginTool] [수원점] 로그인 시도, 기관기호=14111000765, 타입=케어포
2026-06-12 10:51:45 [INFO] [LoginTool] 케어포 로그인 필드 입력 및 버튼 클릭을 완료했습니다.
2026-06-12 10:53:01 [INFO] [LoginTool] [일산본점] 로그인 시도, 기관기호=14128001633, 타입=롱텀
2026-06-12 10:53:17 [WARNING] [LoginTool] 공단 메인 프레임 확인 대기 10초 초과 - 자동화 단계로 계속 진행합니다.
2026-06-12 10:53:17 [INFO] [LoginTool] 롱텀 공단 로그인 절차를 완료했습니다.
2026-06-12 10:53:49 [INFO] [LoginTool] [청운점] 로그인 시도, 기관기호=14183000214, 타입=롱텀
2026-06-12 10:54:05 [WARNING] [LoginTool] 공단 메인 프레임 확인 대기 10초 초과 - 자동화 단계로 계속 진행합니다.
2026-06-12 10:54:05 [INFO] [LoginTool] 롱텀 공단 로그인 절차를 완료했습니다.
2026-06-12 10:58:24 [INFO] [LoginTool] [운양점] 로그인 시도, 기관기호=14157000521, 타입=롱텀
2026-06-12 10:58:39 [WARNING] [LoginTool] 공단 메인 프레임 확인 대기 10초 초과 - 자동화 단계로 계속 진행합니다.
2026-06-12 10:58:39 [INFO] [LoginTool] 롱텀 공단 로그인 절차를 완료했습니다.
2026-06-12 11:02:34 [INFO] [LoginTool] [일산본점] 로그인 시도, 기관기호=14128001633, 타입=케어포
2026-06-12 11:02:37 [INFO] [LoginTool] 케어포 로그인 필드 입력 및 버튼 클릭을 완료했습니다.
2026-06-12 11:31:51 [INFO] [LoginTool] [수원점] 로그인 시도, 기관기호=14111000765, 타입=롱텀
2026-06-12 11:32:07 [WARNING] [LoginTool] 공단 메인 프레임 확인 대기 10초 초과 - 자동화 단계로 계속 진행합니다.
2026-06-12 11:32:07 [INFO] [LoginTool] 롱텀 공단 로그인 절차를 완료했습니다.
2026-06-12 11:34:11 [INFO] [LoginTool] [청운점] 로그인 시도, 기관기호=14183000214, 타입=롱텀
2026-06-12 11:34:26 [WARNING] [LoginTool] 공단 메인 프레임 확인 대기 10초 초과 - 자동화 단계로 계속 진행합니다.
2026-06-12 11:34:26 [INFO] [LoginTool] 롱텀 공단 로그인 절차를 완료했습니다.
2026-06-12 13:21:53 [INFO] [LoginTool] [일산본점] 로그인 시도, 기관기호=14128001633, 타입=케어포
2026-06-12 13:21:56 [INFO] [LoginTool] 케어포 로그인 필드 입력 및 버튼 클릭을 완료했습니다.
2026-06-12 13:45:50 [INFO] [LoginTool] [일산본점] 로그인 시도, 기관기호=14128001633, 타입=케어포
2026-06-12 13:45:52 [INFO] [LoginTool] 케어포 로그인 필드 입력 및 버튼 클릭을 완료했습니다.
2026-06-12 14:11:45 [INFO] [LoginTool] [장기점] 로그인 시도, 기관기호=14157000438, 타입=롱텀
2026-06-12 14:12:00 [WARNING] [LoginTool] 공단 메인 프레임 확인 대기 10초 초과 - 자동화 단계로 계속 진행합니다.
2026-06-12 14:12:00 [INFO] [LoginTool] 롱텀 공단 로그인 절차를 완료했습니다.
2026-06-12 14:27:48 [INFO] [FederationTool] [청운점] 공단툴 지점 버튼 클릭, 롱텀 로그인 시작
2026-06-12 14:28:03 [WARNING] [LoginTool] 공단 메인 프레임 확인 대기 10초 초과 - 자동화 단계로 계속 진행합니다.
2026-06-12 14:28:03 [INFO] [FederationTool] 롱텀 공단 로그인 절차를 완료했습니다.
2026-06-12 14:28:03 [INFO] [FederationTool] 윈도우 전환 준비: handles=['B9E8D10608ED505BDF097BF4EDD224DD', '141780345C24742577058ACDF6898424'], current_url=https://www.longtermcare.or.kr/npbs/r/a/104/selectMyBlog.web?menuId=npe0000002835&ltcAdminSym=14183000214
2026-06-12 14:28:03 [INFO] [FederationTool] 로그인 후 공단 청구 자동화 초기화 중...
2026-06-12 14:28:04 [INFO] [FederationTool] 브라우저 윈도우/탭 2번으로 전환했습니다.
2026-06-12 14:28:04 [INFO] [FederationTool] [스냅샷] 초기 상태: handles=['B9E8D10608ED505BDF097BF4EDD224DD', '141780345C24742577058ACDF6898424'], current=141780345C24742577058ACDF6898424, title=장기요양정보시스템, url=https://www.longtermcare.or.kr/npbs/xui/manage.html?SESSIONCHECK!XfsTQ1i50HFU1LW6gDxeDoPnz30h50j1jdg7yFaPA2IafyajTLH11ndKFmL07k3d.amV1c19kb21haW4vbnBic19vcHJfbmV3MTE=&gv_xgateUrl!www.longtermcare.or.kr&gv_isPMSQ!Y&gv_initMenuId!null
2026-06-12 14:28:04 [INFO] [FederationTool] [단계] 팝업 닫기 시작
2026-06-12 14:28:04 [INFO] [FederationTool] 열려있는 알림/모달/팝업 닫기 시도
2026-06-12 14:28:04 [INFO] [FederationTool] [스냅샷] 팝업 닫기 전: handles=['B9E8D10608ED505BDF097BF4EDD224DD', '141780345C24742577058ACDF6898424'], current=141780345C24742577058ACDF6898424, title=장기요양정보시스템, url=https://www.longtermcare.or.kr/npbs/xui/manage.html?SESSIONCHECK!XfsTQ1i50HFU1LW6gDxeDoPnz30h50j1jdg7yFaPA2IafyajTLH11ndKFmL07k3d.amV1c19kb21haW4vbnBic19vcHJfbmV3MTE=&gv_xgateUrl!www.longtermcare.or.kr&gv_isPMSQ!Y&gv_initMenuId!null
2026-06-12 14:28:04 [INFO] [FederationTool] [popup_window_close] closed=1 handles_before=['B9E8D10608ED505BDF097BF4EDD224DD', '141780345C24742577058ACDF6898424']
2026-06-12 14:28:04 [INFO] [FederationTool] [popup_close] attempt=1
2026-06-12 14:28:04 [INFO] [FederationTool] [요소조회] 공통 버튼 - 닫기 by=xpath value=//button[normalize-space(.)='닫기'] found=0
2026-06-12 14:28:04 [INFO] [FederationTool] [요소조회] 공통 버튼 - 확인 by=xpath value=//button[normalize-space(.)='확인'] found=0
2026-06-12 14:28:04 [INFO] [FederationTool] [요소조회] 공통 링크 - 닫기 by=xpath value=//a[normalize-space(.)='닫기'] found=0
2026-06-12 14:28:04 [INFO] [FederationTool] [요소조회] 공통 링크 - 확인 by=xpath value=//a[normalize-space(.)='확인'] found=0
2026-06-12 14:28:04 [INFO] [FederationTool] [optional_skip] layer_popup_close: selector empty
2026-06-12 14:28:04 [INFO] [FederationTool] [optional_skip] layer_popup_confirm: selector empty
2026-06-12 14:28:04 [INFO] [FederationTool] [optional_skip] browser_popup_close_button: selector empty
2026-06-12 14:28:04 [INFO] [FederationTool] [요소조회] first_modal_close (첫 모달 닫기) by=xpath value=/html/body/div[2]/div[3]/div/div[1]/div/div/div/div/div/div[3]/div/div[2] found=1 timeout=3
2026-06-12 14:28:04 [INFO] [FederationTool] [요소조회] first_modal_close[1] displayed=True enabled=True text=닫기
2026-06-12 14:28:04 [INFO] [FederationTool] [action] first_modal_close: click
2026-06-12 14:28:04 [INFO] [FederationTool] [optional_click_ok] first_modal_close
2026-06-12 14:28:04 [INFO] [FederationTool] [요소조회] second_modal_close (두 번째 모달 닫기) by=xpath value=/html/body/div[2]/div[2]/div/div[1]/div/div/div/div/div/div[3]/div/div[2] found=1 timeout=3
2026-06-12 14:28:04 [INFO] [FederationTool] [요소조회] second_modal_close[1] displayed=True enabled=True text=닫기
2026-06-12 14:28:04 [INFO] [FederationTool] [action] second_modal_close: click
2026-06-12 14:28:04 [INFO] [FederationTool] [optional_click_ok] second_modal_close
2026-06-12 14:28:04 [INFO] [FederationTool] [optional_skip] claim_page_warning_close: selector empty
2026-06-12 14:28:04 [INFO] [FederationTool] [optional_skip] operation_guide_close: selector empty
2026-06-12 14:28:04 [INFO] [FederationTool] [frame_search] iframe found=1
2026-06-12 14:28:04 [INFO] [FederationTool] [frame_enter] iframe 1/1
2026-06-12 14:28:04 [INFO] [FederationTool] [요소조회] 공통 버튼 - 닫기 by=xpath value=//button[normalize-space(.)='닫기'] found=0
2026-06-12 14:28:04 [INFO] [FederationTool] [요소조회] 공통 버튼 - 확인 by=xpath value=//button[normalize-space(.)='확인'] found=0
2026-06-12 14:28:04 [INFO] [FederationTool] [요소조회] 공통 링크 - 닫기 by=xpath value=//a[normalize-space(.)='닫기'] found=0
2026-06-12 14:28:04 [INFO] [FederationTool] [요소조회] 공통 링크 - 확인 by=xpath value=//a[normalize-space(.)='확인'] found=0
2026-06-12 14:28:04 [INFO] [FederationTool] [optional_skip] layer_popup_close: selector empty
2026-06-12 14:28:04 [INFO] [FederationTool] [optional_skip] layer_popup_confirm: selector empty
2026-06-12 14:28:04 [INFO] [FederationTool] [optional_skip] browser_popup_close_button: selector empty
2026-06-12 14:28:04 [INFO] [FederationTool] [optional_skip] first_modal_close: already clicked
2026-06-12 14:28:04 [INFO] [FederationTool] [optional_skip] second_modal_close: already clicked
2026-06-12 14:28:04 [INFO] [FederationTool] [optional_skip] claim_page_warning_close: selector empty
2026-06-12 14:28:04 [INFO] [FederationTool] [optional_skip] operation_guide_close: selector empty
2026-06-12 14:28:04 [INFO] [FederationTool] [popup_close] clicked; stop retry: ['first_modal_close', 'second_modal_close']
2026-06-12 14:28:04 [INFO] [FederationTool] [스냅샷] 팝업 닫기 후: handles=['141780345C24742577058ACDF6898424'], current=141780345C24742577058ACDF6898424, title=장기요양정보시스템, url=https://www.longtermcare.or.kr/npbs/xui/manage.html?SESSIONCHECK!XfsTQ1i50HFU1LW6gDxeDoPnz30h50j1jdg7yFaPA2IafyajTLH11ndKFmL07k3d.amV1c19kb21haW4vbnBic19vcHJfbmV3MTE=&gv_xgateUrl!www.longtermcare.or.kr&gv_isPMSQ!Y&gv_initMenuId!null
2026-06-12 14:28:04 [INFO] [FederationTool] [단계] 급여비용청구 메뉴 열기
2026-06-12 14:28:04 [INFO] [FederationTool] 상단 메뉴 급여비용청구 열기
2026-06-12 14:28:04 [INFO] [FederationTool] [action] main_menu: hover_click
2026-06-12 14:28:05 [INFO] [FederationTool] [navbar] click payroll_claim_dropdown
2026-06-12 14:28:05 [INFO] [FederationTool] [click_wait] payroll_claim_dropdown (드롭다운 메뉴 - 급여비용청구) by=xpath value=//*[text()='급여비용청구' and @id='mainframe.VFrameSet.frameTop.form.pmnu_subMenu.popupmenuitem.popupmenuitemtext:text'] timeout=5
2026-06-12 14:28:05 [INFO] [FederationTool] [action] payroll_claim_dropdown: click
2026-06-12 14:28:05 [INFO] [FederationTool] [click_ok] payroll_claim_dropdown
2026-06-12 14:28:05 [INFO] [FederationTool] [단계] 메뉴 진입 후 팝업 정리
2026-06-12 14:28:05 [INFO] [FederationTool] 열려있는 알림/모달/팝업 닫기 시도
2026-06-12 14:28:05 [INFO] [FederationTool] [스냅샷] 팝업 닫기 전: handles=['141780345C24742577058ACDF6898424'], current=141780345C24742577058ACDF6898424, title=장기요양정보시스템, url=https://www.longtermcare.or.kr/npbs/xui/manage.html?SESSIONCHECK!XfsTQ1i50HFU1LW6gDxeDoPnz30h50j1jdg7yFaPA2IafyajTLH11ndKFmL07k3d.amV1c19kb21haW4vbnBic19vcHJfbmV3MTE=&gv_xgateUrl!www.longtermcare.or.kr&gv_isPMSQ!Y&gv_initMenuId!null
2026-06-12 14:28:05 [INFO] [FederationTool] [popup_window_close] closed=0 handles_before=['141780345C24742577058ACDF6898424']
2026-06-12 14:28:05 [INFO] [FederationTool] [popup_close] attempt=1
2026-06-12 14:28:05 [INFO] [FederationTool] [요소조회] 공통 버튼 - 닫기 by=xpath value=//button[normalize-space(.)='닫기'] found=0
2026-06-12 14:28:05 [INFO] [FederationTool] [요소조회] 공통 버튼 - 확인 by=xpath value=//button[normalize-space(.)='확인'] found=0
2026-06-12 14:28:05 [INFO] [FederationTool] [요소조회] 공통 링크 - 닫기 by=xpath value=//a[normalize-space(.)='닫기'] found=0
2026-06-12 14:28:05 [INFO] [FederationTool] [요소조회] 공통 링크 - 확인 by=xpath value=//a[normalize-space(.)='확인'] found=0
2026-06-12 14:28:05 [INFO] [FederationTool] [optional_skip] layer_popup_close: selector empty
2026-06-12 14:28:05 [INFO] [FederationTool] [optional_skip] layer_popup_confirm: selector empty
2026-06-12 14:28:05 [INFO] [FederationTool] [optional_skip] browser_popup_close_button: selector empty
2026-06-12 14:28:05 [INFO] [FederationTool] [요소조회] first_modal_close (첫 모달 닫기) by=xpath value=/html/body/div[2]/div[3]/div/div[1]/div/div/div/div/div/div[3]/div/div[2] found=0 timeout=3
2026-06-12 14:28:09 [INFO] [FederationTool] [optional_not_found] first_modal_close: no clickable element within 3s
2026-06-12 14:28:09 [INFO] [FederationTool] [요소조회] second_modal_close (두 번째 모달 닫기) by=xpath value=/html/body/div[2]/div[2]/div/div[1]/div/div/div/div/div/div[3]/div/div[2] found=0 timeout=3
2026-06-12 14:28:12 [INFO] [FederationTool] [optional_not_found] second_modal_close: no clickable element within 3s
2026-06-12 14:28:12 [INFO] [FederationTool] [optional_skip] claim_page_warning_close: selector empty
2026-06-12 14:28:12 [INFO] [FederationTool] [optional_skip] operation_guide_close: selector empty
2026-06-12 14:28:12 [INFO] [FederationTool] [frame_search] iframe found=1
2026-06-12 14:28:12 [INFO] [FederationTool] [frame_enter] iframe 1/1
2026-06-12 14:28:12 [INFO] [FederationTool] [요소조회] 공통 버튼 - 닫기 by=xpath value=//button[normalize-space(.)='닫기'] found=0
2026-06-12 14:28:12 [INFO] [FederationTool] [요소조회] 공통 버튼 - 확인 by=xpath value=//button[normalize-space(.)='확인'] found=0
2026-06-12 14:28:12 [INFO] [FederationTool] [요소조회] 공통 링크 - 닫기 by=xpath value=//a[normalize-space(.)='닫기'] found=0
2026-06-12 14:28:12 [INFO] [FederationTool] [요소조회] 공통 링크 - 확인 by=xpath value=//a[normalize-space(.)='확인'] found=0
2026-06-12 14:28:12 [INFO] [FederationTool] [optional_skip] layer_popup_close: selector empty
2026-06-12 14:28:12 [INFO] [FederationTool] [optional_skip] layer_popup_confirm: selector empty
2026-06-12 14:28:12 [INFO] [FederationTool] [optional_skip] browser_popup_close_button: selector empty
2026-06-12 14:28:12 [INFO] [FederationTool] [요소조회] first_modal_close (첫 모달 닫기) by=xpath value=/html/body/div[2]/div[3]/div/div[1]/div/div/div/div/div/div[3]/div/div[2] found=0 timeout=3
2026-06-12 14:28:15 [INFO] [FederationTool] [optional_not_found] first_modal_close: no clickable element within 3s
2026-06-12 14:28:15 [INFO] [FederationTool] [요소조회] second_modal_close (두 번째 모달 닫기) by=xpath value=/html/body/div[2]/div[2]/div/div[1]/div/div/div/div/div/div[3]/div/div[2] found=0 timeout=3
2026-06-12 14:28:18 [INFO] [FederationTool] [optional_not_found] second_modal_close: no clickable element within 3s
2026-06-12 14:28:18 [INFO] [FederationTool] [optional_skip] claim_page_warning_close: selector empty
2026-06-12 14:28:18 [INFO] [FederationTool] [optional_skip] operation_guide_close: selector empty
2026-06-12 14:28:18 [INFO] [FederationTool] [popup_close] attempt=2
2026-06-12 14:28:18 [INFO] [FederationTool] [요소조회] 공통 버튼 - 닫기 by=xpath value=//button[normalize-space(.)='닫기'] found=0
2026-06-12 14:28:18 [INFO] [FederationTool] [요소조회] 공통 버튼 - 확인 by=xpath value=//button[normalize-space(.)='확인'] found=0
2026-06-12 14:28:18 [INFO] [FederationTool] [요소조회] 공통 링크 - 닫기 by=xpath value=//a[normalize-space(.)='닫기'] found=0
2026-06-12 14:28:18 [INFO] [FederationTool] [요소조회] 공통 링크 - 확인 by=xpath value=//a[normalize-space(.)='확인'] found=0
2026-06-12 14:28:18 [INFO] [FederationTool] [optional_skip] layer_popup_close: selector empty
2026-06-12 14:28:18 [INFO] [FederationTool] [optional_skip] layer_popup_confirm: selector empty
2026-06-12 14:28:18 [INFO] [FederationTool] [optional_skip] browser_popup_close_button: selector empty
2026-06-12 14:28:18 [INFO] [FederationTool] [요소조회] first_modal_close (첫 모달 닫기) by=xpath value=/html/body/div[2]/div[3]/div/div[1]/div/div/div/div/div/div[3]/div/div[2] found=0 timeout=3
2026-06-12 14:28:21 [INFO] [FederationTool] [optional_not_found] first_modal_close: no clickable element within 3s
2026-06-12 14:28:21 [INFO] [FederationTool] [요소조회] second_modal_close (두 번째 모달 닫기) by=xpath value=/html/body/div[2]/div[2]/div/div[1]/div/div/div/div/div/div[3]/div/div[2] found=0 timeout=3
2026-06-12 14:28:23 [INFO] [FederationTool] [요소처리오류] second_modal_close: InvalidSessionIdException: Message: invalid session id: session deleted as the browser has closed the connection
from disconnected: not connected to DevTools
  (Session info: chrome=149.0.7827.104); For documentation on this error, please visit: https://www.selenium.dev/documentation/webdriver/troubleshooting/errors#invalidsessionidexception
Stacktrace:
	chromedriver!GetHandleVerifier [0x7ff6ad68fd95+15395]
	chromedriver!GetHandleVerifier [0x7ff6ad68fdf0+153f0]
	chromedriver!(No symbol) [0x7ff6ad1c78fd]
	chromedriver!(No symbol) [0x7ff6ad1b2d72]
	chromedriver!(No symbol) [0x7ff6ad1d9046]
	chromedriver!(No symbol) [0x7ff6ad251480]
	chromedriver!(No symbol) [0x7ff6ad26e3d2]
	chromedriver!(No symbol) [0x7ff6ad213a58]
	chromedriver!(No symbol) [0x7ff6ad214953]
	chromedriver!GetHandleVerifier [0x7ff6adc55511+5dab11]
	chromedriver!GetHandleVerifier [0x7ff6adc4f8fb+5d4efb]
	chromedriver!GetHandleVerifier [0x7ff6adc73205+5f8805]
	chromedriver!GetHandleVerifier [0x7ff6ad6acc6e+3226e]
	chromedriver!GetHandleVerifier [0x7ff6ad6b562c+3ac2c]
	chromedriver!GetHandleVerifier [0x7ff6ad699984+1ef84]
	chromedriver!GetHandleVerifier [0x7ff6ad699b14+1f114]
	chromedriver!GetHandleVerifier [0x7ff6ad67ca77+2077]
	KERNEL32!BaseThreadInitThunk [0x7ffbfebee957+17]
	ntdll!RtlUserThreadStart [0x7ffbff647c1c+2c]

2026-06-12 14:28:23 [INFO] [FederationTool] [optional_skip] claim_page_warning_close: selector empty
2026-06-12 14:28:23 [INFO] [FederationTool] [optional_skip] operation_guide_close: selector empty
2026-06-12 14:28:23 [ERROR] [FederationTool] 청구 명세서 자동화 중 오류: Message: invalid session id; For documentation on this error, please visit: https://www.selenium.dev/documentation/webdriver/troubleshooting/errors#invalidsessionidexception
Stacktrace:
	chromedriver!GetHandleVerifier [0x7ff6ad68fd95+15395]
	chromedriver!GetHandleVerifier [0x7ff6ad68fdf0+153f0]
	chromedriver!(No symbol) [0x7ff6ad1c76e6]
	chromedriver!(No symbol) [0x7ff6ad212ad3]
	chromedriver!(No symbol) [0x7ff6ad249c82]
	chromedriver!(No symbol) [0x7ff6ad243aa2]
	chromedriver!(No symbol) [0x7ff6ad243263]
	chromedriver!(No symbol) [0x7ff6ad1903e5]
	chromedriver!GetHandleVerifier [0x7ff6adc55511+5dab11]
	chromedriver!GetHandleVerifier [0x7ff6adc4f8fb+5d4efb]
	chromedriver!GetHandleVerifier [0x7ff6adc73205+5f8805]
	chromedriver!GetHandleVerifier [0x7ff6ad6acc6e+3226e]
	chromedriver!GetHandleVerifier [0x7ff6ad6b562c+3ac2c]
	chromedriver!(No symbol) [0x7ff6ad18f188]
	chromedriver!GetHandleVerifier [0x7ff6ade11238+796838]
	KERNEL32!BaseThreadInitThunk [0x7ffbfebee957+17]
	ntdll!RtlUserThreadStart [0x7ffbff647c1c+2c]

2026-06-12 14:28:55 [INFO] [LoginTool] [운양점] 로그인 시도, 기관기호=14157000521, 타입=롱텀
2026-06-12 14:29:11 [WARNING] [LoginTool] 공단 메인 프레임 확인 대기 10초 초과 - 자동화 단계로 계속 진행합니다.
2026-06-12 14:29:11 [INFO] [LoginTool] 롱텀 공단 로그인 절차를 완료했습니다.
2026-06-12 14:29:16 [INFO] [LoginTool] [화성점] 로그인 시도, 기관기호=14159000792, 타입=롱텀
2026-06-12 14:29:31 [WARNING] [LoginTool] 공단 메인 프레임 확인 대기 10초 초과 - 자동화 단계로 계속 진행합니다.
2026-06-12 14:29:32 [INFO] [LoginTool] 롱텀 공단 로그인 절차를 완료했습니다.
2026-06-12 14:35:11 [INFO] [LoginTool] [성남점] 로그인 시도, 기관기호=14113000834, 타입=케어포
2026-06-12 14:35:14 [INFO] [LoginTool] 케어포 로그인 필드 입력 및 버튼 클릭을 완료했습니다.
2026-06-12 14:40:26 [INFO] [LoginTool] [분당3관] 로그인 시도, 기관기호=14161000224, 타입=케어포
2026-06-12 14:40:28 [INFO] [LoginTool] 케어포 로그인 필드 입력 및 버튼 클릭을 완료했습니다.
2026-06-12 14:42:13 [INFO] [LoginTool] [분당3관] 로그인 시도, 기관기호=14161000224, 타입=롱텀
2026-06-12 14:42:29 [WARNING] [LoginTool] 공단 메인 프레임 확인 대기 10초 초과 - 자동화 단계로 계속 진행합니다.
2026-06-12 14:42:29 [INFO] [LoginTool] 롱텀 공단 로그인 절차를 완료했습니다.
2026-06-12 16:31:53 [INFO] [LoginTool] [아산점] 로그인 시도, 기관기호=14420000352, 타입=케어포
2026-06-12 16:31:55 [INFO] [LoginTool] 케어포 로그인 필드 입력 및 버튼 클릭을 완료했습니다.
2026-06-12 16:43:34 [INFO] [LoginTool] [분당점] 로그인 시도, 기관기호=14161000183, 타입=케어포
2026-06-12 16:43:37 [INFO] [LoginTool] 케어포 로그인 필드 입력 및 버튼 클릭을 완료했습니다.
2026-06-12 16:46:08 [INFO] [LoginTool] [분당3관] 로그인 시도, 기관기호=14161000224, 타입=롱텀
2026-06-12 16:46:23 [WARNING] [LoginTool] 공단 메인 프레임 확인 대기 10초 초과 - 자동화 단계로 계속 진행합니다.
2026-06-12 16:46:23 [INFO] [LoginTool] 롱텀 공단 로그인 절차를 완료했습니다.
2026-06-12 16:47:13 [INFO] [LoginTool] [분당점] 로그인 시도, 기관기호=14161000183, 타입=롱텀
2026-06-12 16:47:29 [WARNING] [LoginTool] 공단 메인 프레임 확인 대기 10초 초과 - 자동화 단계로 계속 진행합니다.
2026-06-12 16:47:29 [INFO] [LoginTool] 롱텀 공단 로그인 절차를 완료했습니다.
2026-06-12 16:48:27 [INFO] [LoginTool] [분당점] 로그인 시도, 기관기호=14161000183, 타입=케어포
2026-06-12 16:48:29 [INFO] [LoginTool] 케어포 로그인 필드 입력 및 버튼 클릭을 완료했습니다.
2026-06-12 16:54:55 [INFO] [LoginTool] [수원점] 로그인 시도, 기관기호=14111000765, 타입=케어포
2026-06-12 16:54:58 [INFO] [LoginTool] 케어포 로그인 필드 입력 및 버튼 클릭을 완료했습니다.
2026-06-12 16:55:03 [INFO] [LoginTool] [양평점] 로그인 시도, 기관기호=14183000182, 타입=케어포
2026-06-12 16:55:06 [INFO] [LoginTool] 케어포 로그인 필드 입력 및 버튼 클릭을 완료했습니다.
2026-06-12 16:57:03 [INFO] [LoginTool] [장기점] 로그인 시도, 기관기호=14157000438, 타입=케어포
2026-06-12 16:57:05 [INFO] [LoginTool] 케어포 로그인 필드 입력 및 버튼 클릭을 완료했습니다.
2026-06-12 17:07:12 [INFO] [LoginTool] [성남점] 로그인 시도, 기관기호=14113000834, 타입=케어포
2026-06-12 17:07:14 [INFO] [LoginTool] 케어포 로그인 필드 입력 및 버튼 클릭을 완료했습니다.
2026-06-12 17:25:40 [INFO] [LoginTool] [장기점] 로그인 시도, 기관기호=14157000438, 타입=케어포
2026-06-12 17:25:42 [INFO] [LoginTool] 케어포 로그인 필드 입력 및 버튼 클릭을 완료했습니다.
2026-06-12 17:26:02 [INFO] [LoginTool] [청운점] 로그인 시도, 기관기호=14183000214, 타입=케어포
2026-06-12 17:26:05 [INFO] [LoginTool] 케어포 로그인 필드 입력 및 버튼 클릭을 완료했습니다.
2026-06-12 17:26:38 [INFO] [LoginTool] [천안점] 로그인 시도, 기관기호=14413000646, 타입=케어포
2026-06-12 17:26:40 [INFO] [LoginTool] 케어포 로그인 필드 입력 및 버튼 클릭을 완료했습니다.
2026-06-12 17:29:16 [INFO] [LoginTool] [아산점] 로그인 시도, 기관기호=14420000352, 타입=케어포
2026-06-12 17:29:19 [INFO] [LoginTool] 케어포 로그인 필드 입력 및 버튼 클릭을 완료했습니다.
2026-06-12 17:35:22 [INFO] [LoginTool] [양천점] 로그인 시도, 기관기호=11147000548, 타입=케어포
2026-06-12 17:35:24 [INFO] [LoginTool] 케어포 로그인 필드 입력 및 버튼 클릭을 완료했습니다.
2026-06-12 17:59:24 [INFO] [LoginTool] [화성점] 로그인 시도, 기관기호=14159000792, 타입=케어포
2026-06-12 17:59:27 [INFO] [LoginTool] 케어포 로그인 필드 입력 및 버튼 클릭을 완료했습니다.
2026-06-12 18:04:25 [INFO] [LoginTool] [운양점] 로그인 시도, 기관기호=14157000521, 타입=케어포
2026-06-12 18:04:28 [INFO] [LoginTool] 케어포 로그인 필드 입력 및 버튼 클릭을 완료했습니다.
2026-06-22 08:12:10 [INFO] [LoginTool] [장기점] 로그인 시도, 기관기호=14157000438, 타입=케어포
2026-06-22 08:12:17 [INFO] [LoginTool] 케어포 로그인 필드 입력 및 버튼 클릭을 완료했습니다.
2026-06-22 08:24:12 [INFO] [LoginTool] [장기점] 로그인 시도, 기관기호=14157000438, 타입=롱텀
2026-06-22 08:24:30 [WARNING] [LoginTool] 공단 메인 프레임 확인 대기 10초 초과 - 자동화 단계로 계속 진행합니다.
2026-06-22 08:24:30 [INFO] [LoginTool] 롱텀 공단 로그인 절차를 완료했습니다.
2026-06-22 08:25:18 [INFO] [LoginTool] [장기점] 로그인 시도, 기관기호=14157000438, 타입=케어포
2026-06-22 08:25:21 [INFO] [LoginTool] 케어포 로그인 필드 입력 및 버튼 클릭을 완료했습니다.
2026-06-22 08:26:19 [INFO] [LoginTool] [장기점] 로그인 시도, 기관기호=14157000438, 타입=케어포
2026-06-22 08:26:21 [INFO] [LoginTool] 케어포 로그인 필드 입력 및 버튼 클릭을 완료했습니다.
2026-06-22 10:34:29 [INFO] [LoginTool] [일산본점] 로그인 시도, 기관기호=14128001633, 타입=롱텀
2026-06-22 10:34:45 [WARNING] [LoginTool] 공단 메인 프레임 확인 대기 10초 초과 - 자동화 단계로 계속 진행합니다.
2026-06-22 10:34:45 [INFO] [LoginTool] 롱텀 공단 로그인 절차를 완료했습니다.
2026-06-22 10:57:37 [INFO] [LoginTool] [일산본점] 로그인 시도, 기관기호=14128001633, 타입=케어포
2026-06-22 10:57:40 [INFO] [LoginTool] 케어포 로그인 필드 입력 및 버튼 클릭을 완료했습니다.
2026-06-22 11:19:51 [INFO] [LoginTool] [아산점] 로그인 시도, 기관기호=14420000352, 타입=케어포
2026-06-22 11:19:54 [INFO] [LoginTool] 케어포 로그인 필드 입력 및 버튼 클릭을 완료했습니다.
2026-06-22 11:29:47 [INFO] [LoginTool] [수원점] 로그인 시도, 기관기호=14111000765, 타입=케어포
2026-06-22 11:29:50 [INFO] [LoginTool] 케어포 로그인 필드 입력 및 버튼 클릭을 완료했습니다.
2026-06-22 11:30:45 [INFO] [LoginTool] [수원점] 로그인 시도, 기관기호=14111000765, 타입=케어포
2026-06-22 11:30:48 [INFO] [LoginTool] 케어포 로그인 필드 입력 및 버튼 클릭을 완료했습니다.
2026-06-22 11:51:57 [INFO] [LoginTool] [아산점] 로그인 시도, 기관기호=14420000352, 타입=케어포
2026-06-22 11:52:00 [INFO] [LoginTool] 케어포 로그인 필드 입력 및 버튼 클릭을 완료했습니다.
2026-06-22 11:53:57 [INFO] [LoginTool] [일산본점] 로그인 시도, 기관기호=14128001633, 타입=케어포
2026-06-22 11:53:59 [INFO] [LoginTool] 케어포 로그인 필드 입력 및 버튼 클릭을 완료했습니다.
2026-06-22 13:01:07 [INFO] [LoginTool] [성남점] 로그인 시도, 기관기호=14113000834, 타입=케어포
2026-06-22 13:01:10 [INFO] [LoginTool] 케어포 로그인 필드 입력 및 버튼 클릭을 완료했습니다.
2026-06-22 13:41:22 [INFO] [LoginTool] [분당점] 로그인 시도, 기관기호=14161000183, 타입=케어포
2026-06-22 13:41:25 [INFO] [LoginTool] 케어포 로그인 필드 입력 및 버튼 클릭을 완료했습니다.
2026-06-22 13:41:25 [INFO] [LoginTool] [분당점] 로그인 시도, 기관기호=14161000183, 타입=롱텀
2026-06-22 13:41:41 [WARNING] [LoginTool] 공단 메인 프레임 확인 대기 10초 초과 - 자동화 단계로 계속 진행합니다.
2026-06-22 13:41:41 [INFO] [LoginTool] 롱텀 공단 로그인 절차를 완료했습니다.
2026-06-22 16:02:18 [INFO] [LoginTool] [운양점] 로그인 시도, 기관기호=14157000521, 타입=롱텀
2026-06-22 16:02:33 [WARNING] [LoginTool] 공단 메인 프레임 확인 대기 10초 초과 - 자동화 단계로 계속 진행합니다.
2026-06-22 16:02:33 [INFO] [LoginTool] 롱텀 공단 로그인 절차를 완료했습니다.
2026-06-22 17:58:03 [INFO] [LoginTool] [분당점] 로그인 시도, 기관기호=14161000183, 타입=롱텀
2026-06-22 17:58:18 [WARNING] [LoginTool] 공단 메인 프레임 확인 대기 10초 초과 - 자동화 단계로 계속 진행합니다.
2026-06-22 17:58:18 [INFO] [LoginTool] 롱텀 공단 로그인 절차를 완료했습니다.
2026-06-23 09:11:24 [INFO] [LoginTool] [분당점] 로그인 시도, 기관기호=14161000183, 타입=롱텀
2026-06-23 09:11:33 [ERROR] [LoginTool] Chrome 자동화 실패: Alert Text: 인증서 암호를 입력하십시오.
Message: unexpected alert open: {Alert text : 인증서 암호를 입력하십시오.}
  (Session info: chrome=149.0.7827.115)
Stacktrace:
	chromedriver!GetHandleVerifier [0x7ff633173fa5+14925]
	chromedriver!GetHandleVerifier [0x7ff633174000+14980]
	chromedriver!(No symbol) [0x7ff632cb793d]
	chromedriver!(No symbol) [0x7ff632d5fe3d]
	chromedriver!(No symbol) [0x7ff632d0401c]
	chromedriver!(No symbol) [0x7ff632d04f43]
	chromedriver!GetHandleVerifier [0x7ff633757591+5f7f11]
	chromedriver!GetHandleVerifier [0x7ff633751902+5f2282]
	chromedriver!GetHandleVerifier [0x7ff633777115+617a95]
	chromedriver!GetHandleVerifier [0x7ff633191dce+3274e]
	chromedriver!GetHandleVerifier [0x7ff63319a82c+3b1ac]
	chromedriver!GetHandleVerifier [0x7ff63317d744+1e0c4]
	chromedriver!GetHandleVerifier [0x7ff63317d8d4+1e254]
	chromedriver!GetHandleVerifier [0x7ff633161447+1dc7]
	KERNEL32!BaseThreadInitThunk [0x7ffc6407e957+17]
	ntdll!RtlUserThreadStart [0x7ffc65ca7c1c+2c]

2026-06-23 09:16:31 [INFO] [LoginTool] [일산본점] 로그인 시도, 기관기호=14128001633, 타입=케어포
2026-06-23 09:16:33 [INFO] [LoginTool] 케어포 로그인 필드 입력 및 버튼 클릭을 완료했습니다.
2026-06-23 11:12:06 [INFO] [LoginTool] [양천점] 로그인 시도, 기관기호=11147000548, 타입=케어포
2026-06-23 11:12:09 [INFO] [LoginTool] 케어포 로그인 필드 입력 및 버튼 클릭을 완료했습니다.
2026-06-23 11:23:58 [INFO] [LoginTool] [장기점] 로그인 시도, 기관기호=14157000438, 타입=케어포
2026-06-23 11:24:00 [INFO] [LoginTool] 케어포 로그인 필드 입력 및 버튼 클릭을 완료했습니다.
2026-06-23 11:33:09 [INFO] [LoginTool] [일산본점] 로그인 시도, 기관기호=14128001633, 타입=롱텀
2026-06-23 11:33:25 [WARNING] [LoginTool] 공단 메인 프레임 확인 대기 10초 초과 - 자동화 단계로 계속 진행합니다.
2026-06-23 11:33:25 [INFO] [LoginTool] 롱텀 공단 로그인 절차를 완료했습니다.
2026-06-23 11:44:20 [INFO] [LoginTool] [운양점] 로그인 시도, 기관기호=14157000521, 타입=롱텀
2026-06-23 11:44:37 [WARNING] [LoginTool] 공단 메인 프레임 확인 대기 10초 초과 - 자동화 단계로 계속 진행합니다.
2026-06-23 11:44:37 [INFO] [LoginTool] 롱텀 공단 로그인 절차를 완료했습니다.
2026-06-23 11:48:07 [INFO] [LoginTool] [아산점] 로그인 시도, 기관기호=14420000352, 타입=케어포
2026-06-23 11:48:10 [INFO] [LoginTool] 케어포 로그인 필드 입력 및 버튼 클릭을 완료했습니다.
2026-06-23 11:53:51 [INFO] [LoginTool] [아산점] 로그인 시도, 기관기호=14420000352, 타입=롱텀
2026-06-23 11:54:07 [WARNING] [LoginTool] 공단 메인 프레임 확인 대기 10초 초과 - 자동화 단계로 계속 진행합니다.
2026-06-23 11:54:07 [INFO] [LoginTool] 롱텀 공단 로그인 절차를 완료했습니다.
2026-06-23 13:21:00 [INFO] [LoginTool] [아산점] 로그인 시도, 기관기호=14420000352, 타입=롱텀
2026-06-23 13:21:16 [WARNING] [LoginTool] 공단 메인 프레임 확인 대기 10초 초과 - 자동화 단계로 계속 진행합니다.
2026-06-23 13:21:16 [INFO] [LoginTool] 롱텀 공단 로그인 절차를 완료했습니다.
2026-06-23 13:47:06 [INFO] [LoginTool] [장기점] 로그인 시도, 기관기호=14157000438, 타입=롱텀
2026-06-23 13:47:22 [WARNING] [LoginTool] 공단 메인 프레임 확인 대기 10초 초과 - 자동화 단계로 계속 진행합니다.
2026-06-23 13:47:22 [INFO] [LoginTool] 롱텀 공단 로그인 절차를 완료했습니다.
2026-06-23 13:51:44 [INFO] [LoginTool] [장기점] 로그인 시도, 기관기호=14157000438, 타입=케어포
2026-06-23 13:51:47 [INFO] [LoginTool] 케어포 로그인 필드 입력 및 버튼 클릭을 완료했습니다.
2026-06-23 14:02:59 [INFO] [LoginTool] [장기점] 로그인 시도, 기관기호=14157000438, 타입=롱텀
2026-06-23 14:03:15 [WARNING] [LoginTool] 공단 메인 프레임 확인 대기 10초 초과 - 자동화 단계로 계속 진행합니다.
2026-06-23 14:03:15 [INFO] [LoginTool] 롱텀 공단 로그인 절차를 완료했습니다.
2026-06-23 14:05:50 [INFO] [LoginTool] [장기점] 로그인 시도, 기관기호=14157000438, 타입=케어포
2026-06-23 14:05:52 [INFO] [LoginTool] 케어포 로그인 필드 입력 및 버튼 클릭을 완료했습니다.
2026-06-23 15:12:56 [INFO] [LoginTool] [아산점] 로그인 시도, 기관기호=14420000352, 타입=케어포
2026-06-23 15:12:59 [INFO] [LoginTool] 케어포 로그인 필드 입력 및 버튼 클릭을 완료했습니다.
